experiment,variable,time_yr,value
SPIN,ocn_temp,0.5,10.030544
SPIN,ocn_temp,1.5,10.08471
SPIN,ocn_temp,2.5,10.129888
SPIN,ocn_temp,3.5,10.169254
SPIN,ocn_temp,4.5,10.204776
SPIN,ocn_temp,5.5,10.237223
SPIN,ocn_temp,6.5,10.267147
SPIN,ocn_temp,7.5,10.294941
SPIN,ocn_temp,8.5,10.320902
SPIN,ocn_temp,9.5,10.345251
SPIN,ocn_temp,10.5,10.368157
SPIN,ocn_temp,11.5,10.38977
SPIN,ocn_temp,12.5,10.410214
SPIN,ocn_temp,13.5,10.429602
SPIN,ocn_temp,14.5,10.448027
SPIN,ocn_temp,15.5,10.465573
SPIN,ocn_temp,16.5,10.482309
SPIN,ocn_temp,17.5,10.498295
SPIN,ocn_temp,18.5,10.513589
SPIN,ocn_temp,19.5,10.528237
SPIN,ocn_temp,21.5,10.555751
SPIN,ocn_temp,23.5,10.58112
SPIN,ocn_temp,25.5,10.604579
SPIN,ocn_temp,27.5,10.62632
SPIN,ocn_temp,29.5,10.646492
SPIN,ocn_temp,31.5,10.665249
SPIN,ocn_temp,33.5,10.682725
SPIN,ocn_temp,35.5,10.699056
SPIN,ocn_temp,37.5,10.714378
SPIN,ocn_temp,39.5,10.72885
SPIN,ocn_temp,41.5,10.742598
SPIN,ocn_temp,43.5,10.7557
SPIN,ocn_temp,45.5,10.768205
SPIN,ocn_temp,47.5,10.780144
SPIN,ocn_temp,49.5,10.791541
SPIN,ocn_temp,51.5,10.80242
SPIN,ocn_temp,53.5,10.81283
SPIN,ocn_temp,55.5,10.822795
SPIN,ocn_temp,57.5,10.832351
SPIN,ocn_temp,59.5,10.841534
SPIN,ocn_temp,61.5,10.850372
SPIN,ocn_temp,63.5,10.858848
SPIN,ocn_temp,65.5,10.866964
SPIN,ocn_temp,67.5,10.874744
SPIN,ocn_temp,69.5,10.88221
SPIN,ocn_temp,71.5,10.889378
SPIN,ocn_temp,73.5,10.896268
SPIN,ocn_temp,75.5,10.902898
SPIN,ocn_temp,77.5,10.909283
SPIN,ocn_temp,79.5,10.91544
SPIN,ocn_temp,81.5,10.921379
SPIN,ocn_temp,83.5,10.927111
SPIN,ocn_temp,85.5,10.932655
SPIN,ocn_temp,87.5,10.938016
SPIN,ocn_temp,89.5,10.943196
SPIN,ocn_temp,91.5,10.948206
SPIN,ocn_temp,93.5,10.953054
SPIN,ocn_temp,95.5,10.957747
SPIN,ocn_temp,97.5,10.962292
SPIN,ocn_temp,99.5,10.966698
SPIN,ocn_temp,104.5,10.977123
SPIN,ocn_temp,109.5,10.986755
SPIN,ocn_temp,114.5,10.995653
SPIN,ocn_temp,119.5,11.003863
SPIN,ocn_temp,124.5,11.011392
SPIN,ocn_temp,129.5,11.018332
SPIN,ocn_temp,134.5,11.024739
SPIN,ocn_temp,139.5,11.030658
SPIN,ocn_temp,144.5,11.03614
SPIN,ocn_temp,149.5,11.041212
SPIN,ocn_temp,154.5,11.045907
SPIN,ocn_temp,159.5,11.050257
SPIN,ocn_temp,164.5,11.054287
SPIN,ocn_temp,169.5,11.058021
SPIN,ocn_temp,174.5,11.061477
SPIN,ocn_temp,179.5,11.064677
SPIN,ocn_temp,184.5,11.067641
SPIN,ocn_temp,189.5,11.070386
SPIN,ocn_temp,194.5,11.072929
SPIN,ocn_temp,199.5,11.075284
SPIN,ocn_temp,204.5,11.07746
SPIN,ocn_temp,209.5,11.079476
SPIN,ocn_temp,214.5,11.081342
SPIN,ocn_temp,219.5,11.08307
SPIN,ocn_temp,224.5,11.084668
SPIN,ocn_temp,229.5,11.086143
SPIN,ocn_temp,234.5,11.087518
SPIN,ocn_temp,239.5,11.088794
SPIN,ocn_temp,244.5,11.089975
SPIN,ocn_temp,249.5,11.091067
SPIN,ocn_temp,254.5,11.092078
SPIN,ocn_temp,259.5,11.093011
SPIN,ocn_temp,264.5,11.093872
SPIN,ocn_temp,269.5,11.094669
SPIN,ocn_temp,274.5,11.095404
SPIN,ocn_temp,279.5,11.096085
SPIN,ocn_temp,284.5,11.096714
SPIN,ocn_temp,289.5,11.097295
SPIN,ocn_temp,294.5,11.097833
SPIN,ocn_temp,299.5,11.09833
SPIN,ocn_temp,304.5,11.098788
SPIN,ocn_temp,309.5,11.099208
SPIN,ocn_temp,314.5,11.099601
SPIN,ocn_temp,319.5,11.099965
SPIN,ocn_temp,324.5,11.1003
SPIN,ocn_temp,329.5,11.100612
SPIN,ocn_temp,334.5,11.100903
SPIN,ocn_temp,339.5,11.101173
SPIN,ocn_temp,344.5,11.101423
SPIN,ocn_temp,349.5,11.101655
SPIN,ocn_temp,354.5,11.101871
SPIN,ocn_temp,359.5,11.102071
SPIN,ocn_temp,364.5,11.102257
SPIN,ocn_temp,369.5,11.102432
SPIN,ocn_temp,374.5,11.102596
SPIN,ocn_temp,379.5,11.10275
SPIN,ocn_temp,384.5,11.102896
SPIN,ocn_temp,389.5,11.103033
SPIN,ocn_temp,394.5,11.103164
SPIN,ocn_temp,399.5,11.103288
SPIN,ocn_temp,404.5,11.103408
SPIN,ocn_temp,409.5,11.103522
SPIN,ocn_temp,414.5,11.103632
SPIN,ocn_temp,419.5,11.103739
SPIN,ocn_temp,424.5,11.103843
SPIN,ocn_temp,429.5,11.103944
SPIN,ocn_temp,434.5,11.104044
SPIN,ocn_temp,439.5,11.104143
SPIN,ocn_temp,444.5,11.10424
SPIN,ocn_temp,449.5,11.104338
SPIN,ocn_temp,454.5,11.104437
SPIN,ocn_temp,459.5,11.104536
SPIN,ocn_temp,464.5,11.104636
SPIN,ocn_temp,469.5,11.104736
SPIN,ocn_temp,474.5,11.104838
SPIN,ocn_temp,479.5,11.10494
SPIN,ocn_temp,484.5,11.105045
SPIN,ocn_temp,489.5,11.10515
SPIN,ocn_temp,494.5,11.105256
SPIN,ocn_temp,499.5,11.105364
SPIN,ocn_temp,504.5,11.105475
SPIN,ocn_temp,509.5,11.105588
SPIN,ocn_temp,514.5,11.105703
SPIN,ocn_temp,519.5,11.10582
SPIN,ocn_temp,524.5,11.105939
SPIN,ocn_temp,529.5,11.10606
SPIN,ocn_temp,534.5,11.106183
SPIN,ocn_temp,539.5,11.106309
SPIN,ocn_temp,544.5,11.106437
SPIN,ocn_temp,549.5,11.106568
SPIN,ocn_temp,554.5,11.106701
SPIN,ocn_temp,559.5,11.106837
SPIN,ocn_temp,564.5,11.106976
SPIN,ocn_temp,569.5,11.107117
SPIN,ocn_temp,574.5,11.107259
SPIN,ocn_temp,579.5,11.107404
SPIN,ocn_temp,584.5,11.107553
SPIN,ocn_temp,589.5,11.107705
SPIN,ocn_temp,594.5,11.107859
SPIN,ocn_temp,599.5,11.108016
SPIN,ocn_temp,604.5,11.108174
SPIN,ocn_temp,609.5,11.108333
SPIN,ocn_temp,614.5,11.108495
SPIN,ocn_temp,619.5,11.108659
SPIN,ocn_temp,624.5,11.108825
SPIN,ocn_temp,629.5,11.108994
SPIN,ocn_temp,634.5,11.109166
SPIN,ocn_temp,639.5,11.10934
SPIN,ocn_temp,644.5,11.109516
SPIN,ocn_temp,649.5,11.109694
SPIN,ocn_temp,654.5,11.109873
SPIN,ocn_temp,659.5,11.110055
SPIN,ocn_temp,664.5,11.110239
SPIN,ocn_temp,669.5,11.110425
SPIN,ocn_temp,674.5,11.110613
SPIN,ocn_temp,679.5,11.110802
SPIN,ocn_temp,684.5,11.110992
SPIN,ocn_temp,689.5,11.111184
SPIN,ocn_temp,694.5,11.111378
SPIN,ocn_temp,699.5,11.111572
SPIN,ocn_temp,704.5,11.111768
SPIN,ocn_temp,709.5,11.111966
SPIN,ocn_temp,714.5,11.112164
SPIN,ocn_temp,719.5,11.112364
SPIN,ocn_temp,724.5,11.112564
SPIN,ocn_temp,729.5,11.112766
SPIN,ocn_temp,734.5,11.112969
SPIN,ocn_temp,739.5,11.113173
SPIN,ocn_temp,744.5,11.113377
SPIN,ocn_temp,749.5,11.113582
SPIN,ocn_temp,754.5,11.113789
SPIN,ocn_temp,759.5,11.113996
SPIN,ocn_temp,764.5,11.114203
SPIN,ocn_temp,769.5,11.114412
SPIN,ocn_temp,774.5,11.114621
SPIN,ocn_temp,779.5,11.11483
SPIN,ocn_temp,784.5,11.115036
SPIN,ocn_temp,789.5,11.115236
SPIN,ocn_temp,794.5,11.115433
SPIN,ocn_temp,799.5,11.115631
SPIN,ocn_temp,804.5,11.115828
SPIN,ocn_temp,809.5,11.116025
SPIN,ocn_temp,814.5,11.116223
SPIN,ocn_temp,819.5,11.116422
SPIN,ocn_temp,824.5,11.11662
SPIN,ocn_temp,829.5,11.116819
SPIN,ocn_temp,834.5,11.117019
SPIN,ocn_temp,839.5,11.117219
SPIN,ocn_temp,844.5,11.11742
SPIN,ocn_temp,849.5,11.11762
SPIN,ocn_temp,854.5,11.117821
SPIN,ocn_temp,859.5,11.11802
SPIN,ocn_temp,864.5,11.118218
SPIN,ocn_temp,869.5,11.118416
SPIN,ocn_temp,874.5,11.118614
SPIN,ocn_temp,879.5,11.118812
SPIN,ocn_temp,884.5,11.119011
SPIN,ocn_temp,889.5,11.119209
SPIN,ocn_temp,894.5,11.119407
SPIN,ocn_temp,899.5,11.119605
SPIN,ocn_temp,904.5,11.119803
SPIN,ocn_temp,909.5,11.12
SPIN,ocn_temp,914.5,11.120197
SPIN,ocn_temp,919.5,11.120394
SPIN,ocn_temp,924.5,11.12059
SPIN,ocn_temp,929.5,11.120785
SPIN,ocn_temp,934.5,11.12098
SPIN,ocn_temp,939.5,11.121175
SPIN,ocn_temp,944.5,11.121368
SPIN,ocn_temp,949.5,11.121557
SPIN,ocn_temp,954.5,11.121742
SPIN,ocn_temp,959.5,11.121926
SPIN,ocn_temp,964.5,11.122109
SPIN,ocn_temp,969.5,11.122292
SPIN,ocn_temp,974.5,11.122474
SPIN,ocn_temp,979.5,11.122655
SPIN,ocn_temp,984.5,11.122835
SPIN,ocn_temp,989.5,11.123015
SPIN,ocn_temp,994.5,11.123195
SPIN,ocn_temp,999.5,11.123374
SPIN,ocn_temp,1019.5,11.124084
SPIN,ocn_temp,1039.5,11.124773
SPIN,ocn_temp,1059.5,11.125442
SPIN,ocn_temp,1079.5,11.126088
SPIN,ocn_temp,1099.5,11.126714
SPIN,ocn_temp,1119.5,11.127324
SPIN,ocn_temp,1139.5,11.127916
SPIN,ocn_temp,1159.5,11.128491
SPIN,ocn_temp,1179.5,11.129049
SPIN,ocn_temp,1199.5,11.129588
SPIN,ocn_temp,1219.5,11.130109
SPIN,ocn_temp,1239.5,11.130611
SPIN,ocn_temp,1259.5,11.131095
SPIN,ocn_temp,1279.5,11.13156
SPIN,ocn_temp,1299.5,11.132007
SPIN,ocn_temp,1319.5,11.132436
SPIN,ocn_temp,1339.5,11.132848
SPIN,ocn_temp,1359.5,11.133243
SPIN,ocn_temp,1379.5,11.133621
SPIN,ocn_temp,1399.5,11.133982
SPIN,ocn_temp,1419.5,11.134328
SPIN,ocn_temp,1439.5,11.134657
SPIN,ocn_temp,1459.5,11.134972
SPIN,ocn_temp,1479.5,11.135272
SPIN,ocn_temp,1499.5,11.135558
SPIN,ocn_temp,1519.5,11.13583
SPIN,ocn_temp,1539.5,11.136089
SPIN,ocn_temp,1559.5,11.136335
SPIN,ocn_temp,1579.5,11.136568
SPIN,ocn_temp,1599.5,11.136789
SPIN,ocn_temp,1619.5,11.136999
SPIN,ocn_temp,1639.5,11.137198
SPIN,ocn_temp,1659.5,11.137387
SPIN,ocn_temp,1679.5,11.137569
SPIN,ocn_temp,1699.5,11.137742
SPIN,ocn_temp,1719.5,11.137906
SPIN,ocn_temp,1739.5,11.138062
SPIN,ocn_temp,1759.5,11.138209
SPIN,ocn_temp,1779.5,11.138348
SPIN,ocn_temp,1799.5,11.13848
SPIN,ocn_temp,1819.5,11.138605
SPIN,ocn_temp,1839.5,11.138724
SPIN,ocn_temp,1859.5,11.138837
SPIN,ocn_temp,1879.5,11.138943
SPIN,ocn_temp,1899.5,11.139044
SPIN,ocn_temp,1919.5,11.139139
SPIN,ocn_temp,1939.5,11.139229
SPIN,ocn_temp,1959.5,11.139314
SPIN,ocn_temp,1979.5,11.139395
SPIN,ocn_temp,1999.5,11.139471
SPIN,ocn_temp,2049.5,11.139643
SPIN,ocn_temp,2099.5,11.139785
SPIN,ocn_temp,2149.5,11.13991
SPIN,ocn_temp,2199.5,11.14002
SPIN,ocn_temp,2249.5,11.140117
SPIN,ocn_temp,2299.5,11.140203
SPIN,ocn_temp,2349.5,11.14028
SPIN,ocn_temp,2399.5,11.140349
SPIN,ocn_temp,2449.5,11.140411
SPIN,ocn_temp,2499.5,11.140468
SPIN,ocn_temp,2549.5,11.140519
SPIN,ocn_temp,2599.5,11.140567
SPIN,ocn_temp,2649.5,11.140611
SPIN,ocn_temp,2699.5,11.140651
SPIN,ocn_temp,2749.5,11.14069
SPIN,ocn_temp,2799.5,11.140727
SPIN,ocn_temp,2849.5,11.140762
SPIN,ocn_temp,2899.5,11.140796
SPIN,ocn_temp,2949.5,11.140828
SPIN,ocn_temp,2999.5,11.140858
SPIN,ocn_temp,3049.5,11.140888
SPIN,ocn_temp,3099.5,11.140917
SPIN,ocn_temp,3149.5,11.140944
SPIN,ocn_temp,3199.5,11.140971
SPIN,ocn_temp,3249.5,11.140997
SPIN,ocn_temp,3299.5,11.141023
SPIN,ocn_temp,3349.5,11.141047
SPIN,ocn_temp,3399.5,11.141071
SPIN,ocn_temp,3449.5,11.141095
SPIN,ocn_temp,3499.5,11.141118
SPIN,ocn_temp,3549.5,11.14114
SPIN,ocn_temp,3599.5,11.141162
SPIN,ocn_temp,3649.5,11.141183
SPIN,ocn_temp,3699.5,11.141204
SPIN,ocn_temp,3749.5,11.141224
SPIN,ocn_temp,3799.5,11.141244
SPIN,ocn_temp,3849.5,11.141263
SPIN,ocn_temp,3899.5,11.141282
SPIN,ocn_temp,3949.5,11.1413
SPIN,ocn_temp,3999.5,11.141318
SPIN,ocn_temp,4049.5,11.141336
SPIN,ocn_temp,4099.5,11.141353
SPIN,ocn_temp,4149.5,11.14137
SPIN,ocn_temp,4199.5,11.141386
SPIN,ocn_temp,4249.5,11.141403
SPIN,ocn_temp,4299.5,11.141418
SPIN,ocn_temp,4349.5,11.141434
SPIN,ocn_temp,4399.5,11.141449
SPIN,ocn_temp,4449.5,11.141464
SPIN,ocn_temp,4499.5,11.141478
SPIN,ocn_temp,4549.5,11.141492
SPIN,ocn_temp,4599.5,11.141505
SPIN,ocn_temp,4649.5,11.141518
SPIN,ocn_temp,4699.5,11.141531
SPIN,ocn_temp,4749.5,11.141543
SPIN,ocn_temp,4799.5,11.141555
SPIN,ocn_temp,4849.5,11.141567
SPIN,ocn_temp,4899.5,11.141578
SPIN,ocn_temp,4949.5,11.141589
SPIN,ocn_temp,4999.5,11.1416
SPIN,ocn_temp,5049.5,11.141611
SPIN,ocn_temp,5099.5,11.141621
SPIN,ocn_temp,5149.5,11.14163
SPIN,ocn_temp,5199.5,11.14164
SPIN,ocn_temp,5249.5,11.141649
SPIN,ocn_temp,5299.5,11.141658
SPIN,ocn_temp,5349.5,11.141667
SPIN,ocn_temp,5399.5,11.141675
SPIN,ocn_temp,5449.5,11.141684
SPIN,ocn_temp,5499.5,11.141692
SPIN,ocn_temp,5549.5,11.1417
SPIN,ocn_temp,5599.5,11.141707
SPIN,ocn_temp,5649.5,11.141715
SPIN,ocn_temp,5699.5,11.141722
SPIN,ocn_temp,5749.5,11.141729
SPIN,ocn_temp,5799.5,11.141736
SPIN,ocn_temp,5849.5,11.141742
SPIN,ocn_temp,5899.5,11.141748
SPIN,ocn_temp,5949.5,11.141755
SPIN,ocn_temp,5999.5,11.141761
SPIN,ocn_temp,6049.5,11.141766
SPIN,ocn_temp,6099.5,11.141772
SPIN,ocn_temp,6149.5,11.141778
SPIN,ocn_temp,6199.5,11.141783
SPIN,ocn_temp,6249.5,11.141788
SPIN,ocn_temp,6299.5,11.141793
SPIN,ocn_temp,6349.5,11.141798
SPIN,ocn_temp,6399.5,11.141803
SPIN,ocn_temp,6449.5,11.141808
SPIN,ocn_temp,6499.5,11.141813
SPIN,ocn_temp,6549.5,11.141817
SPIN,ocn_temp,6599.5,11.141821
SPIN,ocn_temp,6649.5,11.141826
SPIN,ocn_temp,6699.5,11.14183
SPIN,ocn_temp,6749.5,11.141834
SPIN,ocn_temp,6799.5,11.141838
SPIN,ocn_temp,6849.5,11.141841
SPIN,ocn_temp,6899.5,11.141845
SPIN,ocn_temp,6949.5,11.141848
SPIN,ocn_temp,6999.5,11.141852
SPIN,ocn_temp,7049.5,11.141855
SPIN,ocn_temp,7099.5,11.141859
SPIN,ocn_temp,7149.5,11.141862
SPIN,ocn_temp,7199.5,11.141865
SPIN,ocn_temp,7249.5,11.141868
SPIN,ocn_temp,7299.5,11.141871
SPIN,ocn_temp,7349.5,11.141874
SPIN,ocn_temp,7399.5,11.141877
SPIN,ocn_temp,7449.5,11.141879
SPIN,ocn_temp,7499.5,11.141882
SPIN,ocn_temp,7549.5,11.141884
SPIN,ocn_temp,7599.5,11.141887
SPIN,ocn_temp,7649.5,11.141889
SPIN,ocn_temp,7699.5,11.141891
SPIN,ocn_temp,7749.5,11.141893
SPIN,ocn_temp,7799.5,11.141896
SPIN,ocn_temp,7849.5,11.141898
SPIN,ocn_temp,7899.5,11.1419
SPIN,ocn_temp,7949.5,11.141902
SPIN,ocn_temp,7999.5,11.141904
SPIN,ocn_temp,8049.5,11.141906
SPIN,ocn_temp,8099.5,11.141908
SPIN,ocn_temp,8149.5,11.141909
SPIN,ocn_temp,8199.5,11.141911
SPIN,ocn_temp,8249.5,11.141913
SPIN,ocn_temp,8299.5,11.141914
SPIN,ocn_temp,8349.5,11.141916
SPIN,ocn_temp,8399.5,11.141918
SPIN,ocn_temp,8449.5,11.141919
SPIN,ocn_temp,8499.5,11.141921
SPIN,ocn_temp,8549.5,11.141922
SPIN,ocn_temp,8599.5,11.141923
SPIN,ocn_temp,8649.5,11.141925
SPIN,ocn_temp,8699.5,11.141926
SPIN,ocn_temp,8749.5,11.141927
SPIN,ocn_temp,8799.5,11.141928
SPIN,ocn_temp,8849.5,11.141929
SPIN,ocn_temp,8899.5,11.14193
SPIN,ocn_temp,8949.5,11.141932
SPIN,ocn_temp,8999.5,11.141933
SPIN,ocn_temp,9049.5,11.141934
SPIN,ocn_temp,9099.5,11.141935
SPIN,ocn_temp,9149.5,11.141936
SPIN,ocn_temp,9199.5,11.141937
SPIN,ocn_temp,9249.5,11.141938
SPIN,ocn_temp,9299.5,11.141939
SPIN,ocn_temp,9349.5,11.141939
SPIN,ocn_temp,9399.5,11.14194
SPIN,ocn_temp,9449.5,11.141941
SPIN,ocn_temp,9499.5,11.141942
SPIN,ocn_temp,9549.5,11.141943
SPIN,ocn_temp,9599.5,11.141944
SPIN,ocn_temp,9649.5,11.141945
SPIN,ocn_temp,9699.5,11.141945
SPIN,ocn_temp,9749.5,11.141946
SPIN,ocn_temp,9799.5,11.141947
SPIN,ocn_temp,9849.5,11.141947
SPIN,ocn_temp,9899.5,11.141948
SPIN,ocn_temp,9949.5,11.141948
SPIN,ocn_temp,9999.5,11.141949
SPIN,surpH,0.5,7.520179
SPIN,surpH,1.5,7.658451
SPIN,surpH,2.5,7.681184
SPIN,surpH,3.5,7.697179
SPIN,surpH,4.5,7.706121
SPIN,surpH,5.5,7.712459
SPIN,surpH,6.5,7.717665
SPIN,surpH,7.5,7.721245
SPIN,surpH,8.5,7.724456
SPIN,surpH,9.5,7.726744
SPIN,surpH,10.5,7.728415
SPIN,surpH,11.5,7.729556
SPIN,surpH,12.5,7.730657
SPIN,surpH,13.5,7.731632
SPIN,surpH,14.5,7.732594
SPIN,surpH,15.5,7.733159
SPIN,surpH,16.5,7.733811
SPIN,surpH,17.5,7.734345
SPIN,surpH,18.5,7.734782
SPIN,surpH,19.5,7.7351
SPIN,surpH,21.5,7.735721
SPIN,surpH,23.5,7.736132
SPIN,surpH,25.5,7.736571
SPIN,surpH,27.5,7.736794
SPIN,surpH,29.5,7.736892
SPIN,surpH,31.5,7.736996
SPIN,surpH,33.5,7.737077
SPIN,surpH,35.5,7.737092
SPIN,surpH,37.5,7.737016
SPIN,surpH,39.5,7.736967
SPIN,surpH,41.5,7.736952
SPIN,surpH,43.5,7.736904
SPIN,surpH,45.5,7.736857
SPIN,surpH,47.5,7.736813
SPIN,surpH,49.5,7.736762
SPIN,surpH,51.5,7.736721
SPIN,surpH,53.5,7.736689
SPIN,surpH,55.5,7.736639
SPIN,surpH,57.5,7.736605
SPIN,surpH,59.5,7.736547
SPIN,surpH,61.5,7.736498
SPIN,surpH,63.5,7.736461
SPIN,surpH,65.5,7.736417
SPIN,surpH,67.5,7.736385
SPIN,surpH,69.5,7.736344
SPIN,surpH,71.5,7.736306
SPIN,surpH,73.5,7.736272
SPIN,surpH,75.5,7.736239
SPIN,surpH,77.5,7.736219
SPIN,surpH,79.5,7.736181
SPIN,surpH,81.5,7.736163
SPIN,surpH,83.5,7.736134
SPIN,surpH,85.5,7.73611
SPIN,surpH,87.5,7.736092
SPIN,surpH,89.5,7.736068
SPIN,surpH,91.5,7.736048
SPIN,surpH,93.5,7.736027
SPIN,surpH,95.5,7.736008
SPIN,surpH,97.5,7.735978
SPIN,surpH,99.5,7.735964
SPIN,surpH,104.5,7.735929
SPIN,surpH,109.5,7.735868
SPIN,surpH,114.5,7.735835
SPIN,surpH,119.5,7.735802
SPIN,surpH,124.5,7.735801
SPIN,surpH,129.5,7.735773
SPIN,surpH,134.5,7.73577
SPIN,surpH,139.5,7.735727
SPIN,surpH,144.5,7.735723
SPIN,surpH,149.5,7.735686
SPIN,surpH,154.5,7.735672
SPIN,surpH,159.5,7.735631
SPIN,surpH,164.5,7.735624
SPIN,surpH,169.5,7.735584
SPIN,surpH,174.5,7.735572
SPIN,surpH,179.5,7.735541
SPIN,surpH,184.5,7.735524
SPIN,surpH,189.5,7.735502
SPIN,surpH,194.5,7.735504
SPIN,surpH,199.5,7.735476
SPIN,surpH,204.5,7.735471
SPIN,surpH,209.5,7.735443
SPIN,surpH,214.5,7.735445
SPIN,surpH,219.5,7.735431
SPIN,surpH,224.5,7.735433
SPIN,surpH,229.5,7.735414
SPIN,surpH,234.5,7.735416
SPIN,surpH,239.5,7.735397
SPIN,surpH,244.5,7.735401
SPIN,surpH,249.5,7.73538
SPIN,surpH,254.5,7.735384
SPIN,surpH,259.5,7.73537
SPIN,surpH,264.5,7.735373
SPIN,surpH,269.5,7.735365
SPIN,surpH,274.5,7.73536
SPIN,surpH,279.5,7.735352
SPIN,surpH,284.5,7.735354
SPIN,surpH,289.5,7.735346
SPIN,surpH,294.5,7.73535
SPIN,surpH,299.5,7.735344
SPIN,surpH,304.5,7.735346
SPIN,surpH,309.5,7.735341
SPIN,surpH,314.5,7.735345
SPIN,surpH,319.5,7.73534
SPIN,surpH,324.5,7.735343
SPIN,surpH,329.5,7.73534
SPIN,surpH,334.5,7.735341
SPIN,surpH,339.5,7.735344
SPIN,surpH,344.5,7.735347
SPIN,surpH,349.5,7.735349
SPIN,surpH,354.5,7.735354
SPIN,surpH,359.5,7.735357
SPIN,surpH,364.5,7.735364
SPIN,surpH,369.5,7.735367
SPIN,surpH,374.5,7.73538
SPIN,surpH,379.5,7.735384
SPIN,surpH,384.5,7.735395
SPIN,surpH,389.5,7.735398
SPIN,surpH,394.5,7.735412
SPIN,surpH,399.5,7.735422
SPIN,surpH,404.5,7.735435
SPIN,surpH,409.5,7.735442
SPIN,surpH,414.5,7.735462
SPIN,surpH,419.5,7.735473
SPIN,surpH,424.5,7.735495
SPIN,surpH,429.5,7.735507
SPIN,surpH,434.5,7.735529
SPIN,surpH,439.5,7.735546
SPIN,surpH,444.5,7.735567
SPIN,surpH,449.5,7.735586
SPIN,surpH,454.5,7.735609
SPIN,surpH,459.5,7.735629
SPIN,surpH,464.5,7.735657
SPIN,surpH,469.5,7.735679
SPIN,surpH,474.5,7.735709
SPIN,surpH,479.5,7.735741
SPIN,surpH,484.5,7.735773
SPIN,surpH,489.5,7.735804
SPIN,surpH,494.5,7.735837
SPIN,surpH,499.5,7.735873
SPIN,surpH,504.5,7.73591
SPIN,surpH,509.5,7.735943
SPIN,surpH,514.5,7.73598
SPIN,surpH,519.5,7.736018
SPIN,surpH,524.5,7.736059
SPIN,surpH,529.5,7.736099
SPIN,surpH,534.5,7.73614
SPIN,surpH,539.5,7.736182
SPIN,surpH,544.5,7.736225
SPIN,surpH,549.5,7.736269
SPIN,surpH,554.5,7.736313
SPIN,surpH,559.5,7.736359
SPIN,surpH,564.5,7.736401
SPIN,surpH,569.5,7.736451
SPIN,surpH,574.5,7.736496
SPIN,surpH,579.5,7.736544
SPIN,surpH,584.5,7.736595
SPIN,surpH,589.5,7.736649
SPIN,surpH,594.5,7.736704
SPIN,surpH,599.5,7.736756
SPIN,surpH,604.5,7.736812
SPIN,surpH,609.5,7.736867
SPIN,surpH,614.5,7.736924
SPIN,surpH,619.5,7.73698
SPIN,surpH,624.5,7.73704
SPIN,surpH,629.5,7.737092
SPIN,surpH,634.5,7.73715
SPIN,surpH,639.5,7.73721
SPIN,surpH,644.5,7.737267
SPIN,surpH,649.5,7.737324
SPIN,surpH,654.5,7.737382
SPIN,surpH,659.5,7.73744
SPIN,surpH,664.5,7.7375
SPIN,surpH,669.5,7.737561
SPIN,surpH,674.5,7.737624
SPIN,surpH,679.5,7.737684
SPIN,surpH,684.5,7.737751
SPIN,surpH,689.5,7.737813
SPIN,surpH,694.5,7.73788
SPIN,surpH,699.5,7.737945
SPIN,surpH,704.5,7.738012
SPIN,surpH,709.5,7.738078
SPIN,surpH,714.5,7.738144
SPIN,surpH,719.5,7.738211
SPIN,surpH,724.5,7.738278
SPIN,surpH,729.5,7.738345
SPIN,surpH,734.5,7.738412
SPIN,surpH,739.5,7.738481
SPIN,surpH,744.5,7.738548
SPIN,surpH,749.5,7.738617
SPIN,surpH,754.5,7.738683
SPIN,surpH,759.5,7.738752
SPIN,surpH,764.5,7.738819
SPIN,surpH,769.5,7.738887
SPIN,surpH,774.5,7.738957
SPIN,surpH,779.5,7.739029
SPIN,surpH,784.5,7.739096
SPIN,surpH,789.5,7.739166
SPIN,surpH,794.5,7.739232
SPIN,surpH,799.5,7.739302
SPIN,surpH,804.5,7.739371
SPIN,surpH,809.5,7.73944
SPIN,surpH,814.5,7.73951
SPIN,surpH,819.5,7.739582
SPIN,surpH,824.5,7.739651
SPIN,surpH,829.5,7.739721
SPIN,surpH,834.5,7.739793
SPIN,surpH,839.5,7.739863
SPIN,surpH,844.5,7.739934
SPIN,surpH,849.5,7.740004
SPIN,surpH,854.5,7.740076
SPIN,surpH,859.5,7.740148
SPIN,surpH,864.5,7.740215
SPIN,surpH,869.5,7.740285
SPIN,surpH,874.5,7.740356
SPIN,surpH,879.5,7.740424
SPIN,surpH,884.5,7.740495
SPIN,surpH,889.5,7.740563
SPIN,surpH,894.5,7.740635
SPIN,surpH,899.5,7.740704
SPIN,surpH,904.5,7.740776
SPIN,surpH,909.5,7.740847
SPIN,surpH,914.5,7.740915
SPIN,surpH,919.5,7.740987
SPIN,surpH,924.5,7.741055
SPIN,surpH,929.5,7.741126
SPIN,surpH,934.5,7.741192
SPIN,surpH,939.5,7.741258
SPIN,surpH,944.5,7.741326
SPIN,surpH,949.5,7.741394
SPIN,surpH,954.5,7.741462
SPIN,surpH,959.5,7.741525
SPIN,surpH,964.5,7.74159
SPIN,surpH,969.5,7.741655
SPIN,surpH,974.5,7.741721
SPIN,surpH,979.5,7.741787
SPIN,surpH,984.5,7.741852
SPIN,surpH,989.5,7.741918
SPIN,surpH,994.5,7.741985
SPIN,surpH,999.5,7.742052
SPIN,surpH,1019.5,7.742313
SPIN,surpH,1039.5,7.742571
SPIN,surpH,1059.5,7.742826
SPIN,surpH,1079.5,7.743079
SPIN,surpH,1099.5,7.743327
SPIN,surpH,1119.5,7.743573
SPIN,surpH,1139.5,7.743819
SPIN,surpH,1159.5,7.744059
SPIN,surpH,1179.5,7.744299
SPIN,surpH,1199.5,7.744535
SPIN,surpH,1219.5,7.744768
SPIN,surpH,1239.5,7.744991
SPIN,surpH,1259.5,7.745206
SPIN,surpH,1279.5,7.745416
SPIN,surpH,1299.5,7.745621
SPIN,surpH,1319.5,7.745824
SPIN,surpH,1339.5,7.746001
SPIN,surpH,1359.5,7.746184
SPIN,surpH,1379.5,7.746362
SPIN,surpH,1399.5,7.746539
SPIN,surpH,1419.5,7.746713
SPIN,surpH,1439.5,7.746886
SPIN,surpH,1459.5,7.747052
SPIN,surpH,1479.5,7.747213
SPIN,surpH,1499.5,7.747373
SPIN,surpH,1519.5,7.747527
SPIN,surpH,1539.5,7.747678
SPIN,surpH,1559.5,7.747827
SPIN,surpH,1579.5,7.747971
SPIN,surpH,1599.5,7.748116
SPIN,surpH,1619.5,7.748254
SPIN,surpH,1639.5,7.748392
SPIN,surpH,1659.5,7.748525
SPIN,surpH,1679.5,7.74865
SPIN,surpH,1699.5,7.748773
SPIN,surpH,1719.5,7.74889
SPIN,surpH,1739.5,7.749006
SPIN,surpH,1759.5,7.749114
SPIN,surpH,1779.5,7.749223
SPIN,surpH,1799.5,7.749331
SPIN,surpH,1819.5,7.749428
SPIN,surpH,1839.5,7.749526
SPIN,surpH,1859.5,7.749622
SPIN,surpH,1879.5,7.749717
SPIN,surpH,1899.5,7.749799
SPIN,surpH,1919.5,7.749884
SPIN,surpH,1939.5,7.749971
SPIN,surpH,1959.5,7.750056
SPIN,surpH,1979.5,7.75014
SPIN,surpH,1999.5,7.75022
SPIN,surpH,2049.5,7.750417
SPIN,surpH,2099.5,7.750605
SPIN,surpH,2149.5,7.750784
SPIN,surpH,2199.5,7.750954
SPIN,surpH,2249.5,7.751117
SPIN,surpH,2299.5,7.751273
SPIN,surpH,2349.5,7.751423
SPIN,surpH,2399.5,7.751564
SPIN,surpH,2449.5,7.7517
SPIN,surpH,2499.5,7.751826
SPIN,surpH,2549.5,7.75194
SPIN,surpH,2599.5,7.752051
SPIN,surpH,2649.5,7.752151
SPIN,surpH,2699.5,7.752247
SPIN,surpH,2749.5,7.752334
SPIN,surpH,2799.5,7.752417
SPIN,surpH,2849.5,7.752491
SPIN,surpH,2899.5,7.752559
SPIN,surpH,2949.5,7.752624
SPIN,surpH,2999.5,7.752682
SPIN,surpH,3049.5,7.752733
SPIN,surpH,3099.5,7.752782
SPIN,surpH,3149.5,7.752825
SPIN,surpH,3199.5,7.752866
SPIN,surpH,3249.5,7.752902
SPIN,surpH,3299.5,7.752933
SPIN,surpH,3349.5,7.752964
SPIN,surpH,3399.5,7.752991
SPIN,surpH,3449.5,7.753018
SPIN,surpH,3499.5,7.753041
SPIN,surpH,3549.5,7.753063
SPIN,surpH,3599.5,7.753083
SPIN,surpH,3649.5,7.753099
SPIN,surpH,3699.5,7.753115
SPIN,surpH,3749.5,7.753129
SPIN,surpH,3799.5,7.753141
SPIN,surpH,3849.5,7.753154
SPIN,surpH,3899.5,7.753163
SPIN,surpH,3949.5,7.75317
SPIN,surpH,3999.5,7.753178
SPIN,surpH,4049.5,7.753184
SPIN,surpH,4099.5,7.753189
SPIN,surpH,4149.5,7.753195
SPIN,surpH,4199.5,7.753199
SPIN,surpH,4249.5,7.753201
SPIN,surpH,4299.5,7.753203
SPIN,surpH,4349.5,7.753203
SPIN,surpH,4399.5,7.753206
SPIN,surpH,4449.5,7.753208
SPIN,surpH,4499.5,7.753209
SPIN,surpH,4549.5,7.753207
SPIN,surpH,4599.5,7.753204
SPIN,surpH,4649.5,7.753203
SPIN,surpH,4699.5,7.753201
SPIN,surpH,4749.5,7.753202
SPIN,surpH,4799.5,7.7532
SPIN,surpH,4849.5,7.753197
SPIN,surpH,4899.5,7.753197
SPIN,surpH,4949.5,7.753195
SPIN,surpH,4999.5,7.753191
SPIN,surpH,5049.5,7.753188
SPIN,surpH,5099.5,7.753186
SPIN,surpH,5149.5,7.753184
SPIN,surpH,5199.5,7.753181
SPIN,surpH,5249.5,7.753178
SPIN,surpH,5299.5,7.753174
SPIN,surpH,5349.5,7.753171
SPIN,surpH,5399.5,7.753167
SPIN,surpH,5449.5,7.753164
SPIN,surpH,5499.5,7.753162
SPIN,surpH,5549.5,7.753159
SPIN,surpH,5599.5,7.753155
SPIN,surpH,5649.5,7.753153
SPIN,surpH,5699.5,7.753151
SPIN,surpH,5749.5,7.753149
SPIN,surpH,5799.5,7.753147
SPIN,surpH,5849.5,7.753144
SPIN,surpH,5899.5,7.753142
SPIN,surpH,5949.5,7.753139
SPIN,surpH,5999.5,7.753137
SPIN,surpH,6049.5,7.753134
SPIN,surpH,6099.5,7.753131
SPIN,surpH,6149.5,7.753128
SPIN,surpH,6199.5,7.753126
SPIN,surpH,6249.5,7.753123
SPIN,surpH,6299.5,7.753122
SPIN,surpH,6349.5,7.75312
SPIN,surpH,6399.5,7.753118
SPIN,surpH,6449.5,7.753115
SPIN,surpH,6499.5,7.753113
SPIN,surpH,6549.5,7.753111
SPIN,surpH,6599.5,7.75311
SPIN,surpH,6649.5,7.753107
SPIN,surpH,6699.5,7.753106
SPIN,surpH,6749.5,7.753105
SPIN,surpH,6799.5,7.753103
SPIN,surpH,6849.5,7.753103
SPIN,surpH,6899.5,7.753099
SPIN,surpH,6949.5,7.753099
SPIN,surpH,6999.5,7.753098
SPIN,surpH,7049.5,7.753097
SPIN,surpH,7099.5,7.753094
SPIN,surpH,7149.5,7.753093
SPIN,surpH,7199.5,7.753091
SPIN,surpH,7249.5,7.75309
SPIN,surpH,7299.5,7.753088
SPIN,surpH,7349.5,7.753086
SPIN,surpH,7399.5,7.753083
SPIN,surpH,7449.5,7.753082
SPIN,surpH,7499.5,7.753081
SPIN,surpH,7549.5,7.75308
SPIN,surpH,7599.5,7.753077
SPIN,surpH,7649.5,7.753075
SPIN,surpH,7699.5,7.753075
SPIN,surpH,7749.5,7.753073
SPIN,surpH,7799.5,7.753071
SPIN,surpH,7849.5,7.753069
SPIN,surpH,7899.5,7.75307
SPIN,surpH,7949.5,7.753068
SPIN,surpH,7999.5,7.753065
SPIN,surpH,8049.5,7.753067
SPIN,surpH,8099.5,7.753063
SPIN,surpH,8149.5,7.753061
SPIN,surpH,8199.5,7.753061
SPIN,surpH,8249.5,7.753059
SPIN,surpH,8299.5,7.753059
SPIN,surpH,8349.5,7.753058
SPIN,surpH,8399.5,7.753057
SPIN,surpH,8449.5,7.753054
SPIN,surpH,8499.5,7.753055
SPIN,surpH,8549.5,7.753055
SPIN,surpH,8599.5,7.753051
SPIN,surpH,8649.5,7.753052
SPIN,surpH,8699.5,7.753049
SPIN,surpH,8749.5,7.753049
SPIN,surpH,8799.5,7.753048
SPIN,surpH,8849.5,7.753047
SPIN,surpH,8899.5,7.753047
SPIN,surpH,8949.5,7.753046
SPIN,surpH,8999.5,7.753045
SPIN,surpH,9049.5,7.753044
SPIN,surpH,9099.5,7.753044
SPIN,surpH,9149.5,7.753042
SPIN,surpH,9199.5,7.753042
SPIN,surpH,9249.5,7.753041
SPIN,surpH,9299.5,7.753041
SPIN,surpH,9349.5,7.753042
SPIN,surpH,9399.5,7.753042
SPIN,surpH,9449.5,7.753041
SPIN,surpH,9499.5,7.75304
SPIN,surpH,9549.5,7.75304
SPIN,surpH,9599.5,7.753041
SPIN,surpH,9649.5,7.753041
SPIN,surpH,9699.5,7.75304
SPIN,surpH,9749.5,7.753039
SPIN,surpH,9799.5,7.75304
SPIN,surpH,9849.5,7.753039
SPIN,surpH,9899.5,7.753039
SPIN,surpH,9949.5,7.753038
SPIN,surpH,9999.5,7.753038
SPIN,fexport_POC,0.5,2118279000000000.0
SPIN,fexport_POC,1.5,1588544000000000.0
SPIN,fexport_POC,2.5,1412074000000000.0
SPIN,fexport_POC,3.5,1292471000000000.0
SPIN,fexport_POC,4.5,1210340000000000.0
SPIN,fexport_POC,5.5,1147977000000000.0
SPIN,fexport_POC,6.5,1097408000000000.0
SPIN,fexport_POC,7.5,1057090000000000.0
SPIN,fexport_POC,8.5,1023819000000000.0
SPIN,fexport_POC,9.5,994704100000000.0
SPIN,fexport_POC,10.5,969655600000000.0
SPIN,fexport_POC,11.5,947725100000000.0
SPIN,fexport_POC,12.5,928199700000000.0
SPIN,fexport_POC,13.5,911195200000000.0
SPIN,fexport_POC,14.5,895806900000000.0
SPIN,fexport_POC,15.5,881365300000000.0
SPIN,fexport_POC,16.5,867770000000000.0
SPIN,fexport_POC,17.5,855774600000000.0
SPIN,fexport_POC,18.5,844442400000000.0
SPIN,fexport_POC,19.5,834153800000000.0
SPIN,fexport_POC,21.5,816049500000000.0
SPIN,fexport_POC,23.5,800974100000000.0
SPIN,fexport_POC,25.5,788654800000000.0
SPIN,fexport_POC,27.5,777179200000000.0
SPIN,fexport_POC,29.5,766485900000000.0
SPIN,fexport_POC,31.5,757006000000000.0
SPIN,fexport_POC,33.5,747962000000000.0
SPIN,fexport_POC,35.5,740443800000000.0
SPIN,fexport_POC,37.5,734133700000000.0
SPIN,fexport_POC,39.5,727884400000000.0
SPIN,fexport_POC,41.5,722353100000000.0
SPIN,fexport_POC,43.5,716987300000000.0
SPIN,fexport_POC,45.5,711715100000000.0
SPIN,fexport_POC,47.5,706635700000000.0
SPIN,fexport_POC,49.5,701836900000000.0
SPIN,fexport_POC,51.5,697355300000000.0
SPIN,fexport_POC,53.5,693258400000000.0
SPIN,fexport_POC,55.5,689310300000000.0
SPIN,fexport_POC,57.5,685833800000000.0
SPIN,fexport_POC,59.5,682362800000000.0
SPIN,fexport_POC,61.5,679232700000000.0
SPIN,fexport_POC,63.5,676223100000000.0
SPIN,fexport_POC,65.5,673525500000000.0
SPIN,fexport_POC,67.5,671056200000000.0
SPIN,fexport_POC,69.5,668736700000000.0
SPIN,fexport_POC,71.5,666451000000000.0
SPIN,fexport_POC,73.5,664315400000000.0
SPIN,fexport_POC,75.5,662296300000000.0
SPIN,fexport_POC,77.5,660409500000000.0
SPIN,fexport_POC,79.5,658718800000000.0
SPIN,fexport_POC,81.5,657105400000000.0
SPIN,fexport_POC,83.5,655552100000000.0
SPIN,fexport_POC,85.5,654213900000000.0
SPIN,fexport_POC,87.5,652743900000000.0
SPIN,fexport_POC,89.5,651431200000000.0
SPIN,fexport_POC,91.5,650200700000000.0
SPIN,fexport_POC,93.5,648966900000000.0
SPIN,fexport_POC,95.5,647779600000000.0
SPIN,fexport_POC,97.5,646679100000000.0
SPIN,fexport_POC,99.5,645611000000000.0
SPIN,fexport_POC,104.5,642956800000000.0
SPIN,fexport_POC,109.5,640560300000000.0
SPIN,fexport_POC,114.5,638434400000000.0
SPIN,fexport_POC,119.5,636536900000000.0
SPIN,fexport_POC,124.5,634736100000000.0
SPIN,fexport_POC,129.5,632967200000000.0
SPIN,fexport_POC,134.5,631324200000000.0
SPIN,fexport_POC,139.5,629878400000000.0
SPIN,fexport_POC,144.5,628381200000000.0
SPIN,fexport_POC,149.5,626923500000000.0
SPIN,fexport_POC,154.5,625573400000000.0
SPIN,fexport_POC,159.5,624287500000000.0
SPIN,fexport_POC,164.5,623045400000000.0
SPIN,fexport_POC,169.5,621896500000000.0
SPIN,fexport_POC,174.5,620745200000000.0
SPIN,fexport_POC,179.5,619685800000000.0
SPIN,fexport_POC,184.5,618627000000000.0
SPIN,fexport_POC,189.5,617684600000000.0
SPIN,fexport_POC,194.5,616723500000000.0
SPIN,fexport_POC,199.5,615788900000000.0
SPIN,fexport_POC,204.5,614870000000000.0
SPIN,fexport_POC,209.5,614055300000000.0
SPIN,fexport_POC,214.5,613207700000000.0
SPIN,fexport_POC,219.5,612404800000000.0
SPIN,fexport_POC,224.5,611615400000000.0
SPIN,fexport_POC,229.5,610865800000000.0
SPIN,fexport_POC,234.5,610065800000000.0
SPIN,fexport_POC,239.5,609322600000000.0
SPIN,fexport_POC,244.5,608644400000000.0
SPIN,fexport_POC,249.5,607954300000000.0
SPIN,fexport_POC,254.5,607249600000000.0
SPIN,fexport_POC,259.5,606565300000000.0
SPIN,fexport_POC,264.5,605912000000000.0
SPIN,fexport_POC,269.5,605277500000000.0
SPIN,fexport_POC,274.5,604660800000000.0
SPIN,fexport_POC,279.5,604036200000000.0
SPIN,fexport_POC,284.5,603419700000000.0
SPIN,fexport_POC,289.5,602824400000000.0
SPIN,fexport_POC,294.5,602236100000000.0
SPIN,fexport_POC,299.5,601665200000000.0
SPIN,fexport_POC,304.5,601096600000000.0
SPIN,fexport_POC,309.5,600500400000000.0
SPIN,fexport_POC,314.5,599965600000000.0
SPIN,fexport_POC,319.5,599413500000000.0
SPIN,fexport_POC,324.5,598831100000000.0
SPIN,fexport_POC,329.5,598305800000000.0
SPIN,fexport_POC,334.5,597789100000000.0
SPIN,fexport_POC,339.5,597273900000000.0
SPIN,fexport_POC,344.5,596755200000000.0
SPIN,fexport_POC,349.5,596242600000000.0
SPIN,fexport_POC,354.5,595733500000000.0
SPIN,fexport_POC,359.5,595230000000000.0
SPIN,fexport_POC,364.5,594747900000000.0
SPIN,fexport_POC,369.5,594227100000000.0
SPIN,fexport_POC,374.5,593734500000000.0
SPIN,fexport_POC,379.5,593241700000000.0
SPIN,fexport_POC,384.5,592742600000000.0
SPIN,fexport_POC,389.5,592244000000000.0
SPIN,fexport_POC,394.5,591742600000000.0
SPIN,fexport_POC,399.5,591254400000000.0
SPIN,fexport_POC,404.5,590773500000000.0
SPIN,fexport_POC,409.5,590283600000000.0
SPIN,fexport_POC,414.5,589800700000000.0
SPIN,fexport_POC,419.5,589325500000000.0
SPIN,fexport_POC,424.5,588850900000000.0
SPIN,fexport_POC,429.5,588379600000000.0
SPIN,fexport_POC,434.5,587908300000000.0
SPIN,fexport_POC,439.5,587450200000000.0
SPIN,fexport_POC,444.5,586989000000000.0
SPIN,fexport_POC,449.5,586535100000000.0
SPIN,fexport_POC,454.5,586075900000000.0
SPIN,fexport_POC,459.5,585628700000000.0
SPIN,fexport_POC,464.5,585188400000000.0
SPIN,fexport_POC,469.5,584745500000000.0
SPIN,fexport_POC,474.5,584306000000000.0
SPIN,fexport_POC,479.5,583894400000000.0
SPIN,fexport_POC,484.5,583489800000000.0
SPIN,fexport_POC,489.5,583071400000000.0
SPIN,fexport_POC,494.5,582669500000000.0
SPIN,fexport_POC,499.5,582277200000000.0
SPIN,fexport_POC,504.5,581887500000000.0
SPIN,fexport_POC,509.5,581513500000000.0
SPIN,fexport_POC,514.5,581142300000000.0
SPIN,fexport_POC,519.5,580784200000000.0
SPIN,fexport_POC,524.5,580406300000000.0
SPIN,fexport_POC,529.5,580068900000000.0
SPIN,fexport_POC,534.5,579726200000000.0
SPIN,fexport_POC,539.5,579391100000000.0
SPIN,fexport_POC,544.5,579060700000000.0
SPIN,fexport_POC,549.5,578734700000000.0
SPIN,fexport_POC,554.5,578413000000000.0
SPIN,fexport_POC,559.5,578073700000000.0
SPIN,fexport_POC,564.5,577759300000000.0
SPIN,fexport_POC,569.5,577433900000000.0
SPIN,fexport_POC,574.5,577118000000000.0
SPIN,fexport_POC,579.5,576825300000000.0
SPIN,fexport_POC,584.5,576529200000000.0
SPIN,fexport_POC,589.5,576245800000000.0
SPIN,fexport_POC,594.5,575968400000000.0
SPIN,fexport_POC,599.5,575697200000000.0
SPIN,fexport_POC,604.5,575417200000000.0
SPIN,fexport_POC,609.5,575148400000000.0
SPIN,fexport_POC,614.5,574885400000000.0
SPIN,fexport_POC,619.5,574629700000000.0
SPIN,fexport_POC,624.5,574385700000000.0
SPIN,fexport_POC,629.5,574129200000000.0
SPIN,fexport_POC,634.5,573882500000000.0
SPIN,fexport_POC,639.5,573629600000000.0
SPIN,fexport_POC,644.5,573411500000000.0
SPIN,fexport_POC,649.5,573185200000000.0
SPIN,fexport_POC,654.5,572960000000000.0
SPIN,fexport_POC,659.5,572748200000000.0
SPIN,fexport_POC,664.5,572524600000000.0
SPIN,fexport_POC,669.5,572311500000000.0
SPIN,fexport_POC,674.5,572100800000000.0
SPIN,fexport_POC,679.5,571893800000000.0
SPIN,fexport_POC,684.5,571686400000000.0
SPIN,fexport_POC,689.5,571484000000000.0
SPIN,fexport_POC,694.5,571278200000000.0
SPIN,fexport_POC,699.5,571086900000000.0
SPIN,fexport_POC,704.5,570889100000000.0
SPIN,fexport_POC,709.5,570696300000000.0
SPIN,fexport_POC,714.5,570510300000000.0
SPIN,fexport_POC,719.5,570322100000000.0
SPIN,fexport_POC,724.5,570137400000000.0
SPIN,fexport_POC,729.5,569953200000000.0
SPIN,fexport_POC,734.5,569767300000000.0
SPIN,fexport_POC,739.5,569594900000000.0
SPIN,fexport_POC,744.5,569425100000000.0
SPIN,fexport_POC,749.5,569251100000000.0
SPIN,fexport_POC,754.5,569083300000000.0
SPIN,fexport_POC,759.5,568911600000000.0
SPIN,fexport_POC,764.5,568735400000000.0
SPIN,fexport_POC,769.5,568576900000000.0
SPIN,fexport_POC,774.5,568377900000000.0
SPIN,fexport_POC,779.5,568223700000000.0
SPIN,fexport_POC,784.5,568097300000000.0
SPIN,fexport_POC,789.5,567931100000000.0
SPIN,fexport_POC,794.5,567776400000000.0
SPIN,fexport_POC,799.5,567629400000000.0
SPIN,fexport_POC,804.5,567479200000000.0
SPIN,fexport_POC,809.5,567332600000000.0
SPIN,fexport_POC,814.5,567165400000000.0
SPIN,fexport_POC,819.5,567026800000000.0
SPIN,fexport_POC,824.5,566885700000000.0
SPIN,fexport_POC,829.5,566741700000000.0
SPIN,fexport_POC,834.5,566595900000000.0
SPIN,fexport_POC,839.5,566454000000000.0
SPIN,fexport_POC,844.5,566314200000000.0
SPIN,fexport_POC,849.5,566167900000000.0
SPIN,fexport_POC,854.5,566026100000000.0
SPIN,fexport_POC,859.5,565891900000000.0
SPIN,fexport_POC,864.5,565721300000000.0
SPIN,fexport_POC,869.5,565615300000000.0
SPIN,fexport_POC,874.5,565500800000000.0
SPIN,fexport_POC,879.5,565384500000000.0
SPIN,fexport_POC,884.5,565267500000000.0
SPIN,fexport_POC,889.5,565155700000000.0
SPIN,fexport_POC,894.5,565045500000000.0
SPIN,fexport_POC,899.5,564931200000000.0
SPIN,fexport_POC,904.5,564825300000000.0
SPIN,fexport_POC,909.5,564688900000000.0
SPIN,fexport_POC,914.5,564598700000000.0
SPIN,fexport_POC,919.5,564474900000000.0
SPIN,fexport_POC,924.5,564388300000000.0
SPIN,fexport_POC,929.5,564268200000000.0
SPIN,fexport_POC,934.5,564191500000000.0
SPIN,fexport_POC,939.5,564094700000000.0
SPIN,fexport_POC,944.5,563962400000000.0
SPIN,fexport_POC,949.5,563864400000000.0
SPIN,fexport_POC,954.5,563791100000000.0
SPIN,fexport_POC,959.5,563697000000000.0
SPIN,fexport_POC,964.5,563615500000000.0
SPIN,fexport_POC,969.5,563528900000000.0
SPIN,fexport_POC,974.5,563450200000000.0
SPIN,fexport_POC,979.5,563375200000000.0
SPIN,fexport_POC,984.5,563297500000000.0
SPIN,fexport_POC,989.5,563230800000000.0
SPIN,fexport_POC,994.5,563158000000000.0
SPIN,fexport_POC,999.5,563087400000000.0
SPIN,fexport_POC,1019.5,562849400000000.0
SPIN,fexport_POC,1039.5,562647500000000.0
SPIN,fexport_POC,1059.5,562435800000000.0
SPIN,fexport_POC,1079.5,562262400000000.0
SPIN,fexport_POC,1099.5,562115300000000.0
SPIN,fexport_POC,1119.5,561983000000000.0
SPIN,fexport_POC,1139.5,561874200000000.0
SPIN,fexport_POC,1159.5,561783900000000.0
SPIN,fexport_POC,1179.5,561696400000000.0
SPIN,fexport_POC,1199.5,561626500000000.0
SPIN,fexport_POC,1219.5,561559200000000.0
SPIN,fexport_POC,1239.5,561513800000000.0
SPIN,fexport_POC,1259.5,561480900000000.0
SPIN,fexport_POC,1279.5,561453000000000.0
SPIN,fexport_POC,1299.5,561435800000000.0
SPIN,fexport_POC,1319.5,561421300000000.0
SPIN,fexport_POC,1339.5,561416100000000.0
SPIN,fexport_POC,1359.5,561410900000000.0
SPIN,fexport_POC,1379.5,561407500000000.0
SPIN,fexport_POC,1399.5,561412800000000.0
SPIN,fexport_POC,1419.5,561408900000000.0
SPIN,fexport_POC,1439.5,561410700000000.0
SPIN,fexport_POC,1459.5,561412600000000.0
SPIN,fexport_POC,1479.5,561417600000000.0
SPIN,fexport_POC,1499.5,561422000000000.0
SPIN,fexport_POC,1519.5,561426600000000.0
SPIN,fexport_POC,1539.5,561428800000000.0
SPIN,fexport_POC,1559.5,561433200000000.0
SPIN,fexport_POC,1579.5,561434800000000.0
SPIN,fexport_POC,1599.5,561432800000000.0
SPIN,fexport_POC,1619.5,561432200000000.0
SPIN,fexport_POC,1639.5,561432300000000.0
SPIN,fexport_POC,1659.5,561432200000000.0
SPIN,fexport_POC,1679.5,561428800000000.0
SPIN,fexport_POC,1699.5,561420900000000.0
SPIN,fexport_POC,1719.5,561417100000000.0
SPIN,fexport_POC,1739.5,561412200000000.0
SPIN,fexport_POC,1759.5,561402400000000.0
SPIN,fexport_POC,1779.5,561395900000000.0
SPIN,fexport_POC,1799.5,561387800000000.0
SPIN,fexport_POC,1819.5,561378200000000.0
SPIN,fexport_POC,1839.5,561368300000000.0
SPIN,fexport_POC,1859.5,561362000000000.0
SPIN,fexport_POC,1879.5,561351000000000.0
SPIN,fexport_POC,1899.5,561339400000000.0
SPIN,fexport_POC,1919.5,561333000000000.0
SPIN,fexport_POC,1939.5,561321700000000.0
SPIN,fexport_POC,1959.5,561313600000000.0
SPIN,fexport_POC,1979.5,561301200000000.0
SPIN,fexport_POC,1999.5,561290700000000.0
SPIN,fexport_POC,2049.5,561268800000000.0
SPIN,fexport_POC,2099.5,561251200000000.0
SPIN,fexport_POC,2149.5,561234700000000.0
SPIN,fexport_POC,2199.5,561219500000000.0
SPIN,fexport_POC,2249.5,561208000000000.0
SPIN,fexport_POC,2299.5,561200800000000.0
SPIN,fexport_POC,2349.5,561197700000000.0
SPIN,fexport_POC,2399.5,561196800000000.0
SPIN,fexport_POC,2449.5,561200700000000.0
SPIN,fexport_POC,2499.5,561207300000000.0
SPIN,fexport_POC,2549.5,561212000000000.0
SPIN,fexport_POC,2599.5,561221800000000.0
SPIN,fexport_POC,2649.5,561233500000000.0
SPIN,fexport_POC,2699.5,561249500000000.0
SPIN,fexport_POC,2749.5,561262700000000.0
SPIN,fexport_POC,2799.5,561280000000000.0
SPIN,fexport_POC,2849.5,561298300000000.0
SPIN,fexport_POC,2899.5,561312000000000.0
SPIN,fexport_POC,2949.5,561331000000000.0
SPIN,fexport_POC,2999.5,561347800000000.0
SPIN,fexport_POC,3049.5,561362300000000.0
SPIN,fexport_POC,3099.5,561380700000000.0
SPIN,fexport_POC,3149.5,561393000000000.0
SPIN,fexport_POC,3199.5,561413800000000.0
SPIN,fexport_POC,3249.5,561424400000000.0
SPIN,fexport_POC,3299.5,561439500000000.0
SPIN,fexport_POC,3349.5,561452100000000.0
SPIN,fexport_POC,3399.5,561465900000000.0
SPIN,fexport_POC,3449.5,561475800000000.0
SPIN,fexport_POC,3499.5,561486800000000.0
SPIN,fexport_POC,3549.5,561497300000000.0
SPIN,fexport_POC,3599.5,561507300000000.0
SPIN,fexport_POC,3649.5,561514200000000.0
SPIN,fexport_POC,3699.5,561526700000000.0
SPIN,fexport_POC,3749.5,561533400000000.0
SPIN,fexport_POC,3799.5,561538600000000.0
SPIN,fexport_POC,3849.5,561545200000000.0
SPIN,fexport_POC,3899.5,561552200000000.0
SPIN,fexport_POC,3949.5,561554600000000.0
SPIN,fexport_POC,3999.5,561563000000000.0
SPIN,fexport_POC,4049.5,561565100000000.0
SPIN,fexport_POC,4099.5,561569000000000.0
SPIN,fexport_POC,4149.5,561573700000000.0
SPIN,fexport_POC,4199.5,561576700000000.0
SPIN,fexport_POC,4249.5,561581300000000.0
SPIN,fexport_POC,4299.5,561582000000000.0
SPIN,fexport_POC,4349.5,561586400000000.0
SPIN,fexport_POC,4399.5,561589600000000.0
SPIN,fexport_POC,4449.5,561590200000000.0
SPIN,fexport_POC,4499.5,561591800000000.0
SPIN,fexport_POC,4549.5,561591800000000.0
SPIN,fexport_POC,4599.5,561596000000000.0
SPIN,fexport_POC,4649.5,561598700000000.0
SPIN,fexport_POC,4699.5,561598000000000.0
SPIN,fexport_POC,4749.5,561601500000000.0
SPIN,fexport_POC,4799.5,561603600000000.0
SPIN,fexport_POC,4849.5,561604200000000.0
SPIN,fexport_POC,4899.5,561606000000000.0
SPIN,fexport_POC,4949.5,561607000000000.0
SPIN,fexport_POC,4999.5,561608900000000.0
SPIN,fexport_POC,5049.5,561611700000000.0
SPIN,fexport_POC,5099.5,561612100000000.0
SPIN,fexport_POC,5149.5,561610500000000.0
SPIN,fexport_POC,5199.5,561611900000000.0
SPIN,fexport_POC,5249.5,561615300000000.0
SPIN,fexport_POC,5299.5,561614700000000.0
SPIN,fexport_POC,5349.5,561615300000000.0
SPIN,fexport_POC,5399.5,561614800000000.0
SPIN,fexport_POC,5449.5,561616700000000.0
SPIN,fexport_POC,5499.5,561614300000000.0
SPIN,fexport_POC,5549.5,561616300000000.0
SPIN,fexport_POC,5599.5,561617900000000.0
SPIN,fexport_POC,5649.5,561622200000000.0
SPIN,fexport_POC,5699.5,561619900000000.0
SPIN,fexport_POC,5749.5,561618700000000.0
SPIN,fexport_POC,5799.5,561622100000000.0
SPIN,fexport_POC,5849.5,561619800000000.0
SPIN,fexport_POC,5899.5,561621000000000.0
SPIN,fexport_POC,5949.5,561621200000000.0
SPIN,fexport_POC,5999.5,561623600000000.0
SPIN,fexport_POC,6049.5,561623100000000.0
SPIN,fexport_POC,6099.5,561622200000000.0
SPIN,fexport_POC,6149.5,561625500000000.0
SPIN,fexport_POC,6199.5,561626100000000.0
SPIN,fexport_POC,6249.5,561628800000000.0
SPIN,fexport_POC,6299.5,561625200000000.0
SPIN,fexport_POC,6349.5,561629600000000.0
SPIN,fexport_POC,6399.5,561629000000000.0
SPIN,fexport_POC,6449.5,561628600000000.0
SPIN,fexport_POC,6499.5,561628000000000.0
SPIN,fexport_POC,6549.5,561628400000000.0
SPIN,fexport_POC,6599.5,561629600000000.0
SPIN,fexport_POC,6649.5,561626500000000.0
SPIN,fexport_POC,6699.5,561628800000000.0
SPIN,fexport_POC,6749.5,561632700000000.0
SPIN,fexport_POC,6799.5,561633900000000.0
SPIN,fexport_POC,6849.5,561634300000000.0
SPIN,fexport_POC,6899.5,561630100000000.0
SPIN,fexport_POC,6949.5,561636500000000.0
SPIN,fexport_POC,6999.5,561629800000000.0
SPIN,fexport_POC,7049.5,561631400000000.0
SPIN,fexport_POC,7099.5,561631500000000.0
SPIN,fexport_POC,7149.5,561633200000000.0
SPIN,fexport_POC,7199.5,561634700000000.0
SPIN,fexport_POC,7249.5,561635200000000.0
SPIN,fexport_POC,7299.5,561633700000000.0
SPIN,fexport_POC,7349.5,561635500000000.0
SPIN,fexport_POC,7399.5,561634500000000.0
SPIN,fexport_POC,7449.5,561635300000000.0
SPIN,fexport_POC,7499.5,561638600000000.0
SPIN,fexport_POC,7549.5,561637600000000.0
SPIN,fexport_POC,7599.5,561636000000000.0
SPIN,fexport_POC,7649.5,561637400000000.0
SPIN,fexport_POC,7699.5,561635300000000.0
SPIN,fexport_POC,7749.5,561637500000000.0
SPIN,fexport_POC,7799.5,561635500000000.0
SPIN,fexport_POC,7849.5,561635500000000.0
SPIN,fexport_POC,7899.5,561638200000000.0
SPIN,fexport_POC,7949.5,561637900000000.0
SPIN,fexport_POC,7999.5,561639300000000.0
SPIN,fexport_POC,8049.5,561639300000000.0
SPIN,fexport_POC,8099.5,561636200000000.0
SPIN,fexport_POC,8149.5,561639000000000.0
SPIN,fexport_POC,8199.5,561639300000000.0
SPIN,fexport_POC,8249.5,561640400000000.0
SPIN,fexport_POC,8299.5,561637400000000.0
SPIN,fexport_POC,8349.5,561638700000000.0
SPIN,fexport_POC,8399.5,561642000000000.0
SPIN,fexport_POC,8449.5,561639000000000.0
SPIN,fexport_POC,8499.5,561642000000000.0
SPIN,fexport_POC,8549.5,561639900000000.0
SPIN,fexport_POC,8599.5,561638900000000.0
SPIN,fexport_POC,8649.5,561641600000000.0
SPIN,fexport_POC,8699.5,561641100000000.0
SPIN,fexport_POC,8749.5,561642800000000.0
SPIN,fexport_POC,8799.5,561640100000000.0
SPIN,fexport_POC,8849.5,561639600000000.0
SPIN,fexport_POC,8899.5,561641800000000.0
SPIN,fexport_POC,8949.5,561640900000000.0
SPIN,fexport_POC,8999.5,561639500000000.0
SPIN,fexport_POC,9049.5,561640600000000.0
SPIN,fexport_POC,9099.5,561642100000000.0
SPIN,fexport_POC,9149.5,561640500000000.0
SPIN,fexport_POC,9199.5,561641000000000.0
SPIN,fexport_POC,9249.5,561639000000000.0
SPIN,fexport_POC,9299.5,561639300000000.0
SPIN,fexport_POC,9349.5,561642600000000.0
SPIN,fexport_POC,9399.5,561643400000000.0
SPIN,fexport_POC,9449.5,561640300000000.0
SPIN,fexport_POC,9499.5,561641300000000.0
SPIN,fexport_POC,9549.5,561641700000000.0
SPIN,fexport_POC,9599.5,561642000000000.0
SPIN,fexport_POC,9649.5,561642200000000.0
SPIN,fexport_POC,9699.5,561641100000000.0
SPIN,fexport_POC,9749.5,561641800000000.0
SPIN,fexport_POC,9799.5,561639800000000.0
SPIN,fexport_POC,9849.5,561641400000000.0
SPIN,fexport_POC,9899.5,561641400000000.0
SPIN,fexport_POC,9949.5,561640200000000.0
SPIN,fexport_POC,9999.5,561643100000000.0
SPIN,ocn_O2,0.5,2.31845477984e+17
SPIN,ocn_O2,1.5,2.34499432742e+17
SPIN,ocn_O2,2.5,2.34809133515e+17
SPIN,ocn_O2,3.5,2.34487756432e+17
SPIN,ocn_O2,4.5,2.33948309677e+17
SPIN,ocn_O2,5.5,2.33358121588e+17
SPIN,ocn_O2,6.5,2.327691192e+17
SPIN,ocn_O2,7.5,2.32206172691e+17
SPIN,ocn_O2,8.5,2.31660139866e+17
SPIN,ocn_O2,9.5,2.31131453479e+17
SPIN,ocn_O2,10.5,2.30625590244e+17
SPIN,ocn_O2,11.5,2.30150425728e+17
SPIN,ocn_O2,12.5,2.29698248939e+17
SPIN,ocn_O2,13.5,2.29262455637e+17
SPIN,ocn_O2,14.5,2.28839377642e+17
SPIN,ocn_O2,15.5,2.28430678724e+17
SPIN,ocn_O2,16.5,2.28036324152e+17
SPIN,ocn_O2,17.5,2.27655071673e+17
SPIN,ocn_O2,18.5,2.27285271284e+17
SPIN,ocn_O2,19.5,2.26928714764e+17
SPIN,ocn_O2,21.5,2.26249172827e+17
SPIN,ocn_O2,23.5,2.25606552714e+17
SPIN,ocn_O2,25.5,2.24994292694e+17
SPIN,ocn_O2,27.5,2.24406657024e+17
SPIN,ocn_O2,29.5,2.23848811877e+17
SPIN,ocn_O2,31.5,2.23320524072e+17
SPIN,ocn_O2,33.5,2.22818131285e+17
SPIN,ocn_O2,35.5,2.22342069758e+17
SPIN,ocn_O2,37.5,2.21893604804e+17
SPIN,ocn_O2,39.5,2.21470546956e+17
SPIN,ocn_O2,41.5,2.21066808526e+17
SPIN,ocn_O2,43.5,2.20677847511e+17
SPIN,ocn_O2,45.5,2.20304573294e+17
SPIN,ocn_O2,47.5,2.19945787556e+17
SPIN,ocn_O2,49.5,2.19600201379e+17
SPIN,ocn_O2,51.5,2.19269377044e+17
SPIN,ocn_O2,53.5,2.18950832893e+17
SPIN,ocn_O2,55.5,2.18643097848e+17
SPIN,ocn_O2,57.5,2.18347194128e+17
SPIN,ocn_O2,59.5,2.1806017025e+17
SPIN,ocn_O2,61.5,2.17784832734e+17
SPIN,ocn_O2,63.5,2.1751893105e+17
SPIN,ocn_O2,65.5,2.17263068215e+17
SPIN,ocn_O2,67.5,2.17015114959e+17
SPIN,ocn_O2,69.5,2.16773736042e+17
SPIN,ocn_O2,71.5,2.16538927039e+17
SPIN,ocn_O2,73.5,2.16310507924e+17
SPIN,ocn_O2,75.5,2.16087886239e+17
SPIN,ocn_O2,77.5,2.15870100522e+17
SPIN,ocn_O2,79.5,2.15657798243e+17
SPIN,ocn_O2,81.5,2.15450608069e+17
SPIN,ocn_O2,83.5,2.15247239847e+17
SPIN,ocn_O2,85.5,2.1504845739e+17
SPIN,ocn_O2,87.5,2.14853263195e+17
SPIN,ocn_O2,89.5,2.14661397737e+17
SPIN,ocn_O2,91.5,2.14473334905e+17
SPIN,ocn_O2,93.5,2.1428831977e+17
SPIN,ocn_O2,95.5,2.14106424571e+17
SPIN,ocn_O2,97.5,2.1392784611e+17
SPIN,ocn_O2,99.5,2.13752908242e+17
SPIN,ocn_O2,104.5,2.13326378653e+17
SPIN,ocn_O2,109.5,2.12917247133e+17
SPIN,ocn_O2,114.5,2.12525356148e+17
SPIN,ocn_O2,119.5,2.12148660824e+17
SPIN,ocn_O2,124.5,2.11783860623e+17
SPIN,ocn_O2,129.5,2.11428548735e+17
SPIN,ocn_O2,134.5,2.11083851532e+17
SPIN,ocn_O2,139.5,2.10748750266e+17
SPIN,ocn_O2,144.5,2.10422622633e+17
SPIN,ocn_O2,149.5,2.10103194421e+17
SPIN,ocn_O2,154.5,2.09791187615e+17
SPIN,ocn_O2,159.5,2.09485585275e+17
SPIN,ocn_O2,164.5,2.09186181935e+17
SPIN,ocn_O2,169.5,2.08893130168e+17
SPIN,ocn_O2,174.5,2.08606186497e+17
SPIN,ocn_O2,179.5,2.08324773057e+17
SPIN,ocn_O2,184.5,2.08048914897e+17
SPIN,ocn_O2,189.5,2.07778524534e+17
SPIN,ocn_O2,194.5,2.07511631133e+17
SPIN,ocn_O2,199.5,2.07249295832e+17
SPIN,ocn_O2,204.5,2.06991558704e+17
SPIN,ocn_O2,209.5,2.06738763306e+17
SPIN,ocn_O2,214.5,2.06489815866e+17
SPIN,ocn_O2,219.5,2.06244500768e+17
SPIN,ocn_O2,224.5,2.06001204771e+17
SPIN,ocn_O2,229.5,2.05761395185e+17
SPIN,ocn_O2,234.5,2.05525332294e+17
SPIN,ocn_O2,239.5,2.05293116545e+17
SPIN,ocn_O2,244.5,2.05064511838e+17
SPIN,ocn_O2,249.5,2.04840805802e+17
SPIN,ocn_O2,254.5,2.04621129537e+17
SPIN,ocn_O2,259.5,2.04403904485e+17
SPIN,ocn_O2,264.5,2.0418955193e+17
SPIN,ocn_O2,269.5,2.03977265151e+17
SPIN,ocn_O2,274.5,2.03768702509e+17
SPIN,ocn_O2,279.5,2.03562153189e+17
SPIN,ocn_O2,284.5,2.03357776539e+17
SPIN,ocn_O2,289.5,2.03155790309e+17
SPIN,ocn_O2,294.5,2.02956120255e+17
SPIN,ocn_O2,299.5,2.02758433816e+17
SPIN,ocn_O2,304.5,2.02563214317e+17
SPIN,ocn_O2,309.5,2.02370655568e+17
SPIN,ocn_O2,314.5,2.02180717274e+17
SPIN,ocn_O2,319.5,2.01992786084e+17
SPIN,ocn_O2,324.5,2.01807015667e+17
SPIN,ocn_O2,329.5,2.01624225538e+17
SPIN,ocn_O2,334.5,2.01443293227e+17
SPIN,ocn_O2,339.5,2.01264430955e+17
SPIN,ocn_O2,344.5,2.01087404444e+17
SPIN,ocn_O2,349.5,2.00912190493e+17
SPIN,ocn_O2,354.5,2.00738535936e+17
SPIN,ocn_O2,359.5,2.00566559562e+17
SPIN,ocn_O2,364.5,2.00396056514e+17
SPIN,ocn_O2,369.5,2.00227347417e+17
SPIN,ocn_O2,374.5,2.00060656656e+17
SPIN,ocn_O2,379.5,1.99895222904e+17
SPIN,ocn_O2,384.5,1.99731169502e+17
SPIN,ocn_O2,389.5,1.99568665676e+17
SPIN,ocn_O2,394.5,1.99407231265e+17
SPIN,ocn_O2,399.5,1.9924685034e+17
SPIN,ocn_O2,404.5,1.99087663123e+17
SPIN,ocn_O2,409.5,1.98929447512e+17
SPIN,ocn_O2,414.5,1.98772301511e+17
SPIN,ocn_O2,419.5,1.98616315253e+17
SPIN,ocn_O2,424.5,1.98461426434e+17
SPIN,ocn_O2,429.5,1.98307876242e+17
SPIN,ocn_O2,434.5,1.98155617363e+17
SPIN,ocn_O2,439.5,1.98004548952e+17
SPIN,ocn_O2,444.5,1.97854451722e+17
SPIN,ocn_O2,449.5,1.97705689404e+17
SPIN,ocn_O2,454.5,1.97557845073e+17
SPIN,ocn_O2,459.5,1.97411190883e+17
SPIN,ocn_O2,464.5,1.97265402989e+17
SPIN,ocn_O2,469.5,1.97120241278e+17
SPIN,ocn_O2,474.5,1.96975920577e+17
SPIN,ocn_O2,479.5,1.96832747685e+17
SPIN,ocn_O2,484.5,1.96690444917e+17
SPIN,ocn_O2,489.5,1.96549029211e+17
SPIN,ocn_O2,494.5,1.96408601558e+17
SPIN,ocn_O2,499.5,1.96268739928e+17
SPIN,ocn_O2,504.5,1.96129775303e+17
SPIN,ocn_O2,509.5,1.95991582246e+17
SPIN,ocn_O2,514.5,1.95854094129e+17
SPIN,ocn_O2,519.5,1.95717370214e+17
SPIN,ocn_O2,524.5,1.95580905612e+17
SPIN,ocn_O2,529.5,1.95445435361e+17
SPIN,ocn_O2,534.5,1.95310569017e+17
SPIN,ocn_O2,539.5,1.95176249e+17
SPIN,ocn_O2,544.5,1.95042670585e+17
SPIN,ocn_O2,549.5,1.9490973915e+17
SPIN,ocn_O2,554.5,1.94777163743e+17
SPIN,ocn_O2,559.5,1.94644749334e+17
SPIN,ocn_O2,564.5,1.94512845293e+17
SPIN,ocn_O2,569.5,1.94381295769e+17
SPIN,ocn_O2,574.5,1.94250219803e+17
SPIN,ocn_O2,579.5,1.94119793484e+17
SPIN,ocn_O2,584.5,1.93989632181e+17
SPIN,ocn_O2,589.5,1.93859989377e+17
SPIN,ocn_O2,594.5,1.937307684e+17
SPIN,ocn_O2,599.5,1.93602197972e+17
SPIN,ocn_O2,604.5,1.93473928176e+17
SPIN,ocn_O2,609.5,1.93346027358e+17
SPIN,ocn_O2,614.5,1.93218419682e+17
SPIN,ocn_O2,619.5,1.93091237026e+17
SPIN,ocn_O2,624.5,1.92964328597e+17
SPIN,ocn_O2,629.5,1.9283808907e+17
SPIN,ocn_O2,634.5,1.92711933856e+17
SPIN,ocn_O2,639.5,1.92585839075e+17
SPIN,ocn_O2,644.5,1.9246014502e+17
SPIN,ocn_O2,649.5,1.92334425957e+17
SPIN,ocn_O2,654.5,1.92208893184e+17
SPIN,ocn_O2,659.5,1.92084074197e+17
SPIN,ocn_O2,664.5,1.91959353322e+17
SPIN,ocn_O2,669.5,1.91834920018e+17
SPIN,ocn_O2,674.5,1.91710737541e+17
SPIN,ocn_O2,679.5,1.91586946834e+17
SPIN,ocn_O2,684.5,1.91463220788e+17
SPIN,ocn_O2,689.5,1.9133968689e+17
SPIN,ocn_O2,694.5,1.9121647647e+17
SPIN,ocn_O2,699.5,1.910935549e+17
SPIN,ocn_O2,704.5,1.9097086399e+17
SPIN,ocn_O2,709.5,1.90848294485e+17
SPIN,ocn_O2,714.5,1.90725975906e+17
SPIN,ocn_O2,719.5,1.90604032373e+17
SPIN,ocn_O2,724.5,1.90482195919e+17
SPIN,ocn_O2,729.5,1.90360560693e+17
SPIN,ocn_O2,734.5,1.90239232939e+17
SPIN,ocn_O2,739.5,1.90118081089e+17
SPIN,ocn_O2,744.5,1.89996922337e+17
SPIN,ocn_O2,749.5,1.89876046932e+17
SPIN,ocn_O2,754.5,1.8975532061e+17
SPIN,ocn_O2,759.5,1.89634792419e+17
SPIN,ocn_O2,764.5,1.89514404962e+17
SPIN,ocn_O2,769.5,1.89394140372e+17
SPIN,ocn_O2,774.5,1.89273897176e+17
SPIN,ocn_O2,779.5,1.89153904491e+17
SPIN,ocn_O2,784.5,1.89034086143e+17
SPIN,ocn_O2,789.5,1.88914330063e+17
SPIN,ocn_O2,794.5,1.88795382026e+17
SPIN,ocn_O2,799.5,1.8867708335e+17
SPIN,ocn_O2,804.5,1.88559110071e+17
SPIN,ocn_O2,809.5,1.88441317614e+17
SPIN,ocn_O2,814.5,1.88323934487e+17
SPIN,ocn_O2,819.5,1.88206948105e+17
SPIN,ocn_O2,824.5,1.88090361349e+17
SPIN,ocn_O2,829.5,1.87974003454e+17
SPIN,ocn_O2,834.5,1.87857757487e+17
SPIN,ocn_O2,839.5,1.87741338197e+17
SPIN,ocn_O2,844.5,1.87625460385e+17
SPIN,ocn_O2,849.5,1.8750972444e+17
SPIN,ocn_O2,854.5,1.87393891034e+17
SPIN,ocn_O2,859.5,1.87278207873e+17
SPIN,ocn_O2,864.5,1.87162632221e+17
SPIN,ocn_O2,869.5,1.87047697064e+17
SPIN,ocn_O2,874.5,1.86933013775e+17
SPIN,ocn_O2,879.5,1.86818586971e+17
SPIN,ocn_O2,884.5,1.86704519184e+17
SPIN,ocn_O2,889.5,1.86590799841e+17
SPIN,ocn_O2,894.5,1.86477696527e+17
SPIN,ocn_O2,899.5,1.8636486022e+17
SPIN,ocn_O2,904.5,1.86252378435e+17
SPIN,ocn_O2,909.5,1.86139061365e+17
SPIN,ocn_O2,914.5,1.86026371585e+17
SPIN,ocn_O2,919.5,1.85913996969e+17
SPIN,ocn_O2,924.5,1.85802095083e+17
SPIN,ocn_O2,929.5,1.8569071149e+17
SPIN,ocn_O2,934.5,1.85579674402e+17
SPIN,ocn_O2,939.5,1.85468767481e+17
SPIN,ocn_O2,944.5,1.85358457952e+17
SPIN,ocn_O2,949.5,1.85249411713e+17
SPIN,ocn_O2,954.5,1.85141194756e+17
SPIN,ocn_O2,959.5,1.85032740257e+17
SPIN,ocn_O2,964.5,1.84925069888e+17
SPIN,ocn_O2,969.5,1.84817509122e+17
SPIN,ocn_O2,974.5,1.84710417463e+17
SPIN,ocn_O2,979.5,1.84603813269e+17
SPIN,ocn_O2,984.5,1.84497625293e+17
SPIN,ocn_O2,989.5,1.84392120901e+17
SPIN,ocn_O2,994.5,1.84286590346e+17
SPIN,ocn_O2,999.5,1.84180953096e+17
SPIN,ocn_O2,1019.5,1.83763266688e+17
SPIN,ocn_O2,1039.5,1.83354360855e+17
SPIN,ocn_O2,1059.5,1.82953350085e+17
SPIN,ocn_O2,1079.5,1.82560112377e+17
SPIN,ocn_O2,1099.5,1.82174472023e+17
SPIN,ocn_O2,1119.5,1.81796484462e+17
SPIN,ocn_O2,1139.5,1.81425073947e+17
SPIN,ocn_O2,1159.5,1.81060011861e+17
SPIN,ocn_O2,1179.5,1.80701873428e+17
SPIN,ocn_O2,1199.5,1.80350792994e+17
SPIN,ocn_O2,1219.5,1.80007120166e+17
SPIN,ocn_O2,1239.5,1.79670492056e+17
SPIN,ocn_O2,1259.5,1.79341081888e+17
SPIN,ocn_O2,1279.5,1.79018539019e+17
SPIN,ocn_O2,1299.5,1.78703230028e+17
SPIN,ocn_O2,1319.5,1.78394976062e+17
SPIN,ocn_O2,1339.5,1.78093366094e+17
SPIN,ocn_O2,1359.5,1.77798475765e+17
SPIN,ocn_O2,1379.5,1.77509974036e+17
SPIN,ocn_O2,1399.5,1.77228086835e+17
SPIN,ocn_O2,1419.5,1.76952579069e+17
SPIN,ocn_O2,1439.5,1.76683410027e+17
SPIN,ocn_O2,1459.5,1.76420421347e+17
SPIN,ocn_O2,1479.5,1.76163659935e+17
SPIN,ocn_O2,1499.5,1.75912961213e+17
SPIN,ocn_O2,1519.5,1.756680906e+17
SPIN,ocn_O2,1539.5,1.75428995736e+17
SPIN,ocn_O2,1559.5,1.7519533452e+17
SPIN,ocn_O2,1579.5,1.74967295409e+17
SPIN,ocn_O2,1599.5,1.74744618403e+17
SPIN,ocn_O2,1619.5,1.7452729015e+17
SPIN,ocn_O2,1639.5,1.74315310034e+17
SPIN,ocn_O2,1659.5,1.74108218955e+17
SPIN,ocn_O2,1679.5,1.7390534837e+17
SPIN,ocn_O2,1699.5,1.7370726569e+17
SPIN,ocn_O2,1719.5,1.73514070853e+17
SPIN,ocn_O2,1739.5,1.73325398575e+17
SPIN,ocn_O2,1759.5,1.7314134085e+17
SPIN,ocn_O2,1779.5,1.72961865808e+17
SPIN,ocn_O2,1799.5,1.72786736757e+17
SPIN,ocn_O2,1819.5,1.72615994199e+17
SPIN,ocn_O2,1839.5,1.72449262894e+17
SPIN,ocn_O2,1859.5,1.72286984361e+17
SPIN,ocn_O2,1879.5,1.72128475991e+17
SPIN,ocn_O2,1899.5,1.71974060114e+17
SPIN,ocn_O2,1919.5,1.71823425513e+17
SPIN,ocn_O2,1939.5,1.71676394958e+17
SPIN,ocn_O2,1959.5,1.71532962698e+17
SPIN,ocn_O2,1979.5,1.71393029735e+17
SPIN,ocn_O2,1999.5,1.71256618129e+17
SPIN,ocn_O2,2049.5,1.70930872137e+17
SPIN,ocn_O2,2099.5,1.70626514163e+17
SPIN,ocn_O2,2149.5,1.70340871745e+17
SPIN,ocn_O2,2199.5,1.70072887216e+17
SPIN,ocn_O2,2249.5,1.69821497076e+17
SPIN,ocn_O2,2299.5,1.69585851277e+17
SPIN,ocn_O2,2349.5,1.69365110085e+17
SPIN,ocn_O2,2399.5,1.69158386613e+17
SPIN,ocn_O2,2449.5,1.68964961651e+17
SPIN,ocn_O2,2499.5,1.68783740993e+17
SPIN,ocn_O2,2549.5,1.68614510589e+17
SPIN,ocn_O2,2599.5,1.68456358504e+17
SPIN,ocn_O2,2649.5,1.68308645916e+17
SPIN,ocn_O2,2699.5,1.6817077654e+17
SPIN,ocn_O2,2749.5,1.68042138838e+17
SPIN,ocn_O2,2799.5,1.67922903349e+17
SPIN,ocn_O2,2849.5,1.67811504574e+17
SPIN,ocn_O2,2899.5,1.67707693897e+17
SPIN,ocn_O2,2949.5,1.67611107247e+17
SPIN,ocn_O2,2999.5,1.67521267086e+17
SPIN,ocn_O2,3049.5,1.67437662012e+17
SPIN,ocn_O2,3099.5,1.67359898492e+17
SPIN,ocn_O2,3149.5,1.6728782282e+17
SPIN,ocn_O2,3199.5,1.67220977404e+17
SPIN,ocn_O2,3249.5,1.67158861298e+17
SPIN,ocn_O2,3299.5,1.67101345279e+17
SPIN,ocn_O2,3349.5,1.67048039833e+17
SPIN,ocn_O2,3399.5,1.66998757608e+17
SPIN,ocn_O2,3449.5,1.66953142738e+17
SPIN,ocn_O2,3499.5,1.66910843552e+17
SPIN,ocn_O2,3549.5,1.66871903391e+17
SPIN,ocn_O2,3599.5,1.66836036451e+17
SPIN,ocn_O2,3649.5,1.66802834571e+17
SPIN,ocn_O2,3699.5,1.66772298078e+17
SPIN,ocn_O2,3749.5,1.6674404784e+17
SPIN,ocn_O2,3799.5,1.66718055389e+17
SPIN,ocn_O2,3849.5,1.66694229105e+17
SPIN,ocn_O2,3899.5,1.6667230313e+17
SPIN,ocn_O2,3949.5,1.66652104837e+17
SPIN,ocn_O2,3999.5,1.66633748686e+17
SPIN,ocn_O2,4049.5,1.66616851441e+17
SPIN,ocn_O2,4099.5,1.66601521613e+17
SPIN,ocn_O2,4149.5,1.6658774377e+17
SPIN,ocn_O2,4199.5,1.66575229304e+17
SPIN,ocn_O2,4249.5,1.66563811451e+17
SPIN,ocn_O2,4299.5,1.66553517831e+17
SPIN,ocn_O2,4349.5,1.66544277617e+17
SPIN,ocn_O2,4399.5,1.66535885528e+17
SPIN,ocn_O2,4449.5,1.66528320443e+17
SPIN,ocn_O2,4499.5,1.66521558156e+17
SPIN,ocn_O2,4549.5,1.66515417425e+17
SPIN,ocn_O2,4599.5,1.66510102593e+17
SPIN,ocn_O2,4649.5,1.6650550931e+17
SPIN,ocn_O2,4699.5,1.66501429873e+17
SPIN,ocn_O2,4749.5,1.66497985795e+17
SPIN,ocn_O2,4799.5,1.6649501513e+17
SPIN,ocn_O2,4849.5,1.6649234428e+17
SPIN,ocn_O2,4899.5,1.66490286385e+17
SPIN,ocn_O2,4949.5,1.66488688945e+17
SPIN,ocn_O2,4999.5,1.66487375812e+17
SPIN,ocn_O2,5049.5,1.66486479574e+17
SPIN,ocn_O2,5099.5,1.66485898061e+17
SPIN,ocn_O2,5149.5,1.664856539e+17
SPIN,ocn_O2,5199.5,1.66485608832e+17
SPIN,ocn_O2,5249.5,1.66485859803e+17
SPIN,ocn_O2,5299.5,1.66486346369e+17
SPIN,ocn_O2,5349.5,1.66487028791e+17
SPIN,ocn_O2,5399.5,1.66487905111e+17
SPIN,ocn_O2,5449.5,1.66488930459e+17
SPIN,ocn_O2,5499.5,1.66490199286e+17
SPIN,ocn_O2,5549.5,1.66491646532e+17
SPIN,ocn_O2,5599.5,1.6649318595e+17
SPIN,ocn_O2,5649.5,1.66494878553e+17
SPIN,ocn_O2,5699.5,1.66496788136e+17
SPIN,ocn_O2,5749.5,1.66498862813e+17
SPIN,ocn_O2,5799.5,1.66500905344e+17
SPIN,ocn_O2,5849.5,1.6650302826e+17
SPIN,ocn_O2,5899.5,1.66505347289e+17
SPIN,ocn_O2,5949.5,1.66507753059e+17
SPIN,ocn_O2,5999.5,1.66510299615e+17
SPIN,ocn_O2,6049.5,1.66512877717e+17
SPIN,ocn_O2,6099.5,1.66515564719e+17
SPIN,ocn_O2,6149.5,1.66518250274e+17
SPIN,ocn_O2,6199.5,1.66521040579e+17
SPIN,ocn_O2,6249.5,1.66523860225e+17
SPIN,ocn_O2,6299.5,1.66526763207e+17
SPIN,ocn_O2,6349.5,1.66529728394e+17
SPIN,ocn_O2,6399.5,1.66532566855e+17
SPIN,ocn_O2,6449.5,1.66535464238e+17
SPIN,ocn_O2,6499.5,1.6653854144e+17
SPIN,ocn_O2,6549.5,1.66541436012e+17
SPIN,ocn_O2,6599.5,1.66544566155e+17
SPIN,ocn_O2,6649.5,1.66547617982e+17
SPIN,ocn_O2,6699.5,1.66550672632e+17
SPIN,ocn_O2,6749.5,1.66553898542e+17
SPIN,ocn_O2,6799.5,1.66557065326e+17
SPIN,ocn_O2,6849.5,1.66560250271e+17
SPIN,ocn_O2,6899.5,1.66563396791e+17
SPIN,ocn_O2,6949.5,1.66566685761e+17
SPIN,ocn_O2,6999.5,1.66569888865e+17
SPIN,ocn_O2,7049.5,1.66573219297e+17
SPIN,ocn_O2,7099.5,1.66576593294e+17
SPIN,ocn_O2,7149.5,1.66579812897e+17
SPIN,ocn_O2,7199.5,1.66583106451e+17
SPIN,ocn_O2,7249.5,1.66586458697e+17
SPIN,ocn_O2,7299.5,1.66589777856e+17
SPIN,ocn_O2,7349.5,1.66593132569e+17
SPIN,ocn_O2,7399.5,1.66596398629e+17
SPIN,ocn_O2,7449.5,1.66599851655e+17
SPIN,ocn_O2,7499.5,1.66603082576e+17
SPIN,ocn_O2,7549.5,1.66606462345e+17
SPIN,ocn_O2,7599.5,1.66609627321e+17
SPIN,ocn_O2,7649.5,1.66613080954e+17
SPIN,ocn_O2,7699.5,1.66616373684e+17
SPIN,ocn_O2,7749.5,1.6661982472e+17
SPIN,ocn_O2,7799.5,1.66623112513e+17
SPIN,ocn_O2,7849.5,1.66626463386e+17
SPIN,ocn_O2,7899.5,1.66629864459e+17
SPIN,ocn_O2,7949.5,1.66633213965e+17
SPIN,ocn_O2,7999.5,1.66636649319e+17
SPIN,ocn_O2,8049.5,1.66640043941e+17
SPIN,ocn_O2,8099.5,1.66643484043e+17
SPIN,ocn_O2,8149.5,1.66646870666e+17
SPIN,ocn_O2,8199.5,1.66650273008e+17
SPIN,ocn_O2,8249.5,1.66653628448e+17
SPIN,ocn_O2,8299.5,1.66656990472e+17
SPIN,ocn_O2,8349.5,1.6666036659e+17
SPIN,ocn_O2,8399.5,1.66663742323e+17
SPIN,ocn_O2,8449.5,1.66667058356e+17
SPIN,ocn_O2,8499.5,1.66670442706e+17
SPIN,ocn_O2,8549.5,1.66673769465e+17
SPIN,ocn_O2,8599.5,1.66677138975e+17
SPIN,ocn_O2,8649.5,1.66680563374e+17
SPIN,ocn_O2,8699.5,1.6668389862e+17
SPIN,ocn_O2,8749.5,1.66687187681e+17
SPIN,ocn_O2,8799.5,1.66690569209e+17
SPIN,ocn_O2,8849.5,1.66693820274e+17
SPIN,ocn_O2,8899.5,1.6669725024e+17
SPIN,ocn_O2,8949.5,1.66700601555e+17
SPIN,ocn_O2,8999.5,1.66703952239e+17
SPIN,ocn_O2,9049.5,1.66707343229e+17
SPIN,ocn_O2,9099.5,1.66710741675e+17
SPIN,ocn_O2,9149.5,1.66714083549e+17
SPIN,ocn_O2,9199.5,1.66717374833e+17
SPIN,ocn_O2,9249.5,1.667207058e+17
SPIN,ocn_O2,9299.5,1.66724085883e+17
SPIN,ocn_O2,9349.5,1.66727391832e+17
SPIN,ocn_O2,9399.5,1.66730685569e+17
SPIN,ocn_O2,9449.5,1.66733993522e+17
SPIN,ocn_O2,9499.5,1.66737217155e+17
SPIN,ocn_O2,9549.5,1.66740518517e+17
SPIN,ocn_O2,9599.5,1.66743744658e+17
SPIN,ocn_O2,9649.5,1.66746999054e+17
SPIN,ocn_O2,9699.5,1.66750306205e+17
SPIN,ocn_O2,9749.5,1.66753658515e+17
SPIN,ocn_O2,9799.5,1.66756988101e+17
SPIN,ocn_O2,9849.5,1.66760213472e+17
SPIN,ocn_O2,9899.5,1.66763553964e+17
SPIN,ocn_O2,9949.5,1.66766722496e+17
SPIN,ocn_O2,9999.5,1.66770084076e+17
SPIN,ocn_ALK,0.5,2.65525483765e+18
SPIN,ocn_ALK,1.5,2.6554595368e+18
SPIN,ocn_ALK,2.5,2.65543654886e+18
SPIN,ocn_ALK,3.5,2.65539108481e+18
SPIN,ocn_ALK,4.5,2.65535042796e+18
SPIN,ocn_ALK,5.5,2.65531886094e+18
SPIN,ocn_ALK,6.5,2.65529464548e+18
SPIN,ocn_ALK,7.5,2.65527620048e+18
SPIN,ocn_ALK,8.5,2.65526136696e+18
SPIN,ocn_ALK,9.5,2.65524946606e+18
SPIN,ocn_ALK,10.5,2.65523955682e+18
SPIN,ocn_ALK,11.5,2.65523081235e+18
SPIN,ocn_ALK,12.5,2.65522323571e+18
SPIN,ocn_ALK,13.5,2.65521673629e+18
SPIN,ocn_ALK,14.5,2.65521049485e+18
SPIN,ocn_ALK,15.5,2.6552050109e+18
SPIN,ocn_ALK,16.5,2.65520012351e+18
SPIN,ocn_ALK,17.5,2.65519490284e+18
SPIN,ocn_ALK,18.5,2.65519057213e+18
SPIN,ocn_ALK,19.5,2.65518689266e+18
SPIN,ocn_ALK,21.5,2.65518045508e+18
SPIN,ocn_ALK,23.5,2.65517483198e+18
SPIN,ocn_ALK,25.5,2.65516974021e+18
SPIN,ocn_ALK,27.5,2.65516508677e+18
SPIN,ocn_ALK,29.5,2.65515924866e+18
SPIN,ocn_ALK,31.5,2.65515381619e+18
SPIN,ocn_ALK,33.5,2.65515019734e+18
SPIN,ocn_ALK,35.5,2.65514718827e+18
SPIN,ocn_ALK,37.5,2.65514476031e+18
SPIN,ocn_ALK,39.5,2.65514237407e+18
SPIN,ocn_ALK,41.5,2.65514013016e+18
SPIN,ocn_ALK,43.5,2.65513799495e+18
SPIN,ocn_ALK,45.5,2.65513593245e+18
SPIN,ocn_ALK,47.5,2.65513393999e+18
SPIN,ocn_ALK,49.5,2.65513200306e+18
SPIN,ocn_ALK,51.5,2.65513031436e+18
SPIN,ocn_ALK,53.5,2.65512878203e+18
SPIN,ocn_ALK,55.5,2.65512731521e+18
SPIN,ocn_ALK,57.5,2.65512596816e+18
SPIN,ocn_ALK,59.5,2.65512471058e+18
SPIN,ocn_ALK,61.5,2.65512365887e+18
SPIN,ocn_ALK,63.5,2.65512292684e+18
SPIN,ocn_ALK,65.5,2.6551225471e+18
SPIN,ocn_ALK,67.5,2.65512231111e+18
SPIN,ocn_ALK,69.5,2.65512221847e+18
SPIN,ocn_ALK,71.5,2.65512222069e+18
SPIN,ocn_ALK,73.5,2.65512237314e+18
SPIN,ocn_ALK,75.5,2.65512270115e+18
SPIN,ocn_ALK,77.5,2.65512337679e+18
SPIN,ocn_ALK,79.5,2.65512424973e+18
SPIN,ocn_ALK,81.5,2.6551252625e+18
SPIN,ocn_ALK,83.5,2.65512634457e+18
SPIN,ocn_ALK,85.5,2.655127592e+18
SPIN,ocn_ALK,87.5,2.65512887017e+18
SPIN,ocn_ALK,89.5,2.65513014159e+18
SPIN,ocn_ALK,91.5,2.65513147685e+18
SPIN,ocn_ALK,93.5,2.65513281799e+18
SPIN,ocn_ALK,95.5,2.65513412612e+18
SPIN,ocn_ALK,97.5,2.65513539322e+18
SPIN,ocn_ALK,99.5,2.65513664039e+18
SPIN,ocn_ALK,104.5,2.65513957084e+18
SPIN,ocn_ALK,109.5,2.65514229036e+18
SPIN,ocn_ALK,114.5,2.65514480671e+18
SPIN,ocn_ALK,119.5,2.65514714249e+18
SPIN,ocn_ALK,124.5,2.6551494022e+18
SPIN,ocn_ALK,129.5,2.65515186131e+18
SPIN,ocn_ALK,134.5,2.65515513627e+18
SPIN,ocn_ALK,139.5,2.65515911962e+18
SPIN,ocn_ALK,144.5,2.65516338397e+18
SPIN,ocn_ALK,149.5,2.65516764385e+18
SPIN,ocn_ALK,154.5,2.65517218295e+18
SPIN,ocn_ALK,159.5,2.65517687746e+18
SPIN,ocn_ALK,164.5,2.65518200703e+18
SPIN,ocn_ALK,169.5,2.65518760065e+18
SPIN,ocn_ALK,174.5,2.65519348216e+18
SPIN,ocn_ALK,179.5,2.65519984779e+18
SPIN,ocn_ALK,184.5,2.65520728402e+18
SPIN,ocn_ALK,189.5,2.6552153785e+18
SPIN,ocn_ALK,194.5,2.65522370929e+18
SPIN,ocn_ALK,199.5,2.65523256028e+18
SPIN,ocn_ALK,204.5,2.65524168142e+18
SPIN,ocn_ALK,209.5,2.65525130233e+18
SPIN,ocn_ALK,214.5,2.65526101092e+18
SPIN,ocn_ALK,219.5,2.65527101667e+18
SPIN,ocn_ALK,224.5,2.65528110059e+18
SPIN,ocn_ALK,229.5,2.65529188247e+18
SPIN,ocn_ALK,234.5,2.65530303394e+18
SPIN,ocn_ALK,239.5,2.65531483561e+18
SPIN,ocn_ALK,244.5,2.65532655921e+18
SPIN,ocn_ALK,249.5,2.65533864651e+18
SPIN,ocn_ALK,254.5,2.65535120438e+18
SPIN,ocn_ALK,259.5,2.65536369474e+18
SPIN,ocn_ALK,264.5,2.65537612301e+18
SPIN,ocn_ALK,269.5,2.65538857676e+18
SPIN,ocn_ALK,274.5,2.65540105713e+18
SPIN,ocn_ALK,279.5,2.65541351409e+18
SPIN,ocn_ALK,284.5,2.65542593808e+18
SPIN,ocn_ALK,289.5,2.65543829983e+18
SPIN,ocn_ALK,294.5,2.65545059156e+18
SPIN,ocn_ALK,299.5,2.6554628484e+18
SPIN,ocn_ALK,304.5,2.65547521463e+18
SPIN,ocn_ALK,309.5,2.65548776771e+18
SPIN,ocn_ALK,314.5,2.65550051801e+18
SPIN,ocn_ALK,319.5,2.6555133811e+18
SPIN,ocn_ALK,324.5,2.65552641079e+18
SPIN,ocn_ALK,329.5,2.65553955994e+18
SPIN,ocn_ALK,334.5,2.65555281493e+18
SPIN,ocn_ALK,339.5,2.65556622427e+18
SPIN,ocn_ALK,344.5,2.65557973272e+18
SPIN,ocn_ALK,349.5,2.6555933332e+18
SPIN,ocn_ALK,354.5,2.65560686569e+18
SPIN,ocn_ALK,359.5,2.65562043077e+18
SPIN,ocn_ALK,364.5,2.65563401915e+18
SPIN,ocn_ALK,369.5,2.6556474916e+18
SPIN,ocn_ALK,374.5,2.65566074905e+18
SPIN,ocn_ALK,379.5,2.65567381181e+18
SPIN,ocn_ALK,384.5,2.65568693594e+18
SPIN,ocn_ALK,389.5,2.65570000046e+18
SPIN,ocn_ALK,394.5,2.65571284585e+18
SPIN,ocn_ALK,399.5,2.65572559625e+18
SPIN,ocn_ALK,404.5,2.65573818207e+18
SPIN,ocn_ALK,409.5,2.65575056908e+18
SPIN,ocn_ALK,414.5,2.65576280897e+18
SPIN,ocn_ALK,419.5,2.65577482214e+18
SPIN,ocn_ALK,424.5,2.65578670404e+18
SPIN,ocn_ALK,429.5,2.65579857468e+18
SPIN,ocn_ALK,434.5,2.65581036685e+18
SPIN,ocn_ALK,439.5,2.65582210058e+18
SPIN,ocn_ALK,444.5,2.65583368437e+18
SPIN,ocn_ALK,449.5,2.65584521333e+18
SPIN,ocn_ALK,454.5,2.65585664551e+18
SPIN,ocn_ALK,459.5,2.65586793244e+18
SPIN,ocn_ALK,464.5,2.65587901095e+18
SPIN,ocn_ALK,469.5,2.65588994047e+18
SPIN,ocn_ALK,474.5,2.65590082827e+18
SPIN,ocn_ALK,479.5,2.65591157508e+18
SPIN,ocn_ALK,484.5,2.65592210491e+18
SPIN,ocn_ALK,489.5,2.65593245376e+18
SPIN,ocn_ALK,494.5,2.65594268281e+18
SPIN,ocn_ALK,499.5,2.6559527713e+18
SPIN,ocn_ALK,504.5,2.6559627369e+18
SPIN,ocn_ALK,509.5,2.65597252312e+18
SPIN,ocn_ALK,514.5,2.65598213521e+18
SPIN,ocn_ALK,519.5,2.65599165324e+18
SPIN,ocn_ALK,524.5,2.65600107897e+18
SPIN,ocn_ALK,529.5,2.65601039817e+18
SPIN,ocn_ALK,534.5,2.65601959057e+18
SPIN,ocn_ALK,539.5,2.65602860846e+18
SPIN,ocn_ALK,544.5,2.65603745436e+18
SPIN,ocn_ALK,549.5,2.65604611682e+18
SPIN,ocn_ALK,554.5,2.65605460409e+18
SPIN,ocn_ALK,559.5,2.65606289382e+18
SPIN,ocn_ALK,564.5,2.6560710356e+18
SPIN,ocn_ALK,569.5,2.65607902508e+18
SPIN,ocn_ALK,574.5,2.65608686488e+18
SPIN,ocn_ALK,579.5,2.65609459796e+18
SPIN,ocn_ALK,584.5,2.6561021948e+18
SPIN,ocn_ALK,589.5,2.65610966922e+18
SPIN,ocn_ALK,594.5,2.65611703286e+18
SPIN,ocn_ALK,599.5,2.65612433015e+18
SPIN,ocn_ALK,604.5,2.65613154987e+18
SPIN,ocn_ALK,609.5,2.65613870118e+18
SPIN,ocn_ALK,614.5,2.65614577449e+18
SPIN,ocn_ALK,619.5,2.65615276583e+18
SPIN,ocn_ALK,624.5,2.6561596525e+18
SPIN,ocn_ALK,629.5,2.65616642054e+18
SPIN,ocn_ALK,634.5,2.6561730598e+18
SPIN,ocn_ALK,639.5,2.6561795932e+18
SPIN,ocn_ALK,644.5,2.65618608137e+18
SPIN,ocn_ALK,649.5,2.65619251253e+18
SPIN,ocn_ALK,654.5,2.65619885568e+18
SPIN,ocn_ALK,659.5,2.65620514382e+18
SPIN,ocn_ALK,664.5,2.65621137103e+18
SPIN,ocn_ALK,669.5,2.65621754659e+18
SPIN,ocn_ALK,674.5,2.65622371053e+18
SPIN,ocn_ALK,679.5,2.65622986226e+18
SPIN,ocn_ALK,684.5,2.65623598955e+18
SPIN,ocn_ALK,689.5,2.65624208877e+18
SPIN,ocn_ALK,694.5,2.65624812758e+18
SPIN,ocn_ALK,699.5,2.65625410048e+18
SPIN,ocn_ALK,704.5,2.65625999976e+18
SPIN,ocn_ALK,709.5,2.65626584858e+18
SPIN,ocn_ALK,714.5,2.6562716358e+18
SPIN,ocn_ALK,719.5,2.65627735101e+18
SPIN,ocn_ALK,724.5,2.65628304748e+18
SPIN,ocn_ALK,729.5,2.65628872383e+18
SPIN,ocn_ALK,734.5,2.65629439536e+18
SPIN,ocn_ALK,739.5,2.65630008342e+18
SPIN,ocn_ALK,744.5,2.65630573538e+18
SPIN,ocn_ALK,749.5,2.65631135072e+18
SPIN,ocn_ALK,754.5,2.65631695887e+18
SPIN,ocn_ALK,759.5,2.65632253853e+18
SPIN,ocn_ALK,764.5,2.65632807425e+18
SPIN,ocn_ALK,769.5,2.65633358602e+18
SPIN,ocn_ALK,774.5,2.65633906853e+18
SPIN,ocn_ALK,779.5,2.65634461598e+18
SPIN,ocn_ALK,784.5,2.65635022169e+18
SPIN,ocn_ALK,789.5,2.65635580862e+18
SPIN,ocn_ALK,794.5,2.65636136787e+18
SPIN,ocn_ALK,799.5,2.656366879e+18
SPIN,ocn_ALK,804.5,2.65637233375e+18
SPIN,ocn_ALK,809.5,2.65637774603e+18
SPIN,ocn_ALK,814.5,2.65638313872e+18
SPIN,ocn_ALK,819.5,2.6563885384e+18
SPIN,ocn_ALK,824.5,2.6563939277e+18
SPIN,ocn_ALK,829.5,2.65639929113e+18
SPIN,ocn_ALK,834.5,2.65640464654e+18
SPIN,ocn_ALK,839.5,2.65640997799e+18
SPIN,ocn_ALK,844.5,2.65641527952e+18
SPIN,ocn_ALK,849.5,2.65642054953e+18
SPIN,ocn_ALK,854.5,2.65642578448e+18
SPIN,ocn_ALK,859.5,2.65643102391e+18
SPIN,ocn_ALK,864.5,2.65643625311e+18
SPIN,ocn_ALK,869.5,2.65644150925e+18
SPIN,ocn_ALK,874.5,2.65644679173e+18
SPIN,ocn_ALK,879.5,2.6564520736e+18
SPIN,ocn_ALK,884.5,2.65645736494e+18
SPIN,ocn_ALK,889.5,2.65646266362e+18
SPIN,ocn_ALK,894.5,2.6564679605e+18
SPIN,ocn_ALK,899.5,2.65647325068e+18
SPIN,ocn_ALK,904.5,2.656478547e+18
SPIN,ocn_ALK,909.5,2.65648383689e+18
SPIN,ocn_ALK,914.5,2.6564891273e+18
SPIN,ocn_ALK,919.5,2.65649438993e+18
SPIN,ocn_ALK,924.5,2.65649963889e+18
SPIN,ocn_ALK,929.5,2.65650486016e+18
SPIN,ocn_ALK,934.5,2.65651007766e+18
SPIN,ocn_ALK,939.5,2.6565153001e+18
SPIN,ocn_ALK,944.5,2.6565205036e+18
SPIN,ocn_ALK,949.5,2.65652569568e+18
SPIN,ocn_ALK,954.5,2.65653088195e+18
SPIN,ocn_ALK,959.5,2.65653604324e+18
SPIN,ocn_ALK,964.5,2.65654119724e+18
SPIN,ocn_ALK,969.5,2.6565463359e+18
SPIN,ocn_ALK,974.5,2.65655147213e+18
SPIN,ocn_ALK,979.5,2.65655660403e+18
SPIN,ocn_ALK,984.5,2.656561737e+18
SPIN,ocn_ALK,989.5,2.65656687394e+18
SPIN,ocn_ALK,994.5,2.65657200005e+18
SPIN,ocn_ALK,999.5,2.65657711387e+18
SPIN,ocn_ALK,1019.5,2.65659734842e+18
SPIN,ocn_ALK,1039.5,2.6566175314e+18
SPIN,ocn_ALK,1059.5,2.65663763882e+18
SPIN,ocn_ALK,1079.5,2.65665807517e+18
SPIN,ocn_ALK,1099.5,2.65667846478e+18
SPIN,ocn_ALK,1119.5,2.65669866914e+18
SPIN,ocn_ALK,1139.5,2.65671864425e+18
SPIN,ocn_ALK,1159.5,2.65673844246e+18
SPIN,ocn_ALK,1179.5,2.65675789212e+18
SPIN,ocn_ALK,1199.5,2.6567770603e+18
SPIN,ocn_ALK,1219.5,2.65679588918e+18
SPIN,ocn_ALK,1239.5,2.65681432038e+18
SPIN,ocn_ALK,1259.5,2.65683235694e+18
SPIN,ocn_ALK,1279.5,2.65684995744e+18
SPIN,ocn_ALK,1299.5,2.6568671222e+18
SPIN,ocn_ALK,1319.5,2.65688382443e+18
SPIN,ocn_ALK,1339.5,2.65690000619e+18
SPIN,ocn_ALK,1359.5,2.65691568838e+18
SPIN,ocn_ALK,1379.5,2.65693081997e+18
SPIN,ocn_ALK,1399.5,2.65694546631e+18
SPIN,ocn_ALK,1419.5,2.65695957821e+18
SPIN,ocn_ALK,1439.5,2.6569731599e+18
SPIN,ocn_ALK,1459.5,2.65698624545e+18
SPIN,ocn_ALK,1479.5,2.65699882534e+18
SPIN,ocn_ALK,1499.5,2.65701091795e+18
SPIN,ocn_ALK,1519.5,2.65702256467e+18
SPIN,ocn_ALK,1539.5,2.65703376984e+18
SPIN,ocn_ALK,1559.5,2.65704454137e+18
SPIN,ocn_ALK,1579.5,2.65705488253e+18
SPIN,ocn_ALK,1599.5,2.65706481379e+18
SPIN,ocn_ALK,1619.5,2.65707443236e+18
SPIN,ocn_ALK,1639.5,2.65708370953e+18
SPIN,ocn_ALK,1659.5,2.6570925152e+18
SPIN,ocn_ALK,1679.5,2.65710087425e+18
SPIN,ocn_ALK,1699.5,2.65710884056e+18
SPIN,ocn_ALK,1719.5,2.65711645668e+18
SPIN,ocn_ALK,1739.5,2.6571237118e+18
SPIN,ocn_ALK,1759.5,2.65713063401e+18
SPIN,ocn_ALK,1779.5,2.65713723333e+18
SPIN,ocn_ALK,1799.5,2.65714357256e+18
SPIN,ocn_ALK,1819.5,2.65714962959e+18
SPIN,ocn_ALK,1839.5,2.65715543917e+18
SPIN,ocn_ALK,1859.5,2.65716101609e+18
SPIN,ocn_ALK,1879.5,2.65716638486e+18
SPIN,ocn_ALK,1899.5,2.65717154106e+18
SPIN,ocn_ALK,1919.5,2.65717648962e+18
SPIN,ocn_ALK,1939.5,2.6571812401e+18
SPIN,ocn_ALK,1959.5,2.6571858121e+18
SPIN,ocn_ALK,1979.5,2.65719020974e+18
SPIN,ocn_ALK,1999.5,2.65719444792e+18
SPIN,ocn_ALK,2049.5,2.65720445651e+18
SPIN,ocn_ALK,2099.5,2.65721363902e+18
SPIN,ocn_ALK,2149.5,2.6572221164e+18
SPIN,ocn_ALK,2199.5,2.65722994431e+18
SPIN,ocn_ALK,2249.5,2.65723725926e+18
SPIN,ocn_ALK,2299.5,2.65724410717e+18
SPIN,ocn_ALK,2349.5,2.65725055112e+18
SPIN,ocn_ALK,2399.5,2.65725664426e+18
SPIN,ocn_ALK,2449.5,2.65726239935e+18
SPIN,ocn_ALK,2499.5,2.65726784429e+18
SPIN,ocn_ALK,2549.5,2.6572730186e+18
SPIN,ocn_ALK,2599.5,2.65727796109e+18
SPIN,ocn_ALK,2649.5,2.65728266131e+18
SPIN,ocn_ALK,2699.5,2.65728714416e+18
SPIN,ocn_ALK,2749.5,2.65729141457e+18
SPIN,ocn_ALK,2799.5,2.65729550266e+18
SPIN,ocn_ALK,2849.5,2.65729940372e+18
SPIN,ocn_ALK,2899.5,2.65730310095e+18
SPIN,ocn_ALK,2949.5,2.65730662454e+18
SPIN,ocn_ALK,2999.5,2.65730998102e+18
SPIN,ocn_ALK,3049.5,2.65731317912e+18
SPIN,ocn_ALK,3099.5,2.65731621016e+18
SPIN,ocn_ALK,3149.5,2.6573190784e+18
SPIN,ocn_ALK,3199.5,2.6573217927e+18
SPIN,ocn_ALK,3249.5,2.65732436289e+18
SPIN,ocn_ALK,3299.5,2.65732680108e+18
SPIN,ocn_ALK,3349.5,2.65732912234e+18
SPIN,ocn_ALK,3399.5,2.65733130844e+18
SPIN,ocn_ALK,3449.5,2.65733337611e+18
SPIN,ocn_ALK,3499.5,2.65733533567e+18
SPIN,ocn_ALK,3549.5,2.65733716646e+18
SPIN,ocn_ALK,3599.5,2.65733888551e+18
SPIN,ocn_ALK,3649.5,2.6573404882e+18
SPIN,ocn_ALK,3699.5,2.65734198207e+18
SPIN,ocn_ALK,3749.5,2.65734338129e+18
SPIN,ocn_ALK,3799.5,2.65734467548e+18
SPIN,ocn_ALK,3849.5,2.65734588376e+18
SPIN,ocn_ALK,3899.5,2.65734699283e+18
SPIN,ocn_ALK,3949.5,2.65734801807e+18
SPIN,ocn_ALK,3999.5,2.65734897871e+18
SPIN,ocn_ALK,4049.5,2.65734986229e+18
SPIN,ocn_ALK,4099.5,2.65735067432e+18
SPIN,ocn_ALK,4149.5,2.65735142399e+18
SPIN,ocn_ALK,4199.5,2.65735212609e+18
SPIN,ocn_ALK,4249.5,2.65735276691e+18
SPIN,ocn_ALK,4299.5,2.65735335021e+18
SPIN,ocn_ALK,4349.5,2.657353883e+18
SPIN,ocn_ALK,4399.5,2.6573543718e+18
SPIN,ocn_ALK,4449.5,2.65735481444e+18
SPIN,ocn_ALK,4499.5,2.65735521666e+18
SPIN,ocn_ALK,4549.5,2.65735558254e+18
SPIN,ocn_ALK,4599.5,2.65735591398e+18
SPIN,ocn_ALK,4649.5,2.65735621066e+18
SPIN,ocn_ALK,4699.5,2.65735647645e+18
SPIN,ocn_ALK,4749.5,2.65735672093e+18
SPIN,ocn_ALK,4799.5,2.65735692532e+18
SPIN,ocn_ALK,4849.5,2.65735711535e+18
SPIN,ocn_ALK,4899.5,2.65735728307e+18
SPIN,ocn_ALK,4949.5,2.65735742502e+18
SPIN,ocn_ALK,4999.5,2.65735755205e+18
SPIN,ocn_ALK,5049.5,2.65735765958e+18
SPIN,ocn_ALK,5099.5,2.65735775308e+18
SPIN,ocn_ALK,5149.5,2.65735782123e+18
SPIN,ocn_ALK,5199.5,2.65735787849e+18
SPIN,ocn_ALK,5249.5,2.65735792646e+18
SPIN,ocn_ALK,5299.5,2.65735796354e+18
SPIN,ocn_ALK,5349.5,2.65735798735e+18
SPIN,ocn_ALK,5399.5,2.65735800254e+18
SPIN,ocn_ALK,5449.5,2.6573580064e+18
SPIN,ocn_ALK,5499.5,2.657357994e+18
SPIN,ocn_ALK,5549.5,2.65735797795e+18
SPIN,ocn_ALK,5599.5,2.65735795412e+18
SPIN,ocn_ALK,5649.5,2.65735792903e+18
SPIN,ocn_ALK,5699.5,2.65735788957e+18
SPIN,ocn_ALK,5749.5,2.65735783937e+18
SPIN,ocn_ALK,5799.5,2.65735779261e+18
SPIN,ocn_ALK,5849.5,2.65735773896e+18
SPIN,ocn_ALK,5899.5,2.65735768582e+18
SPIN,ocn_ALK,5949.5,2.65735762996e+18
SPIN,ocn_ALK,5999.5,2.65735756101e+18
SPIN,ocn_ALK,6049.5,2.65735748836e+18
SPIN,ocn_ALK,6099.5,2.65735741977e+18
SPIN,ocn_ALK,6149.5,2.65735733696e+18
SPIN,ocn_ALK,6199.5,2.65735725986e+18
SPIN,ocn_ALK,6249.5,2.65735717348e+18
SPIN,ocn_ALK,6299.5,2.65735708816e+18
SPIN,ocn_ALK,6349.5,2.65735700397e+18
SPIN,ocn_ALK,6399.5,2.65735690619e+18
SPIN,ocn_ALK,6449.5,2.65735681264e+18
SPIN,ocn_ALK,6499.5,2.65735671509e+18
SPIN,ocn_ALK,6549.5,2.65735662025e+18
SPIN,ocn_ALK,6599.5,2.65735652207e+18
SPIN,ocn_ALK,6649.5,2.65735642132e+18
SPIN,ocn_ALK,6699.5,2.65735631335e+18
SPIN,ocn_ALK,6749.5,2.65735621122e+18
SPIN,ocn_ALK,6799.5,2.65735611146e+18
SPIN,ocn_ALK,6849.5,2.65735600578e+18
SPIN,ocn_ALK,6899.5,2.65735589349e+18
SPIN,ocn_ALK,6949.5,2.65735578723e+18
SPIN,ocn_ALK,6999.5,2.65735567703e+18
SPIN,ocn_ALK,7049.5,2.65735556495e+18
SPIN,ocn_ALK,7099.5,2.65735545364e+18
SPIN,ocn_ALK,7149.5,2.65735535034e+18
SPIN,ocn_ALK,7199.5,2.6573552436e+18
SPIN,ocn_ALK,7249.5,2.65735512834e+18
SPIN,ocn_ALK,7299.5,2.65735501081e+18
SPIN,ocn_ALK,7349.5,2.65735489296e+18
SPIN,ocn_ALK,7399.5,2.6573547795e+18
SPIN,ocn_ALK,7449.5,2.65735467209e+18
SPIN,ocn_ALK,7499.5,2.65735455262e+18
SPIN,ocn_ALK,7549.5,2.65735443762e+18
SPIN,ocn_ALK,7599.5,2.65735431952e+18
SPIN,ocn_ALK,7649.5,2.65735420833e+18
SPIN,ocn_ALK,7699.5,2.65735409907e+18
SPIN,ocn_ALK,7749.5,2.65735398027e+18
SPIN,ocn_ALK,7799.5,2.65735386836e+18
SPIN,ocn_ALK,7849.5,2.65735375738e+18
SPIN,ocn_ALK,7899.5,2.65735363944e+18
SPIN,ocn_ALK,7949.5,2.65735352162e+18
SPIN,ocn_ALK,7999.5,2.65735340299e+18
SPIN,ocn_ALK,8049.5,2.65735328242e+18
SPIN,ocn_ALK,8099.5,2.65735316556e+18
SPIN,ocn_ALK,8149.5,2.65735304534e+18
SPIN,ocn_ALK,8199.5,2.65735292016e+18
SPIN,ocn_ALK,8249.5,2.65735279948e+18
SPIN,ocn_ALK,8299.5,2.65735268058e+18
SPIN,ocn_ALK,8349.5,2.65735256139e+18
SPIN,ocn_ALK,8399.5,2.65735244183e+18
SPIN,ocn_ALK,8449.5,2.65735231504e+18
SPIN,ocn_ALK,8499.5,2.65735219298e+18
SPIN,ocn_ALK,8549.5,2.65735207019e+18
SPIN,ocn_ALK,8599.5,2.65735194891e+18
SPIN,ocn_ALK,8649.5,2.65735183084e+18
SPIN,ocn_ALK,8699.5,2.65735171482e+18
SPIN,ocn_ALK,8749.5,2.65735158969e+18
SPIN,ocn_ALK,8799.5,2.65735146721e+18
SPIN,ocn_ALK,8849.5,2.65735134782e+18
SPIN,ocn_ALK,8899.5,2.65735122507e+18
SPIN,ocn_ALK,8949.5,2.65735111026e+18
SPIN,ocn_ALK,8999.5,2.65735099096e+18
SPIN,ocn_ALK,9049.5,2.65735086578e+18
SPIN,ocn_ALK,9099.5,2.65735074448e+18
SPIN,ocn_ALK,9149.5,2.65735062423e+18
SPIN,ocn_ALK,9199.5,2.65735051054e+18
SPIN,ocn_ALK,9249.5,2.65735038319e+18
SPIN,ocn_ALK,9299.5,2.65735026949e+18
SPIN,ocn_ALK,9349.5,2.65735014351e+18
SPIN,ocn_ALK,9399.5,2.65735002129e+18
SPIN,ocn_ALK,9449.5,2.65734990618e+18
SPIN,ocn_ALK,9499.5,2.65734977887e+18
SPIN,ocn_ALK,9549.5,2.65734965428e+18
SPIN,ocn_ALK,9599.5,2.65734953066e+18
SPIN,ocn_ALK,9649.5,2.65734941058e+18
SPIN,ocn_ALK,9699.5,2.65734928969e+18
SPIN,ocn_ALK,9749.5,2.65734917008e+18
SPIN,ocn_ALK,9799.5,2.65734904601e+18
SPIN,ocn_ALK,9849.5,2.65734892425e+18
SPIN,ocn_ALK,9899.5,2.65734880422e+18
SPIN,ocn_ALK,9949.5,2.65734868512e+18
SPIN,ocn_ALK,9999.5,2.65734856161e+18
main,ocn_temp,0.5,11.141948
main,ocn_temp,1.5,11.141935
main,ocn_temp,2.5,11.141905
main,ocn_temp,3.5,11.141863
main,ocn_temp,4.5,11.141812
main,ocn_temp,5.5,11.141753
main,ocn_temp,6.5,11.141687
main,ocn_temp,7.5,11.141616
main,ocn_temp,8.5,11.141538
main,ocn_temp,9.5,11.141456
main,ocn_temp,10.5,11.14137
main,ocn_temp,11.5,11.141279
main,ocn_temp,12.5,11.141184
main,ocn_temp,13.5,11.141085
main,ocn_temp,14.5,11.140983
main,ocn_temp,15.5,11.140878
main,ocn_temp,16.5,11.14077
main,ocn_temp,17.5,11.140659
main,ocn_temp,18.5,11.140544
main,ocn_temp,19.5,11.140428
main,ocn_temp,20.5,11.140308
main,ocn_temp,21.5,11.140186
main,ocn_temp,22.5,11.140062
main,ocn_temp,23.5,11.139935
main,ocn_temp,24.5,11.139808
main,ocn_temp,25.5,11.139678
main,ocn_temp,26.5,11.139547
main,ocn_temp,27.5,11.139413
main,ocn_temp,28.5,11.139277
main,ocn_temp,29.5,11.13914
main,ocn_temp,30.5,11.139001
main,ocn_temp,31.5,11.13886
main,ocn_temp,32.5,11.138718
main,ocn_temp,33.5,11.138574
main,ocn_temp,34.5,11.138429
main,ocn_temp,35.5,11.138282
main,ocn_temp,36.5,11.138134
main,ocn_temp,37.5,11.137984
main,ocn_temp,38.5,11.137834
main,ocn_temp,39.5,11.137683
main,ocn_temp,40.5,11.13753
main,ocn_temp,41.5,11.137377
main,ocn_temp,42.5,11.137223
main,ocn_temp,43.5,11.137068
main,ocn_temp,44.5,11.136911
main,ocn_temp,45.5,11.136754
main,ocn_temp,46.5,11.136597
main,ocn_temp,47.5,11.136438
main,ocn_temp,48.5,11.136278
main,ocn_temp,49.5,11.136117
main,ocn_temp,50.5,11.135956
main,ocn_temp,51.5,11.135794
main,ocn_temp,52.5,11.135631
main,ocn_temp,53.5,11.135467
main,ocn_temp,54.5,11.135302
main,ocn_temp,55.5,11.135137
main,ocn_temp,56.5,11.134971
main,ocn_temp,57.5,11.134804
main,ocn_temp,58.5,11.134637
main,ocn_temp,59.5,11.134469
main,ocn_temp,60.5,11.1343
main,ocn_temp,61.5,11.134131
main,ocn_temp,62.5,11.133961
main,ocn_temp,63.5,11.133791
main,ocn_temp,64.5,11.13362
main,ocn_temp,65.5,11.133449
main,ocn_temp,66.5,11.133278
main,ocn_temp,67.5,11.133106
main,ocn_temp,68.5,11.132933
main,ocn_temp,69.5,11.13276
main,ocn_temp,70.5,11.132587
main,ocn_temp,71.5,11.132411
main,ocn_temp,72.5,11.132235
main,ocn_temp,73.5,11.132059
main,ocn_temp,74.5,11.13188
main,ocn_temp,75.5,11.131701
main,ocn_temp,76.5,11.131521
main,ocn_temp,77.5,11.131342
main,ocn_temp,78.5,11.131162
main,ocn_temp,79.5,11.130983
main,ocn_temp,80.5,11.130803
main,ocn_temp,81.5,11.130623
main,ocn_temp,82.5,11.130443
main,ocn_temp,83.5,11.130263
main,ocn_temp,84.5,11.130083
main,ocn_temp,85.5,11.129903
main,ocn_temp,86.5,11.129723
main,ocn_temp,87.5,11.129542
main,ocn_temp,88.5,11.129362
main,ocn_temp,89.5,11.129181
main,ocn_temp,90.5,11.129
main,ocn_temp,91.5,11.12882
main,ocn_temp,92.5,11.128639
main,ocn_temp,93.5,11.128458
main,ocn_temp,94.5,11.128277
main,ocn_temp,95.5,11.128096
main,ocn_temp,96.5,11.127915
main,ocn_temp,97.5,11.127733
main,ocn_temp,98.5,11.127552
main,ocn_temp,99.5,11.127371
main,ocn_temp,100.5,11.127681
main,ocn_temp,101.5,10.800338
main,ocn_temp,102.5,10.198522
main,ocn_temp,103.5,9.92171
main,ocn_temp,104.5,9.943556
main,ocn_temp,105.5,9.999977
main,ocn_temp,106.5,10.048257
main,ocn_temp,107.5,10.090896
main,ocn_temp,108.5,10.12934
main,ocn_temp,109.5,10.164473
main,ocn_temp,110.5,10.19686
main,ocn_temp,111.5,10.226917
main,ocn_temp,112.5,10.254982
main,ocn_temp,113.5,10.281325
main,ocn_temp,114.5,10.30615
main,ocn_temp,115.5,10.32962
main,ocn_temp,116.5,10.351866
main,ocn_temp,117.5,10.372999
main,ocn_temp,118.5,10.393113
main,ocn_temp,119.5,10.412294
main,ocn_temp,120.5,10.430619
main,ocn_temp,121.5,10.448155
main,ocn_temp,122.5,10.46496
main,ocn_temp,123.5,10.481088
main,ocn_temp,124.5,10.496584
main,ocn_temp,125.5,10.511492
main,ocn_temp,126.5,10.525846
main,ocn_temp,127.5,10.539686
main,ocn_temp,128.5,10.55304
main,ocn_temp,129.5,10.565944
main,ocn_temp,130.5,10.578427
main,ocn_temp,131.5,10.590529
main,ocn_temp,132.5,10.602293
main,ocn_temp,133.5,10.61376
main,ocn_temp,134.5,10.624956
main,ocn_temp,135.5,10.635899
main,ocn_temp,136.5,10.646599
main,ocn_temp,137.5,10.657067
main,ocn_temp,138.5,10.667308
main,ocn_temp,139.5,10.677326
main,ocn_temp,140.5,10.687131
main,ocn_temp,141.5,10.696733
main,ocn_temp,142.5,10.706138
main,ocn_temp,143.5,10.715352
main,ocn_temp,144.5,10.724382
main,ocn_temp,145.5,10.733235
main,ocn_temp,146.5,10.741915
main,ocn_temp,147.5,10.75043
main,ocn_temp,148.5,10.758784
main,ocn_temp,149.5,10.766983
main,ocn_temp,150.5,10.775032
main,ocn_temp,151.5,10.782938
main,ocn_temp,152.5,10.790704
main,ocn_temp,153.5,10.798336
main,ocn_temp,154.5,10.805841
main,ocn_temp,155.5,10.813221
main,ocn_temp,156.5,10.820482
main,ocn_temp,157.5,10.827628
main,ocn_temp,158.5,10.834663
main,ocn_temp,159.5,10.841593
main,ocn_temp,160.5,10.84842
main,ocn_temp,161.5,10.855148
main,ocn_temp,162.5,10.861779
main,ocn_temp,163.5,10.868317
main,ocn_temp,164.5,10.874764
main,ocn_temp,165.5,10.881123
main,ocn_temp,166.5,10.887397
main,ocn_temp,167.5,10.89359
main,ocn_temp,168.5,10.899704
main,ocn_temp,169.5,10.905741
main,ocn_temp,170.5,10.911703
main,ocn_temp,171.5,10.917594
main,ocn_temp,172.5,10.923414
main,ocn_temp,173.5,10.929167
main,ocn_temp,174.5,10.934853
main,ocn_temp,175.5,10.940474
main,ocn_temp,176.5,10.946033
main,ocn_temp,177.5,10.951532
main,ocn_temp,178.5,10.956971
main,ocn_temp,179.5,10.962355
main,ocn_temp,180.5,10.967682
main,ocn_temp,181.5,10.972957
main,ocn_temp,182.5,10.978184
main,ocn_temp,183.5,10.983363
main,ocn_temp,184.5,10.988503
main,ocn_temp,185.5,10.993604
main,ocn_temp,186.5,10.99867
main,ocn_temp,187.5,11.00371
main,ocn_temp,188.5,11.008722
main,ocn_temp,189.5,11.013712
main,ocn_temp,190.5,11.018685
main,ocn_temp,191.5,11.023639
main,ocn_temp,192.5,11.028577
main,ocn_temp,193.5,11.0335
main,ocn_temp,194.5,11.038407
main,ocn_temp,195.5,11.043299
main,ocn_temp,196.5,11.048176
main,ocn_temp,197.5,11.053035
main,ocn_temp,198.5,11.057877
main,ocn_temp,199.5,11.062699
main,surpH,0.5,7.755178
main,surpH,1.5,7.757695
main,surpH,2.5,7.756952
main,surpH,3.5,7.756605
main,surpH,4.5,7.756475
main,surpH,5.5,7.756432
main,surpH,6.5,7.756425
main,surpH,7.5,7.756444
main,surpH,8.5,7.756474
main,surpH,9.5,7.756516
main,surpH,10.5,7.756564
main,surpH,11.5,7.75662
main,surpH,12.5,7.756678
main,surpH,13.5,7.756741
main,surpH,14.5,7.756805
main,surpH,15.5,7.756873
main,surpH,16.5,7.756941
main,surpH,17.5,7.757012
main,surpH,18.5,7.757084
main,surpH,19.5,7.757156
main,surpH,20.5,7.757229
main,surpH,21.5,7.757302
main,surpH,22.5,7.757376
main,surpH,23.5,7.757449
main,surpH,24.5,7.757521
main,surpH,25.5,7.757596
main,surpH,26.5,7.757669
main,surpH,27.5,7.757741
main,surpH,28.5,7.757814
main,surpH,29.5,7.757887
main,surpH,30.5,7.757958
main,surpH,31.5,7.758029
main,surpH,32.5,7.758098
main,surpH,33.5,7.75817
main,surpH,34.5,7.758238
main,surpH,35.5,7.758308
main,surpH,36.5,7.758375
main,surpH,37.5,7.758444
main,surpH,38.5,7.758509
main,surpH,39.5,7.758576
main,surpH,40.5,7.758642
main,surpH,41.5,7.758706
main,surpH,42.5,7.758772
main,surpH,43.5,7.758834
main,surpH,44.5,7.758897
main,surpH,45.5,7.758961
main,surpH,46.5,7.759022
main,surpH,47.5,7.759082
main,surpH,48.5,7.759142
main,surpH,49.5,7.759205
main,surpH,50.5,7.759262
main,surpH,51.5,7.759324
main,surpH,52.5,7.759381
main,surpH,53.5,7.75944
main,surpH,54.5,7.759497
main,surpH,55.5,7.759557
main,surpH,56.5,7.759613
main,surpH,57.5,7.75967
main,surpH,58.5,7.759722
main,surpH,59.5,7.759778
main,surpH,60.5,7.759831
main,surpH,61.5,7.759884
main,surpH,62.5,7.759937
main,surpH,63.5,7.759991
main,surpH,64.5,7.760042
main,surpH,65.5,7.760094
main,surpH,66.5,7.760146
main,surpH,67.5,7.760198
main,surpH,68.5,7.760249
main,surpH,69.5,7.7603
main,surpH,70.5,7.76035
main,surpH,71.5,7.760401
main,surpH,72.5,7.76045
main,surpH,73.5,7.760498
main,surpH,74.5,7.760546
main,surpH,75.5,7.760596
main,surpH,76.5,7.760642
main,surpH,77.5,7.760688
main,surpH,78.5,7.760735
main,surpH,79.5,7.76078
main,surpH,80.5,7.760825
main,surpH,81.5,7.760871
main,surpH,82.5,7.760915
main,surpH,83.5,7.760958
main,surpH,84.5,7.761003
main,surpH,85.5,7.761046
main,surpH,86.5,7.76109
main,surpH,87.5,7.761132
main,surpH,88.5,7.761174
main,surpH,89.5,7.761218
main,surpH,90.5,7.76126
main,surpH,91.5,7.761301
main,surpH,92.5,7.761341
main,surpH,93.5,7.761382
main,surpH,94.5,7.761423
main,surpH,95.5,7.761462
main,surpH,96.5,7.761502
main,surpH,97.5,7.761541
main,surpH,98.5,7.761581
main,surpH,99.5,7.761621
main,surpH,100.5,7.716484
main,surpH,101.5,7.504752
main,surpH,102.5,7.444331
main,surpH,103.5,7.473842
main,surpH,104.5,7.488803
main,surpH,105.5,7.492277
main,surpH,106.5,7.494105
main,surpH,107.5,7.495326
main,surpH,108.5,7.496192
main,surpH,109.5,7.496813
main,surpH,110.5,7.4973
main,surpH,111.5,7.497611
main,surpH,112.5,7.497855
main,surpH,113.5,7.498093
main,surpH,114.5,7.498301
main,surpH,115.5,7.498517
main,surpH,116.5,7.49872
main,surpH,117.5,7.498926
main,surpH,118.5,7.499129
main,surpH,119.5,7.499312
main,surpH,120.5,7.499478
main,surpH,121.5,7.499613
main,surpH,122.5,7.499746
main,surpH,123.5,7.499858
main,surpH,124.5,7.499955
main,surpH,125.5,7.500053
main,surpH,126.5,7.500133
main,surpH,127.5,7.50021
main,surpH,128.5,7.500282
main,surpH,129.5,7.500352
main,surpH,130.5,7.500421
main,surpH,131.5,7.500488
main,surpH,132.5,7.500557
main,surpH,133.5,7.500626
main,surpH,134.5,7.500696
main,surpH,135.5,7.500757
main,surpH,136.5,7.500813
main,surpH,137.5,7.500858
main,surpH,138.5,7.500899
main,surpH,139.5,7.500935
main,surpH,140.5,7.500965
main,surpH,141.5,7.500992
main,surpH,142.5,7.501015
main,surpH,143.5,7.501034
main,surpH,144.5,7.501051
main,surpH,145.5,7.501063
main,surpH,146.5,7.501072
main,surpH,147.5,7.501084
main,surpH,148.5,7.501096
main,surpH,149.5,7.501102
main,surpH,150.5,7.501112
main,surpH,151.5,7.501121
main,surpH,152.5,7.501124
main,surpH,153.5,7.501135
main,surpH,154.5,7.501141
main,surpH,155.5,7.501147
main,surpH,156.5,7.501156
main,surpH,157.5,7.501164
main,surpH,158.5,7.50117
main,surpH,159.5,7.501178
main,surpH,160.5,7.501188
main,surpH,161.5,7.501193
main,surpH,162.5,7.501206
main,surpH,163.5,7.501215
main,surpH,164.5,7.501227
main,surpH,165.5,7.501235
main,surpH,166.5,7.501248
main,surpH,167.5,7.501258
main,surpH,168.5,7.50127
main,surpH,169.5,7.501283
main,surpH,170.5,7.501295
main,surpH,171.5,7.501305
main,surpH,172.5,7.501316
main,surpH,173.5,7.501326
main,surpH,174.5,7.501339
main,surpH,175.5,7.501348
main,surpH,176.5,7.501359
main,surpH,177.5,7.50137
main,surpH,178.5,7.501382
main,surpH,179.5,7.501394
main,surpH,180.5,7.501409
main,surpH,181.5,7.50142
main,surpH,182.5,7.501437
main,surpH,183.5,7.501449
main,surpH,184.5,7.501467
main,surpH,185.5,7.501486
main,surpH,186.5,7.501501
main,surpH,187.5,7.501524
main,surpH,188.5,7.501551
main,surpH,189.5,7.501569
main,surpH,190.5,7.501602
main,surpH,191.5,7.501626
main,surpH,192.5,7.50165
main,surpH,193.5,7.501681
main,surpH,194.5,7.501704
main,surpH,195.5,7.50173
main,surpH,196.5,7.501764
main,surpH,197.5,7.501786
main,surpH,198.5,7.501813
main,surpH,199.5,7.501847
main,fexport_POC,0.5,809251400000000.0
main,fexport_POC,1.5,734406500000000.0
main,fexport_POC,2.5,725780800000000.0
main,fexport_POC,3.5,720305800000000.0
main,fexport_POC,4.5,716693400000000.0
main,fexport_POC,5.5,714157200000000.0
main,fexport_POC,6.5,712268800000000.0
main,fexport_POC,7.5,710797100000000.0
main,fexport_POC,8.5,709610200000000.0
main,fexport_POC,9.5,708630800000000.0
main,fexport_POC,10.5,707810900000000.0
main,fexport_POC,11.5,707114300000000.0
main,fexport_POC,12.5,706515300000000.0
main,fexport_POC,13.5,706004000000000.0
main,fexport_POC,14.5,705548800000000.0
main,fexport_POC,15.5,705150900000000.0
main,fexport_POC,16.5,704798600000000.0
main,fexport_POC,17.5,704485600000000.0
main,fexport_POC,18.5,704205300000000.0
main,fexport_POC,19.5,703953800000000.0
main,fexport_POC,20.5,703726300000000.0
main,fexport_POC,21.5,703521800000000.0
main,fexport_POC,22.5,703335500000000.0
main,fexport_POC,23.5,703208100000000.0
main,fexport_POC,24.5,703054200000000.0
main,fexport_POC,25.5,702913700000000.0
main,fexport_POC,26.5,702784400000000.0
main,fexport_POC,27.5,702666700000000.0
main,fexport_POC,28.5,702561300000000.0
main,fexport_POC,29.5,702462700000000.0
main,fexport_POC,30.5,702372100000000.0
main,fexport_POC,31.5,702289300000000.0
main,fexport_POC,32.5,702212200000000.0
main,fexport_POC,33.5,702142400000000.0
main,fexport_POC,34.5,702078100000000.0
main,fexport_POC,35.5,702020100000000.0
main,fexport_POC,36.5,701964800000000.0
main,fexport_POC,37.5,701912100000000.0
main,fexport_POC,38.5,701871300000000.0
main,fexport_POC,39.5,701838200000000.0
main,fexport_POC,40.5,701795500000000.0
main,fexport_POC,41.5,701756600000000.0
main,fexport_POC,42.5,701721300000000.0
main,fexport_POC,43.5,701686700000000.0
main,fexport_POC,44.5,701656000000000.0
main,fexport_POC,45.5,701628000000000.0
main,fexport_POC,46.5,701602800000000.0
main,fexport_POC,47.5,701578300000000.0
main,fexport_POC,48.5,701559600000000.0
main,fexport_POC,49.5,701540500000000.0
main,fexport_POC,50.5,701525300000000.0
main,fexport_POC,51.5,701511700000000.0
main,fexport_POC,52.5,701498800000000.0
main,fexport_POC,53.5,701489100000000.0
main,fexport_POC,54.5,701480000000000.0
main,fexport_POC,55.5,701472700000000.0
main,fexport_POC,56.5,701466500000000.0
main,fexport_POC,57.5,701460500000000.0
main,fexport_POC,58.5,701458200000000.0
main,fexport_POC,59.5,701457200000000.0
main,fexport_POC,60.5,701459200000000.0
main,fexport_POC,61.5,701458100000000.0
main,fexport_POC,62.5,701458400000000.0
main,fexport_POC,63.5,701459600000000.0
main,fexport_POC,64.5,701462100000000.0
main,fexport_POC,65.5,701465600000000.0
main,fexport_POC,66.5,701469500000000.0
main,fexport_POC,67.5,701473700000000.0
main,fexport_POC,68.5,701479400000000.0
main,fexport_POC,69.5,701484900000000.0
main,fexport_POC,70.5,701493400000000.0
main,fexport_POC,71.5,701500900000000.0
main,fexport_POC,72.5,701509600000000.0
main,fexport_POC,73.5,701517500000000.0
main,fexport_POC,74.5,701528100000000.0
main,fexport_POC,75.5,701539200000000.0
main,fexport_POC,76.5,701550400000000.0
main,fexport_POC,77.5,701562300000000.0
main,fexport_POC,78.5,701575400000000.0
main,fexport_POC,79.5,701588300000000.0
main,fexport_POC,80.5,701602200000000.0
main,fexport_POC,81.5,701615700000000.0
main,fexport_POC,82.5,701630100000000.0
main,fexport_POC,83.5,701643800000000.0
main,fexport_POC,84.5,701659600000000.0
main,fexport_POC,85.5,701675200000000.0
main,fexport_POC,86.5,701691000000000.0
main,fexport_POC,87.5,701706300000000.0
main,fexport_POC,88.5,701722500000000.0
main,fexport_POC,89.5,701739500000000.0
main,fexport_POC,90.5,701756800000000.0
main,fexport_POC,91.5,701774700000000.0
main,fexport_POC,92.5,701792100000000.0
main,fexport_POC,93.5,701810700000000.0
main,fexport_POC,94.5,701828800000000.0
main,fexport_POC,95.5,701846000000000.0
main,fexport_POC,96.5,701865400000000.0
main,fexport_POC,97.5,701886000000000.0
main,fexport_POC,98.5,701907400000000.0
main,fexport_POC,99.5,701926300000000.0
main,fexport_POC,100.5,706912500000000.0
main,fexport_POC,101.5,44690410000000.0
main,fexport_POC,102.5,1606844000000.0
main,fexport_POC,103.5,223871300000000.0
main,fexport_POC,104.5,333105900000000.0
main,fexport_POC,105.5,356567900000000.0
main,fexport_POC,106.5,364019100000000.0
main,fexport_POC,107.5,367805000000000.0
main,fexport_POC,108.5,370309800000000.0
main,fexport_POC,109.5,371673700000000.0
main,fexport_POC,110.5,372364300000000.0
main,fexport_POC,111.5,371805500000000.0
main,fexport_POC,112.5,371080300000000.0
main,fexport_POC,113.5,370168000000000.0
main,fexport_POC,114.5,369326000000000.0
main,fexport_POC,115.5,368534200000000.0
main,fexport_POC,116.5,367750700000000.0
main,fexport_POC,117.5,366931000000000.0
main,fexport_POC,118.5,366126100000000.0
main,fexport_POC,119.5,365320700000000.0
main,fexport_POC,120.5,364488600000000.0
main,fexport_POC,121.5,363645400000000.0
main,fexport_POC,122.5,362806300000000.0
main,fexport_POC,123.5,362072400000000.0
main,fexport_POC,124.5,361296500000000.0
main,fexport_POC,125.5,360505200000000.0
main,fexport_POC,126.5,359604900000000.0
main,fexport_POC,127.5,358731100000000.0
main,fexport_POC,128.5,357907500000000.0
main,fexport_POC,129.5,357186300000000.0
main,fexport_POC,130.5,356492900000000.0
main,fexport_POC,131.5,355810200000000.0
main,fexport_POC,132.5,355137100000000.0
main,fexport_POC,133.5,354495200000000.0
main,fexport_POC,134.5,353972800000000.0
main,fexport_POC,135.5,353521300000000.0
main,fexport_POC,136.5,353068400000000.0
main,fexport_POC,137.5,352601200000000.0
main,fexport_POC,138.5,352163900000000.0
main,fexport_POC,139.5,351734700000000.0
main,fexport_POC,140.5,351237600000000.0
main,fexport_POC,141.5,350791800000000.0
main,fexport_POC,142.5,350357500000000.0
main,fexport_POC,143.5,349945600000000.0
main,fexport_POC,144.5,349569000000000.0
main,fexport_POC,145.5,349189200000000.0
main,fexport_POC,146.5,348806200000000.0
main,fexport_POC,147.5,348478000000000.0
main,fexport_POC,148.5,348177400000000.0
main,fexport_POC,149.5,347824500000000.0
main,fexport_POC,150.5,347576000000000.0
main,fexport_POC,151.5,347297500000000.0
main,fexport_POC,152.5,346994400000000.0
main,fexport_POC,153.5,346786900000000.0
main,fexport_POC,154.5,346544300000000.0
main,fexport_POC,155.5,346294600000000.0
main,fexport_POC,156.5,346145400000000.0
main,fexport_POC,157.5,345933200000000.0
main,fexport_POC,158.5,345746700000000.0
main,fexport_POC,159.5,345570800000000.0
main,fexport_POC,160.5,345418700000000.0
main,fexport_POC,161.5,345234600000000.0
main,fexport_POC,162.5,345134100000000.0
main,fexport_POC,163.5,344977900000000.0
main,fexport_POC,164.5,344872800000000.0
main,fexport_POC,165.5,344732900000000.0
main,fexport_POC,166.5,344661400000000.0
main,fexport_POC,167.5,344531000000000.0
main,fexport_POC,168.5,344456800000000.0
main,fexport_POC,169.5,344331100000000.0
main,fexport_POC,170.5,344272500000000.0
main,fexport_POC,171.5,344165300000000.0
main,fexport_POC,172.5,344111800000000.0
main,fexport_POC,173.5,344024000000000.0
main,fexport_POC,174.5,343982300000000.0
main,fexport_POC,175.5,343885400000000.0
main,fexport_POC,176.5,343850700000000.0
main,fexport_POC,177.5,343770400000000.0
main,fexport_POC,178.5,343749100000000.0
main,fexport_POC,179.5,343687600000000.0
main,fexport_POC,180.5,343652100000000.0
main,fexport_POC,181.5,343623600000000.0
main,fexport_POC,182.5,343642100000000.0
main,fexport_POC,183.5,343596500000000.0
main,fexport_POC,184.5,343715300000000.0
main,fexport_POC,185.5,343712300000000.0
main,fexport_POC,186.5,343799800000000.0
main,fexport_POC,187.5,343920300000000.0
main,fexport_POC,188.5,344013200000000.0
main,fexport_POC,189.5,344137900000000.0
main,fexport_POC,190.5,344331300000000.0
main,fexport_POC,191.5,344398700000000.0
main,fexport_POC,192.5,344568100000000.0
main,fexport_POC,193.5,344686900000000.0
main,fexport_POC,194.5,344776300000000.0
main,fexport_POC,195.5,344882400000000.0
main,fexport_POC,196.5,345006900000000.0
main,fexport_POC,197.5,345027700000000.0
main,fexport_POC,198.5,345153900000000.0
main,fexport_POC,199.5,345218700000000.0
main,ocn_O2,0.5,1.66619596608e+17
main,ocn_O2,1.5,1.66398135405e+17
main,ocn_O2,2.5,1.66189877424e+17
main,ocn_O2,3.5,1.66009066264e+17
main,ocn_O2,4.5,1.65845876275e+17
main,ocn_O2,5.5,1.65696334567e+17
main,ocn_O2,6.5,1.65557010547e+17
main,ocn_O2,7.5,1.65425604884e+17
main,ocn_O2,8.5,1.65300438484e+17
main,ocn_O2,9.5,1.6518041984e+17
main,ocn_O2,10.5,1.6506480719e+17
main,ocn_O2,11.5,1.64952797203e+17
main,ocn_O2,12.5,1.64843873156e+17
main,ocn_O2,13.5,1.64737823215e+17
main,ocn_O2,14.5,1.64634331908e+17
main,ocn_O2,15.5,1.64533260622e+17
main,ocn_O2,16.5,1.64434315384e+17
main,ocn_O2,17.5,1.64337341335e+17
main,ocn_O2,18.5,1.6424215352e+17
main,ocn_O2,19.5,1.64148674227e+17
main,ocn_O2,20.5,1.64056849935e+17
main,ocn_O2,21.5,1.63966555156e+17
main,ocn_O2,22.5,1.63877684939e+17
main,ocn_O2,23.5,1.63790177967e+17
main,ocn_O2,24.5,1.63704070844e+17
main,ocn_O2,25.5,1.63619253334e+17
main,ocn_O2,26.5,1.63535650127e+17
main,ocn_O2,27.5,1.63453230317e+17
main,ocn_O2,28.5,1.63371899222e+17
main,ocn_O2,29.5,1.63291562436e+17
main,ocn_O2,30.5,1.63212311168e+17
main,ocn_O2,31.5,1.63134114866e+17
main,ocn_O2,32.5,1.63056999159e+17
main,ocn_O2,33.5,1.62980906976e+17
main,ocn_O2,34.5,1.62905778572e+17
main,ocn_O2,35.5,1.62831579032e+17
main,ocn_O2,36.5,1.62758240107e+17
main,ocn_O2,37.5,1.62685817886e+17
main,ocn_O2,38.5,1.6261431046e+17
main,ocn_O2,39.5,1.62543895727e+17
main,ocn_O2,40.5,1.6247425024e+17
main,ocn_O2,41.5,1.62405467394e+17
main,ocn_O2,42.5,1.62337463205e+17
main,ocn_O2,43.5,1.62270200656e+17
main,ocn_O2,44.5,1.62203737697e+17
main,ocn_O2,45.5,1.62137945795e+17
main,ocn_O2,46.5,1.62072900024e+17
main,ocn_O2,47.5,1.62008681401e+17
main,ocn_O2,48.5,1.61945238282e+17
main,ocn_O2,49.5,1.61882403585e+17
main,ocn_O2,50.5,1.61820229676e+17
main,ocn_O2,51.5,1.6175870641e+17
main,ocn_O2,52.5,1.61697820054e+17
main,ocn_O2,53.5,1.61637561538e+17
main,ocn_O2,54.5,1.61577903955e+17
main,ocn_O2,55.5,1.61518902775e+17
main,ocn_O2,56.5,1.61460503624e+17
main,ocn_O2,57.5,1.61402736221e+17
main,ocn_O2,58.5,1.61345573894e+17
main,ocn_O2,59.5,1.61289056341e+17
main,ocn_O2,60.5,1.61233037392e+17
main,ocn_O2,61.5,1.61177647756e+17
main,ocn_O2,62.5,1.61122785417e+17
main,ocn_O2,63.5,1.6106840839e+17
main,ocn_O2,64.5,1.61014518717e+17
main,ocn_O2,65.5,1.60961179083e+17
main,ocn_O2,66.5,1.60908321631e+17
main,ocn_O2,67.5,1.60855924794e+17
main,ocn_O2,68.5,1.60804010786e+17
main,ocn_O2,69.5,1.6075258714e+17
main,ocn_O2,70.5,1.60701637915e+17
main,ocn_O2,71.5,1.6065108378e+17
main,ocn_O2,72.5,1.60601005814e+17
main,ocn_O2,73.5,1.60551385547e+17
main,ocn_O2,74.5,1.60502275191e+17
main,ocn_O2,75.5,1.60453633804e+17
main,ocn_O2,76.5,1.6040536576e+17
main,ocn_O2,77.5,1.60357576963e+17
main,ocn_O2,78.5,1.60310200989e+17
main,ocn_O2,79.5,1.60263207176e+17
main,ocn_O2,80.5,1.60216645379e+17
main,ocn_O2,81.5,1.6017045095e+17
main,ocn_O2,82.5,1.60124635476e+17
main,ocn_O2,83.5,1.60079244699e+17
main,ocn_O2,84.5,1.60034240633e+17
main,ocn_O2,85.5,1.59989599658e+17
main,ocn_O2,86.5,1.5994533178e+17
main,ocn_O2,87.5,1.59901433967e+17
main,ocn_O2,88.5,1.59857934958e+17
main,ocn_O2,89.5,1.5981476159e+17
main,ocn_O2,90.5,1.59771879046e+17
main,ocn_O2,91.5,1.59729353823e+17
main,ocn_O2,92.5,1.59687183366e+17
main,ocn_O2,93.5,1.59645443467e+17
main,ocn_O2,94.5,1.59604020864e+17
main,ocn_O2,95.5,1.59562901893e+17
main,ocn_O2,96.5,1.59522150812e+17
main,ocn_O2,97.5,1.59481686243e+17
main,ocn_O2,98.5,1.59441541216e+17
main,ocn_O2,99.5,1.59401618508e+17
main,ocn_O2,100.5,1.59359057292e+17
main,ocn_O2,101.5,1.63981177654e+17
main,ocn_O2,102.5,1.79564704354e+17
main,ocn_O2,103.5,1.93619539746e+17
main,ocn_O2,104.5,1.97333603737e+17
main,ocn_O2,105.5,1.98442926721e+17
main,ocn_O2,106.5,1.98805454982e+17
main,ocn_O2,107.5,1.98873705209e+17
main,ocn_O2,108.5,1.98803986702e+17
main,ocn_O2,109.5,1.98664748143e+17
main,ocn_O2,110.5,1.98500877208e+17
main,ocn_O2,111.5,1.98332908524e+17
main,ocn_O2,112.5,1.98173635725e+17
main,ocn_O2,113.5,1.9802034313e+17
main,ocn_O2,114.5,1.97875882835e+17
main,ocn_O2,115.5,1.9774536235e+17
main,ocn_O2,116.5,1.97629593704e+17
main,ocn_O2,117.5,1.97526472862e+17
main,ocn_O2,118.5,1.97433459766e+17
main,ocn_O2,119.5,1.97345778167e+17
main,ocn_O2,120.5,1.97263685254e+17
main,ocn_O2,121.5,1.97187308253e+17
main,ocn_O2,122.5,1.97116384829e+17
main,ocn_O2,123.5,1.97053466086e+17
main,ocn_O2,124.5,1.9699984397e+17
main,ocn_O2,125.5,1.96952133782e+17
main,ocn_O2,126.5,1.96908883206e+17
main,ocn_O2,127.5,1.9687035029e+17
main,ocn_O2,128.5,1.96836539948e+17
main,ocn_O2,129.5,1.96807752663e+17
main,ocn_O2,130.5,1.96784148218e+17
main,ocn_O2,131.5,1.96765702899e+17
main,ocn_O2,132.5,1.96750704252e+17
main,ocn_O2,133.5,1.96737813179e+17
main,ocn_O2,134.5,1.96726809108e+17
main,ocn_O2,135.5,1.96717231522e+17
main,ocn_O2,136.5,1.96708655196e+17
main,ocn_O2,137.5,1.9670115625e+17
main,ocn_O2,138.5,1.96695115344e+17
main,ocn_O2,139.5,1.96690253817e+17
main,ocn_O2,140.5,1.9668588666e+17
main,ocn_O2,141.5,1.96682346337e+17
main,ocn_O2,142.5,1.96679492626e+17
main,ocn_O2,143.5,1.9667759948e+17
main,ocn_O2,144.5,1.96676833198e+17
main,ocn_O2,145.5,1.96676827808e+17
main,ocn_O2,146.5,1.96677790756e+17
main,ocn_O2,147.5,1.966794629e+17
main,ocn_O2,148.5,1.96681687921e+17
main,ocn_O2,149.5,1.96684443642e+17
main,ocn_O2,150.5,1.96687914739e+17
main,ocn_O2,151.5,1.96691837031e+17
main,ocn_O2,152.5,1.9669667908e+17
main,ocn_O2,153.5,1.96701975008e+17
main,ocn_O2,154.5,1.9670741292e+17
main,ocn_O2,155.5,1.96713054812e+17
main,ocn_O2,156.5,1.96719261784e+17
main,ocn_O2,157.5,1.96725346574e+17
main,ocn_O2,158.5,1.96731620657e+17
main,ocn_O2,159.5,1.9673852123e+17
main,ocn_O2,160.5,1.9674535678e+17
main,ocn_O2,161.5,1.96752281903e+17
main,ocn_O2,162.5,1.96758770469e+17
main,ocn_O2,163.5,1.96764792472e+17
main,ocn_O2,164.5,1.96770565739e+17
main,ocn_O2,165.5,1.96776082221e+17
main,ocn_O2,166.5,1.96781046589e+17
main,ocn_O2,167.5,1.96785449213e+17
main,ocn_O2,168.5,1.96789337895e+17
main,ocn_O2,169.5,1.9679225836e+17
main,ocn_O2,170.5,1.96794644585e+17
main,ocn_O2,171.5,1.96796465583e+17
main,ocn_O2,172.5,1.96798015472e+17
main,ocn_O2,173.5,1.96799034283e+17
main,ocn_O2,174.5,1.96799476034e+17
main,ocn_O2,175.5,1.96799367076e+17
main,ocn_O2,176.5,1.96799176929e+17
main,ocn_O2,177.5,1.96798157421e+17
main,ocn_O2,178.5,1.96796626355e+17
main,ocn_O2,179.5,1.96794624239e+17
main,ocn_O2,180.5,1.96791631952e+17
main,ocn_O2,181.5,1.9678803994e+17
main,ocn_O2,182.5,1.96783897451e+17
main,ocn_O2,183.5,1.96779180283e+17
main,ocn_O2,184.5,1.96774231017e+17
main,ocn_O2,185.5,1.96768285043e+17
main,ocn_O2,186.5,1.96761920364e+17
main,ocn_O2,187.5,1.96755452703e+17
main,ocn_O2,188.5,1.96747441674e+17
main,ocn_O2,189.5,1.96739125383e+17
main,ocn_O2,190.5,1.96730440644e+17
main,ocn_O2,191.5,1.96720383791e+17
main,ocn_O2,192.5,1.96710264233e+17
main,ocn_O2,193.5,1.96699681593e+17
main,ocn_O2,194.5,1.96688296158e+17
main,ocn_O2,195.5,1.9667709398e+17
main,ocn_O2,196.5,1.96665075446e+17
main,ocn_O2,197.5,1.96652162878e+17
main,ocn_O2,198.5,1.96639543819e+17
main,ocn_O2,199.5,1.96626143685e+17
main,ocn_ALK,0.5,2.65740667102e+18
main,ocn_ALK,1.5,2.65743605496e+18
main,ocn_ALK,2.5,2.65746564739e+18
main,ocn_ALK,3.5,2.65749569964e+18
main,ocn_ALK,4.5,2.65752581042e+18
main,ocn_ALK,5.5,2.65755596877e+18
main,ocn_ALK,6.5,2.65758597336e+18
main,ocn_ALK,7.5,2.65761579387e+18
main,ocn_ALK,8.5,2.65764538899e+18
main,ocn_ALK,9.5,2.65767469563e+18
main,ocn_ALK,10.5,2.65770376874e+18
main,ocn_ALK,11.5,2.65773246709e+18
main,ocn_ALK,12.5,2.65776071827e+18
main,ocn_ALK,13.5,2.65778857294e+18
main,ocn_ALK,14.5,2.65781607314e+18
main,ocn_ALK,15.5,2.65784328523e+18
main,ocn_ALK,16.5,2.65787011606e+18
main,ocn_ALK,17.5,2.65789655714e+18
main,ocn_ALK,18.5,2.65792264355e+18
main,ocn_ALK,19.5,2.6579483828e+18
main,ocn_ALK,20.5,2.65797382531e+18
main,ocn_ALK,21.5,2.65799894406e+18
main,ocn_ALK,22.5,2.6580237144e+18
main,ocn_ALK,23.5,2.65804814996e+18
main,ocn_ALK,24.5,2.65807227817e+18
main,ocn_ALK,25.5,2.65809607297e+18
main,ocn_ALK,26.5,2.65811955603e+18
main,ocn_ALK,27.5,2.65814273532e+18
main,ocn_ALK,28.5,2.65816561304e+18
main,ocn_ALK,29.5,2.65818819852e+18
main,ocn_ALK,30.5,2.65821056347e+18
main,ocn_ALK,31.5,2.65823269199e+18
main,ocn_ALK,32.5,2.65825459778e+18
main,ocn_ALK,33.5,2.65827633689e+18
main,ocn_ALK,34.5,2.65829790265e+18
main,ocn_ALK,35.5,2.65831926392e+18
main,ocn_ALK,36.5,2.65834043401e+18
main,ocn_ALK,37.5,2.65836147278e+18
main,ocn_ALK,38.5,2.65838237411e+18
main,ocn_ALK,39.5,2.65840311794e+18
main,ocn_ALK,40.5,2.6584237082e+18
main,ocn_ALK,41.5,2.65844416368e+18
main,ocn_ALK,42.5,2.65846443567e+18
main,ocn_ALK,43.5,2.65848452548e+18
main,ocn_ALK,44.5,2.65850446095e+18
main,ocn_ALK,45.5,2.65852425027e+18
main,ocn_ALK,46.5,2.65854389903e+18
main,ocn_ALK,47.5,2.65856342515e+18
main,ocn_ALK,48.5,2.65858282223e+18
main,ocn_ALK,49.5,2.65860206843e+18
main,ocn_ALK,50.5,2.65862117769e+18
main,ocn_ALK,51.5,2.6586401385e+18
main,ocn_ALK,52.5,2.65865897518e+18
main,ocn_ALK,53.5,2.65867767068e+18
main,ocn_ALK,54.5,2.65869624969e+18
main,ocn_ALK,55.5,2.65871473386e+18
main,ocn_ALK,56.5,2.65873308882e+18
main,ocn_ALK,57.5,2.65875130906e+18
main,ocn_ALK,58.5,2.65876941833e+18
main,ocn_ALK,59.5,2.65878739808e+18
main,ocn_ALK,60.5,2.65880526119e+18
main,ocn_ALK,61.5,2.65882299047e+18
main,ocn_ALK,62.5,2.65884057337e+18
main,ocn_ALK,63.5,2.65885802851e+18
main,ocn_ALK,64.5,2.65887535809e+18
main,ocn_ALK,65.5,2.65889259865e+18
main,ocn_ALK,66.5,2.65890976011e+18
main,ocn_ALK,67.5,2.6589268177e+18
main,ocn_ALK,68.5,2.65894375635e+18
main,ocn_ALK,69.5,2.65896058615e+18
main,ocn_ALK,70.5,2.65897728982e+18
main,ocn_ALK,71.5,2.65899386758e+18
main,ocn_ALK,72.5,2.65901033001e+18
main,ocn_ALK,73.5,2.6590266749e+18
main,ocn_ALK,74.5,2.65904290996e+18
main,ocn_ALK,75.5,2.65905903367e+18
main,ocn_ALK,76.5,2.65907505916e+18
main,ocn_ALK,77.5,2.6590909981e+18
main,ocn_ALK,78.5,2.65910682244e+18
main,ocn_ALK,79.5,2.65912252988e+18
main,ocn_ALK,80.5,2.65913813322e+18
main,ocn_ALK,81.5,2.65915362746e+18
main,ocn_ALK,82.5,2.65916902516e+18
main,ocn_ALK,83.5,2.65918432929e+18
main,ocn_ALK,84.5,2.65919955078e+18
main,ocn_ALK,85.5,2.65921469881e+18
main,ocn_ALK,86.5,2.65922975174e+18
main,ocn_ALK,87.5,2.65924470796e+18
main,ocn_ALK,88.5,2.65925956652e+18
main,ocn_ALK,89.5,2.65927433586e+18
main,ocn_ALK,90.5,2.65928900976e+18
main,ocn_ALK,91.5,2.65930359163e+18
main,ocn_ALK,92.5,2.65931810078e+18
main,ocn_ALK,93.5,2.65933254506e+18
main,ocn_ALK,94.5,2.65934690026e+18
main,ocn_ALK,95.5,2.65936117171e+18
main,ocn_ALK,96.5,2.65937534533e+18
main,ocn_ALK,97.5,2.65938941403e+18
main,ocn_ALK,98.5,2.65940338183e+18
main,ocn_ALK,99.5,2.65941724488e+18
main,ocn_ALK,100.5,2.65943133271e+18
main,ocn_ALK,101.5,2.65912398511e+18
main,ocn_ALK,102.5,2.6573563062e+18
main,ocn_ALK,103.5,2.65571962185e+18
main,ocn_ALK,104.5,2.65556850308e+18
main,ocn_ALK,105.5,2.65552271673e+18
main,ocn_ALK,106.5,2.65546349768e+18
main,ocn_ALK,107.5,2.65540976733e+18
main,ocn_ALK,108.5,2.65536871074e+18
main,ocn_ALK,109.5,2.65533660623e+18
main,ocn_ALK,110.5,2.6553121196e+18
main,ocn_ALK,111.5,2.65529171888e+18
main,ocn_ALK,112.5,2.65527553261e+18
main,ocn_ALK,113.5,2.65526297319e+18
main,ocn_ALK,114.5,2.65525280882e+18
main,ocn_ALK,115.5,2.65524441374e+18
main,ocn_ALK,116.5,2.65523758928e+18
main,ocn_ALK,117.5,2.65523209684e+18
main,ocn_ALK,118.5,2.65522728792e+18
main,ocn_ALK,119.5,2.65522296987e+18
main,ocn_ALK,120.5,2.65521903665e+18
main,ocn_ALK,121.5,2.65521562399e+18
main,ocn_ALK,122.5,2.6552126547e+18
main,ocn_ALK,123.5,2.65521000923e+18
main,ocn_ALK,124.5,2.65520772095e+18
main,ocn_ALK,125.5,2.65520555031e+18
main,ocn_ALK,126.5,2.65520342523e+18
main,ocn_ALK,127.5,2.65520139761e+18
main,ocn_ALK,128.5,2.65519943364e+18
main,ocn_ALK,129.5,2.65519768485e+18
main,ocn_ALK,130.5,2.6551962096e+18
main,ocn_ALK,131.5,2.65519502746e+18
main,ocn_ALK,132.5,2.65519402817e+18
main,ocn_ALK,133.5,2.65519315979e+18
main,ocn_ALK,134.5,2.65519227667e+18
main,ocn_ALK,135.5,2.65519138606e+18
main,ocn_ALK,136.5,2.65519049369e+18
main,ocn_ALK,137.5,2.65518947848e+18
main,ocn_ALK,138.5,2.65518847112e+18
main,ocn_ALK,139.5,2.65518745912e+18
main,ocn_ALK,140.5,2.65518641637e+18
main,ocn_ALK,141.5,2.65518536942e+18
main,ocn_ALK,142.5,2.65518432062e+18
main,ocn_ALK,143.5,2.65518332938e+18
main,ocn_ALK,144.5,2.65518243202e+18
main,ocn_ALK,145.5,2.65518161295e+18
main,ocn_ALK,146.5,2.65518080629e+18
main,ocn_ALK,147.5,2.65518008952e+18
main,ocn_ALK,148.5,2.6551794921e+18
main,ocn_ALK,149.5,2.65517888628e+18
main,ocn_ALK,150.5,2.65517835794e+18
main,ocn_ALK,151.5,2.6551778563e+18
main,ocn_ALK,152.5,2.65517735942e+18
main,ocn_ALK,153.5,2.65517696204e+18
main,ocn_ALK,154.5,2.65517658757e+18
main,ocn_ALK,155.5,2.65517619432e+18
main,ocn_ALK,156.5,2.65517588876e+18
main,ocn_ALK,157.5,2.65517557289e+18
main,ocn_ALK,158.5,2.65517534321e+18
main,ocn_ALK,159.5,2.65517526679e+18
main,ocn_ALK,160.5,2.65517523424e+18
main,ocn_ALK,161.5,2.65517517483e+18
main,ocn_ALK,162.5,2.65517516606e+18
main,ocn_ALK,163.5,2.65517510701e+18
main,ocn_ALK,164.5,2.65517511239e+18
main,ocn_ALK,165.5,2.65517513485e+18
main,ocn_ALK,166.5,2.65517523188e+18
main,ocn_ALK,167.5,2.65517529231e+18
main,ocn_ALK,168.5,2.6551754376e+18
main,ocn_ALK,169.5,2.65517553345e+18
main,ocn_ALK,170.5,2.65517568771e+18
main,ocn_ALK,171.5,2.65517583847e+18
main,ocn_ALK,172.5,2.65517608777e+18
main,ocn_ALK,173.5,2.65517631282e+18
main,ocn_ALK,174.5,2.655176553e+18
main,ocn_ALK,175.5,2.65517674921e+18
main,ocn_ALK,176.5,2.65517701771e+18
main,ocn_ALK,177.5,2.65517726927e+18
main,ocn_ALK,178.5,2.65517758442e+18
main,ocn_ALK,179.5,2.65517788017e+18
main,ocn_ALK,180.5,2.65517819444e+18
main,ocn_ALK,181.5,2.65517850599e+18
main,ocn_ALK,182.5,2.65517887503e+18
main,ocn_ALK,183.5,2.65517921395e+18
main,ocn_ALK,184.5,2.65517964899e+18
main,ocn_ALK,185.5,2.65518003957e+18
main,ocn_ALK,186.5,2.65518052426e+18
main,ocn_ALK,187.5,2.65518107533e+18
main,ocn_ALK,188.5,2.65518160461e+18
main,ocn_ALK,189.5,2.65518217426e+18
main,ocn_ALK,190.5,2.65518280151e+18
main,ocn_ALK,191.5,2.65518336291e+18
main,ocn_ALK,192.5,2.65518400594e+18
main,ocn_ALK,193.5,2.65518460357e+18
main,ocn_ALK,194.5,2.65518521418e+18
main,ocn_ALK,195.5,2.65518587405e+18
main,ocn_ALK,196.5,2.65518651353e+18
main,ocn_ALK,197.5,2.65518716125e+18
main,ocn_ALK,198.5,2.65518789921e+18
main,ocn_ALK,199.5,2.65518863983e+18
Danian,ocn_temp,0.5,11.067497
Danian,ocn_temp,1.5,11.072266
Danian,ocn_temp,2.5,11.077006
Danian,ocn_temp,3.5,11.081718
Danian,ocn_temp,4.5,11.086406
Danian,ocn_temp,5.5,11.091069
Danian,ocn_temp,6.5,11.095704
Danian,ocn_temp,7.5,11.100317
Danian,ocn_temp,8.5,11.104903
Danian,ocn_temp,9.5,11.109464
Danian,ocn_temp,10.5,11.114001
Danian,ocn_temp,11.5,11.118511
Danian,ocn_temp,12.5,11.122994
Danian,ocn_temp,13.5,11.127453
Danian,ocn_temp,14.5,11.131886
Danian,ocn_temp,15.5,11.136293
Danian,ocn_temp,16.5,11.140676
Danian,ocn_temp,17.5,11.145034
Danian,ocn_temp,18.5,11.149368
Danian,ocn_temp,19.5,11.153678
Danian,ocn_temp,21.5,11.162226
Danian,ocn_temp,23.5,11.170678
Danian,ocn_temp,25.5,11.179032
Danian,ocn_temp,27.5,11.187292
Danian,ocn_temp,29.5,11.195461
Danian,ocn_temp,31.5,11.203542
Danian,ocn_temp,33.5,11.211541
Danian,ocn_temp,35.5,11.219456
Danian,ocn_temp,37.5,11.227285
Danian,ocn_temp,39.5,11.235033
Danian,ocn_temp,41.5,11.242702
Danian,ocn_temp,43.5,11.25029
Danian,ocn_temp,45.5,11.257799
Danian,ocn_temp,47.5,11.265231
Danian,ocn_temp,49.5,11.272582
Danian,ocn_temp,51.5,11.279859
Danian,ocn_temp,53.5,11.28706
Danian,ocn_temp,55.5,11.294176
Danian,ocn_temp,57.5,11.301219
Danian,ocn_temp,59.5,11.308195
Danian,ocn_temp,61.5,11.315103
Danian,ocn_temp,63.5,11.321948
Danian,ocn_temp,65.5,11.328731
Danian,ocn_temp,67.5,11.335451
Danian,ocn_temp,69.5,11.34211
Danian,ocn_temp,71.5,11.348711
Danian,ocn_temp,73.5,11.355254
Danian,ocn_temp,75.5,11.361744
Danian,ocn_temp,77.5,11.368178
Danian,ocn_temp,79.5,11.374559
Danian,ocn_temp,81.5,11.380888
Danian,ocn_temp,83.5,11.387164
Danian,ocn_temp,85.5,11.393388
Danian,ocn_temp,87.5,11.399564
Danian,ocn_temp,89.5,11.405689
Danian,ocn_temp,91.5,11.411767
Danian,ocn_temp,93.5,11.417798
Danian,ocn_temp,95.5,11.42378
Danian,ocn_temp,97.5,11.429716
Danian,ocn_temp,99.5,11.435607
Danian,ocn_temp,104.5,11.450135
Danian,ocn_temp,109.5,11.464387
Danian,ocn_temp,114.5,11.478374
Danian,ocn_temp,119.5,11.492101
Danian,ocn_temp,124.5,11.505578
Danian,ocn_temp,129.5,11.518814
Danian,ocn_temp,134.5,11.531815
Danian,ocn_temp,139.5,11.544593
Danian,ocn_temp,144.5,11.557152
Danian,ocn_temp,149.5,11.569494
Danian,ocn_temp,154.5,11.581638
Danian,ocn_temp,159.5,11.593596
Danian,ocn_temp,164.5,11.605374
Danian,ocn_temp,169.5,11.616966
Danian,ocn_temp,174.5,11.628358
Danian,ocn_temp,179.5,11.639575
Danian,ocn_temp,184.5,11.650627
Danian,ocn_temp,189.5,11.661519
Danian,ocn_temp,194.5,11.672258
Danian,ocn_temp,199.5,11.682848
Danian,ocn_temp,204.5,11.693292
Danian,ocn_temp,209.5,11.703596
Danian,ocn_temp,214.5,11.713764
Danian,ocn_temp,219.5,11.723799
Danian,ocn_temp,224.5,11.733704
Danian,ocn_temp,229.5,11.74348
Danian,ocn_temp,234.5,11.753134
Danian,ocn_temp,239.5,11.762672
Danian,ocn_temp,244.5,11.772093
Danian,ocn_temp,249.5,11.781406
Danian,ocn_temp,254.5,11.790612
Danian,ocn_temp,259.5,11.799711
Danian,ocn_temp,264.5,11.8087
Danian,ocn_temp,269.5,11.817579
Danian,ocn_temp,274.5,11.826356
Danian,ocn_temp,279.5,11.835032
Danian,ocn_temp,284.5,11.84361
Danian,ocn_temp,289.5,11.852094
Danian,ocn_temp,294.5,11.86049
Danian,ocn_temp,299.5,11.868796
Danian,ocn_temp,304.5,11.877014
Danian,ocn_temp,309.5,11.885143
Danian,ocn_temp,314.5,11.89319
Danian,ocn_temp,319.5,11.901155
Danian,ocn_temp,324.5,11.909038
Danian,ocn_temp,329.5,11.916842
Danian,ocn_temp,334.5,11.924565
Danian,ocn_temp,339.5,11.932213
Danian,ocn_temp,344.5,11.939788
Danian,ocn_temp,349.5,11.947294
Danian,ocn_temp,354.5,11.954738
Danian,ocn_temp,359.5,11.962118
Danian,ocn_temp,364.5,11.969429
Danian,ocn_temp,369.5,11.976672
Danian,ocn_temp,374.5,11.983848
Danian,ocn_temp,379.5,11.990963
Danian,ocn_temp,384.5,11.998015
Danian,ocn_temp,389.5,12.005002
Danian,ocn_temp,394.5,12.011927
Danian,ocn_temp,399.5,12.018788
Danian,ocn_temp,404.5,12.02559
Danian,ocn_temp,409.5,12.032334
Danian,ocn_temp,414.5,12.039019
Danian,ocn_temp,419.5,12.045647
Danian,ocn_temp,424.5,12.052214
Danian,ocn_temp,429.5,12.058727
Danian,ocn_temp,434.5,12.065187
Danian,ocn_temp,439.5,12.071593
Danian,ocn_temp,444.5,12.077948
Danian,ocn_temp,449.5,12.084245
Danian,ocn_temp,454.5,12.090491
Danian,ocn_temp,459.5,12.096687
Danian,ocn_temp,464.5,12.10283
Danian,ocn_temp,469.5,12.108925
Danian,ocn_temp,474.5,12.114966
Danian,ocn_temp,479.5,12.12096
Danian,ocn_temp,484.5,12.126908
Danian,ocn_temp,489.5,12.132809
Danian,ocn_temp,494.5,12.138665
Danian,ocn_temp,499.5,12.144471
Danian,ocn_temp,504.5,12.150235
Danian,ocn_temp,509.5,12.155957
Danian,ocn_temp,514.5,12.161635
Danian,ocn_temp,519.5,12.167272
Danian,ocn_temp,524.5,12.172862
Danian,ocn_temp,529.5,12.178411
Danian,ocn_temp,534.5,12.183922
Danian,ocn_temp,539.5,12.18939
Danian,ocn_temp,544.5,12.194819
Danian,ocn_temp,549.5,12.200204
Danian,ocn_temp,554.5,12.205553
Danian,ocn_temp,559.5,12.210863
Danian,ocn_temp,564.5,12.216134
Danian,ocn_temp,569.5,12.221366
Danian,ocn_temp,574.5,12.226559
Danian,ocn_temp,579.5,12.231718
Danian,ocn_temp,584.5,12.23684
Danian,ocn_temp,589.5,12.241924
Danian,ocn_temp,594.5,12.246972
Danian,ocn_temp,599.5,12.251985
Danian,ocn_temp,604.5,12.256967
Danian,ocn_temp,609.5,12.261913
Danian,ocn_temp,614.5,12.266823
Danian,ocn_temp,619.5,12.271702
Danian,ocn_temp,624.5,12.276547
Danian,ocn_temp,629.5,12.281362
Danian,ocn_temp,634.5,12.286142
Danian,ocn_temp,639.5,12.29089
Danian,ocn_temp,644.5,12.295608
Danian,ocn_temp,649.5,12.300295
Danian,ocn_temp,654.5,12.304951
Danian,ocn_temp,659.5,12.309573
Danian,ocn_temp,664.5,12.314167
Danian,ocn_temp,669.5,12.318732
Danian,ocn_temp,674.5,12.323266
Danian,ocn_temp,679.5,12.327771
Danian,ocn_temp,684.5,12.332245
Danian,ocn_temp,689.5,12.336694
Danian,ocn_temp,694.5,12.341114
Danian,ocn_temp,699.5,12.345504
Danian,ocn_temp,704.5,12.349868
Danian,ocn_temp,709.5,12.354204
Danian,ocn_temp,714.5,12.358515
Danian,ocn_temp,719.5,12.362797
Danian,ocn_temp,724.5,12.367056
Danian,ocn_temp,729.5,12.371296
Danian,ocn_temp,734.5,12.375517
Danian,ocn_temp,739.5,12.379717
Danian,ocn_temp,744.5,12.383889
Danian,ocn_temp,749.5,12.388039
Danian,ocn_temp,754.5,12.392165
Danian,ocn_temp,759.5,12.396266
Danian,ocn_temp,764.5,12.400343
Danian,ocn_temp,769.5,12.404395
Danian,ocn_temp,774.5,12.408425
Danian,ocn_temp,779.5,12.412431
Danian,ocn_temp,784.5,12.416412
Danian,ocn_temp,789.5,12.420371
Danian,ocn_temp,794.5,12.424307
Danian,ocn_temp,799.5,12.428221
Danian,ocn_temp,804.5,12.432109
Danian,ocn_temp,809.5,12.435976
Danian,ocn_temp,814.5,12.439822
Danian,ocn_temp,819.5,12.443645
Danian,ocn_temp,824.5,12.447445
Danian,ocn_temp,829.5,12.451222
Danian,ocn_temp,834.5,12.454979
Danian,ocn_temp,839.5,12.458714
Danian,ocn_temp,844.5,12.462427
Danian,ocn_temp,849.5,12.466119
Danian,ocn_temp,854.5,12.46979
Danian,ocn_temp,859.5,12.473442
Danian,ocn_temp,864.5,12.477072
Danian,ocn_temp,869.5,12.480681
Danian,ocn_temp,874.5,12.484272
Danian,ocn_temp,879.5,12.487843
Danian,ocn_temp,884.5,12.491395
Danian,ocn_temp,889.5,12.494925
Danian,ocn_temp,894.5,12.498438
Danian,ocn_temp,899.5,12.501931
Danian,ocn_temp,904.5,12.505409
Danian,ocn_temp,909.5,12.508867
Danian,ocn_temp,914.5,12.512306
Danian,ocn_temp,919.5,12.51573
Danian,ocn_temp,924.5,12.519134
Danian,ocn_temp,929.5,12.52252
Danian,ocn_temp,934.5,12.52589
Danian,ocn_temp,939.5,12.529241
Danian,ocn_temp,944.5,12.532576
Danian,ocn_temp,949.5,12.53589
Danian,ocn_temp,954.5,12.539189
Danian,ocn_temp,959.5,12.542473
Danian,ocn_temp,964.5,12.545743
Danian,ocn_temp,969.5,12.549
Danian,ocn_temp,974.5,12.552235
Danian,ocn_temp,979.5,12.555456
Danian,ocn_temp,984.5,12.558659
Danian,ocn_temp,989.5,12.561847
Danian,ocn_temp,994.5,12.565024
Danian,ocn_temp,999.5,12.56818
Danian,ocn_temp,1019.5,12.580659
Danian,ocn_temp,1039.5,12.592904
Danian,ocn_temp,1059.5,12.60492
Danian,ocn_temp,1079.5,12.616725
Danian,ocn_temp,1099.5,12.628316
Danian,ocn_temp,1119.5,12.639696
Danian,ocn_temp,1139.5,12.650889
Danian,ocn_temp,1159.5,12.661887
Danian,ocn_temp,1179.5,12.672707
Danian,ocn_temp,1199.5,12.68335
Danian,ocn_temp,1219.5,12.693819
Danian,ocn_temp,1239.5,12.704127
Danian,ocn_temp,1259.5,12.71428
Danian,ocn_temp,1279.5,12.724286
Danian,ocn_temp,1299.5,12.734152
Danian,ocn_temp,1319.5,12.743892
Danian,ocn_temp,1339.5,12.753479
Danian,ocn_temp,1359.5,12.762916
Danian,ocn_temp,1379.5,12.772215
Danian,ocn_temp,1399.5,12.78138
Danian,ocn_temp,1419.5,12.79042
Danian,ocn_temp,1439.5,12.799333
Danian,ocn_temp,1459.5,12.808127
Danian,ocn_temp,1479.5,12.816806
Danian,ocn_temp,1499.5,12.825376
Danian,ocn_temp,1519.5,12.833835
Danian,ocn_temp,1539.5,12.842188
Danian,ocn_temp,1559.5,12.850437
Danian,ocn_temp,1579.5,12.858588
Danian,ocn_temp,1599.5,12.866639
Danian,ocn_temp,1619.5,12.874589
Danian,ocn_temp,1639.5,12.882442
Danian,ocn_temp,1659.5,12.890201
Danian,ocn_temp,1679.5,12.897865
Danian,ocn_temp,1699.5,12.905445
Danian,ocn_temp,1719.5,12.912934
Danian,ocn_temp,1739.5,12.920334
Danian,ocn_temp,1759.5,12.927656
Danian,ocn_temp,1779.5,12.934894
Danian,ocn_temp,1799.5,12.94205
Danian,ocn_temp,1819.5,12.949131
Danian,ocn_temp,1839.5,12.956131
Danian,ocn_temp,1859.5,12.963055
Danian,ocn_temp,1879.5,12.969907
Danian,ocn_temp,1899.5,12.976682
Danian,ocn_temp,1919.5,12.983383
Danian,ocn_temp,1939.5,12.990013
Danian,ocn_temp,1959.5,12.99657
Danian,ocn_temp,1979.5,13.003063
Danian,ocn_temp,1999.5,13.009487
Danian,ocn_temp,2049.5,13.025252
Danian,ocn_temp,2099.5,13.040607
Danian,ocn_temp,2149.5,13.05559
Danian,ocn_temp,2199.5,13.070214
Danian,ocn_temp,2249.5,13.084473
Danian,ocn_temp,2299.5,13.098383
Danian,ocn_temp,2349.5,13.11196
Danian,ocn_temp,2399.5,13.125213
Danian,ocn_temp,2449.5,13.138162
Danian,ocn_temp,2499.5,13.150813
Danian,ocn_temp,2549.5,13.163184
Danian,ocn_temp,2599.5,13.175277
Danian,ocn_temp,2649.5,13.187099
Danian,ocn_temp,2699.5,13.19864
Danian,ocn_temp,2749.5,13.209928
Danian,ocn_temp,2799.5,13.220973
Danian,ocn_temp,2849.5,13.231776
Danian,ocn_temp,2899.5,13.24234
Danian,ocn_temp,2949.5,13.252673
Danian,ocn_temp,2999.5,13.26278
Danian,ocn_temp,3049.5,13.272666
Danian,ocn_temp,3099.5,13.282336
Danian,ocn_temp,3149.5,13.291793
Danian,ocn_temp,3199.5,13.30103
Danian,ocn_temp,3249.5,13.31006
Danian,ocn_temp,3299.5,13.318883
Danian,ocn_temp,3349.5,13.327512
Danian,ocn_temp,3399.5,13.335944
Danian,ocn_temp,3449.5,13.344192
Danian,ocn_temp,3499.5,13.352277
Danian,ocn_temp,3549.5,13.36021
Danian,ocn_temp,3599.5,13.367996
Danian,ocn_temp,3649.5,13.375625
Danian,ocn_temp,3699.5,13.383088
Danian,ocn_temp,3749.5,13.39039
Danian,ocn_temp,3799.5,13.397536
Danian,ocn_temp,3849.5,13.404531
Danian,ocn_temp,3899.5,13.411381
Danian,ocn_temp,3949.5,13.418085
Danian,ocn_temp,3999.5,13.424646
Danian,ocn_temp,4049.5,13.431062
Danian,ocn_temp,4099.5,13.43734
Danian,ocn_temp,4149.5,13.443483
Danian,ocn_temp,4199.5,13.449492
Danian,ocn_temp,4249.5,13.455369
Danian,ocn_temp,4299.5,13.461121
Danian,ocn_temp,4349.5,13.466737
Danian,ocn_temp,4399.5,13.472228
Danian,ocn_temp,4449.5,13.477602
Danian,ocn_temp,4499.5,13.482864
Danian,ocn_temp,4549.5,13.488013
Danian,ocn_temp,4599.5,13.493048
Danian,ocn_temp,4649.5,13.49797
Danian,ocn_temp,4699.5,13.502781
Danian,ocn_temp,4749.5,13.507483
Danian,ocn_temp,4799.5,13.51208
Danian,ocn_temp,4849.5,13.516573
Danian,ocn_temp,4899.5,13.520962
Danian,ocn_temp,4949.5,13.52525
Danian,ocn_temp,4999.5,13.529434
Danian,surpH,0.5,7.504749
Danian,surpH,1.5,7.50409
Danian,surpH,2.5,7.503888
Danian,surpH,3.5,7.503836
Danian,surpH,4.5,7.503842
Danian,surpH,5.5,7.503883
Danian,surpH,6.5,7.503934
Danian,surpH,7.5,7.50399
Danian,surpH,8.5,7.504061
Danian,surpH,9.5,7.504137
Danian,surpH,10.5,7.504206
Danian,surpH,11.5,7.504291
Danian,surpH,12.5,7.504369
Danian,surpH,13.5,7.504449
Danian,surpH,14.5,7.504536
Danian,surpH,15.5,7.504617
Danian,surpH,16.5,7.504696
Danian,surpH,17.5,7.504784
Danian,surpH,18.5,7.504867
Danian,surpH,19.5,7.504948
Danian,surpH,21.5,7.505118
Danian,surpH,23.5,7.505283
Danian,surpH,25.5,7.505441
Danian,surpH,27.5,7.505611
Danian,surpH,29.5,7.505771
Danian,surpH,31.5,7.505918
Danian,surpH,33.5,7.50608
Danian,surpH,35.5,7.506226
Danian,surpH,37.5,7.506374
Danian,surpH,39.5,7.506528
Danian,surpH,41.5,7.506665
Danian,surpH,43.5,7.506808
Danian,surpH,45.5,7.506954
Danian,surpH,47.5,7.507086
Danian,surpH,49.5,7.507221
Danian,surpH,51.5,7.50736
Danian,surpH,53.5,7.507485
Danian,surpH,55.5,7.507612
Danian,surpH,57.5,7.507747
Danian,surpH,59.5,7.507868
Danian,surpH,61.5,7.50799
Danian,surpH,63.5,7.508117
Danian,surpH,65.5,7.508226
Danian,surpH,67.5,7.508345
Danian,surpH,69.5,7.508465
Danian,surpH,71.5,7.508571
Danian,surpH,73.5,7.508685
Danian,surpH,75.5,7.508795
Danian,surpH,77.5,7.508896
Danian,surpH,79.5,7.509002
Danian,surpH,81.5,7.509114
Danian,surpH,83.5,7.509214
Danian,surpH,85.5,7.509319
Danian,surpH,87.5,7.509418
Danian,surpH,89.5,7.509516
Danian,surpH,91.5,7.509618
Danian,surpH,93.5,7.509714
Danian,surpH,95.5,7.509807
Danian,surpH,97.5,7.509905
Danian,surpH,99.5,7.509996
Danian,surpH,104.5,7.51022
Danian,surpH,109.5,7.51045
Danian,surpH,114.5,7.510666
Danian,surpH,119.5,7.510875
Danian,surpH,124.5,7.511091
Danian,surpH,129.5,7.511281
Danian,surpH,134.5,7.511478
Danian,surpH,139.5,7.511667
Danian,surpH,144.5,7.511846
Danian,surpH,149.5,7.512023
Danian,surpH,154.5,7.512187
Danian,surpH,159.5,7.512341
Danian,surpH,164.5,7.512504
Danian,surpH,169.5,7.512648
Danian,surpH,174.5,7.512799
Danian,surpH,179.5,7.512945
Danian,surpH,184.5,7.51308
Danian,surpH,189.5,7.513214
Danian,surpH,194.5,7.513347
Danian,surpH,199.5,7.513467
Danian,surpH,204.5,7.51359
Danian,surpH,209.5,7.513708
Danian,surpH,214.5,7.513815
Danian,surpH,219.5,7.513929
Danian,surpH,224.5,7.514025
Danian,surpH,229.5,7.514123
Danian,surpH,234.5,7.514224
Danian,surpH,239.5,7.51431
Danian,surpH,244.5,7.5144
Danian,surpH,249.5,7.514486
Danian,surpH,254.5,7.514566
Danian,surpH,259.5,7.514649
Danian,surpH,264.5,7.514723
Danian,surpH,269.5,7.514793
Danian,surpH,274.5,7.514867
Danian,surpH,279.5,7.514926
Danian,surpH,284.5,7.514991
Danian,surpH,289.5,7.515051
Danian,surpH,294.5,7.515102
Danian,surpH,299.5,7.515161
Danian,surpH,304.5,7.515207
Danian,surpH,309.5,7.515257
Danian,surpH,314.5,7.515309
Danian,surpH,319.5,7.515347
Danian,surpH,324.5,7.515392
Danian,surpH,329.5,7.515428
Danian,surpH,334.5,7.515465
Danian,surpH,339.5,7.515504
Danian,surpH,344.5,7.515532
Danian,surpH,349.5,7.515563
Danian,surpH,354.5,7.515586
Danian,surpH,359.5,7.515608
Danian,surpH,364.5,7.515641
Danian,surpH,369.5,7.515656
Danian,surpH,374.5,7.515673
Danian,surpH,379.5,7.515698
Danian,surpH,384.5,7.515711
Danian,surpH,389.5,7.515732
Danian,surpH,394.5,7.515741
Danian,surpH,399.5,7.515747
Danian,surpH,404.5,7.515764
Danian,surpH,409.5,7.515767
Danian,surpH,414.5,7.515784
Danian,surpH,419.5,7.515782
Danian,surpH,424.5,7.51579
Danian,surpH,429.5,7.515799
Danian,surpH,434.5,7.515802
Danian,surpH,439.5,7.515802
Danian,surpH,444.5,7.515799
Danian,surpH,449.5,7.515792
Danian,surpH,454.5,7.515796
Danian,surpH,459.5,7.515787
Danian,surpH,464.5,7.515787
Danian,surpH,469.5,7.515776
Danian,surpH,474.5,7.515764
Danian,surpH,479.5,7.515762
Danian,surpH,484.5,7.515746
Danian,surpH,489.5,7.515737
Danian,surpH,494.5,7.515723
Danian,surpH,499.5,7.515704
Danian,surpH,504.5,7.515699
Danian,surpH,509.5,7.515676
Danian,surpH,514.5,7.515669
Danian,surpH,519.5,7.515644
Danian,surpH,524.5,7.515627
Danian,surpH,529.5,7.515619
Danian,surpH,534.5,7.515594
Danian,surpH,539.5,7.51558
Danian,surpH,544.5,7.515557
Danian,surpH,549.5,7.515531
Danian,surpH,554.5,7.515517
Danian,surpH,559.5,7.515485
Danian,surpH,564.5,7.515471
Danian,surpH,569.5,7.515443
Danian,surpH,574.5,7.515417
Danian,surpH,579.5,7.515398
Danian,surpH,584.5,7.515363
Danian,surpH,589.5,7.515348
Danian,surpH,594.5,7.515318
Danian,surpH,599.5,7.515289
Danian,surpH,604.5,7.515268
Danian,surpH,609.5,7.515234
Danian,surpH,614.5,7.515213
Danian,surpH,619.5,7.515176
Danian,surpH,624.5,7.515152
Danian,surpH,629.5,7.515117
Danian,surpH,634.5,7.51508
Danian,surpH,639.5,7.515056
Danian,surpH,644.5,7.515024
Danian,surpH,649.5,7.514997
Danian,surpH,654.5,7.514964
Danian,surpH,659.5,7.51493
Danian,surpH,664.5,7.514903
Danian,surpH,669.5,7.514861
Danian,surpH,674.5,7.514834
Danian,surpH,679.5,7.514795
Danian,surpH,684.5,7.514762
Danian,surpH,689.5,7.514729
Danian,surpH,694.5,7.514688
Danian,surpH,699.5,7.514665
Danian,surpH,704.5,7.514626
Danian,surpH,709.5,7.514588
Danian,surpH,714.5,7.514555
Danian,surpH,719.5,7.514515
Danian,surpH,724.5,7.514483
Danian,surpH,729.5,7.514435
Danian,surpH,734.5,7.514412
Danian,surpH,739.5,7.514366
Danian,surpH,744.5,7.514328
Danian,surpH,749.5,7.514289
Danian,surpH,754.5,7.51425
Danian,surpH,759.5,7.514212
Danian,surpH,764.5,7.514168
Danian,surpH,769.5,7.514131
Danian,surpH,774.5,7.514092
Danian,surpH,779.5,7.514047
Danian,surpH,784.5,7.514013
Danian,surpH,789.5,7.513966
Danian,surpH,794.5,7.513926
Danian,surpH,799.5,7.513885
Danian,surpH,804.5,7.513841
Danian,surpH,809.5,7.513805
Danian,surpH,814.5,7.513762
Danian,surpH,819.5,7.513727
Danian,surpH,824.5,7.513682
Danian,surpH,829.5,7.513641
Danian,surpH,834.5,7.513608
Danian,surpH,839.5,7.513563
Danian,surpH,844.5,7.513528
Danian,surpH,849.5,7.513486
Danian,surpH,854.5,7.513442
Danian,surpH,859.5,7.513406
Danian,surpH,864.5,7.51336
Danian,surpH,869.5,7.513329
Danian,surpH,874.5,7.513282
Danian,surpH,879.5,7.513247
Danian,surpH,884.5,7.513207
Danian,surpH,889.5,7.513165
Danian,surpH,894.5,7.513129
Danian,surpH,899.5,7.513079
Danian,surpH,904.5,7.513047
Danian,surpH,909.5,7.513002
Danian,surpH,914.5,7.512963
Danian,surpH,919.5,7.512925
Danian,surpH,924.5,7.512885
Danian,surpH,929.5,7.512845
Danian,surpH,934.5,7.512807
Danian,surpH,939.5,7.512772
Danian,surpH,944.5,7.512735
Danian,surpH,949.5,7.512691
Danian,surpH,954.5,7.512661
Danian,surpH,959.5,7.512616
Danian,surpH,964.5,7.512585
Danian,surpH,969.5,7.51254
Danian,surpH,974.5,7.512505
Danian,surpH,979.5,7.512472
Danian,surpH,984.5,7.512432
Danian,surpH,989.5,7.512399
Danian,surpH,994.5,7.51236
Danian,surpH,999.5,7.512324
Danian,surpH,1019.5,7.512179
Danian,surpH,1039.5,7.512045
Danian,surpH,1059.5,7.511898
Danian,surpH,1079.5,7.511763
Danian,surpH,1099.5,7.511628
Danian,surpH,1119.5,7.511498
Danian,surpH,1139.5,7.511377
Danian,surpH,1159.5,7.511258
Danian,surpH,1179.5,7.511138
Danian,surpH,1199.5,7.511041
Danian,surpH,1219.5,7.510935
Danian,surpH,1239.5,7.51082
Danian,surpH,1259.5,7.510716
Danian,surpH,1279.5,7.510614
Danian,surpH,1299.5,7.51051
Danian,surpH,1319.5,7.510422
Danian,surpH,1339.5,7.510337
Danian,surpH,1359.5,7.510257
Danian,surpH,1379.5,7.510182
Danian,surpH,1399.5,7.510099
Danian,surpH,1419.5,7.51003
Danian,surpH,1439.5,7.50997
Danian,surpH,1459.5,7.509891
Danian,surpH,1479.5,7.509821
Danian,surpH,1499.5,7.509766
Danian,surpH,1519.5,7.509699
Danian,surpH,1539.5,7.509645
Danian,surpH,1559.5,7.509598
Danian,surpH,1579.5,7.50955
Danian,surpH,1599.5,7.509511
Danian,surpH,1619.5,7.50947
Danian,surpH,1639.5,7.509426
Danian,surpH,1659.5,7.509394
Danian,surpH,1679.5,7.509358
Danian,surpH,1699.5,7.509327
Danian,surpH,1719.5,7.5093
Danian,surpH,1739.5,7.509266
Danian,surpH,1759.5,7.509234
Danian,surpH,1779.5,7.509212
Danian,surpH,1799.5,7.509185
Danian,surpH,1819.5,7.509162
Danian,surpH,1839.5,7.509147
Danian,surpH,1859.5,7.509126
Danian,surpH,1879.5,7.509113
Danian,surpH,1899.5,7.50911
Danian,surpH,1919.5,7.509095
Danian,surpH,1939.5,7.50908
Danian,surpH,1959.5,7.50907
Danian,surpH,1979.5,7.509053
Danian,surpH,1999.5,7.509043
Danian,surpH,2049.5,7.50901
Danian,surpH,2099.5,7.508986
Danian,surpH,2149.5,7.508958
Danian,surpH,2199.5,7.508942
Danian,surpH,2249.5,7.508934
Danian,surpH,2299.5,7.508924
Danian,surpH,2349.5,7.508921
Danian,surpH,2399.5,7.508917
Danian,surpH,2449.5,7.508922
Danian,surpH,2499.5,7.508931
Danian,surpH,2549.5,7.508941
Danian,surpH,2599.5,7.508958
Danian,surpH,2649.5,7.508975
Danian,surpH,2699.5,7.508998
Danian,surpH,2749.5,7.509022
Danian,surpH,2799.5,7.509043
Danian,surpH,2849.5,7.509078
Danian,surpH,2899.5,7.509107
Danian,surpH,2949.5,7.509144
Danian,surpH,2999.5,7.509187
Danian,surpH,3049.5,7.50923
Danian,surpH,3099.5,7.509277
Danian,surpH,3149.5,7.509318
Danian,surpH,3199.5,7.509365
Danian,surpH,3249.5,7.509409
Danian,surpH,3299.5,7.509459
Danian,surpH,3349.5,7.509508
Danian,surpH,3399.5,7.509558
Danian,surpH,3449.5,7.509604
Danian,surpH,3499.5,7.509666
Danian,surpH,3549.5,7.509722
Danian,surpH,3599.5,7.509783
Danian,surpH,3649.5,7.50984
Danian,surpH,3699.5,7.509899
Danian,surpH,3749.5,7.509962
Danian,surpH,3799.5,7.510021
Danian,surpH,3849.5,7.510079
Danian,surpH,3899.5,7.510135
Danian,surpH,3949.5,7.510189
Danian,surpH,3999.5,7.510248
Danian,surpH,4049.5,7.510301
Danian,surpH,4099.5,7.510357
Danian,surpH,4149.5,7.510411
Danian,surpH,4199.5,7.510465
Danian,surpH,4249.5,7.510517
Danian,surpH,4299.5,7.510562
Danian,surpH,4349.5,7.510614
Danian,surpH,4399.5,7.510664
Danian,surpH,4449.5,7.510708
Danian,surpH,4499.5,7.510757
Danian,surpH,4549.5,7.510808
Danian,surpH,4599.5,7.510851
Danian,surpH,4649.5,7.510901
Danian,surpH,4699.5,7.510946
Danian,surpH,4749.5,7.510989
Danian,surpH,4799.5,7.511028
Danian,surpH,4849.5,7.511064
Danian,surpH,4899.5,7.5111
Danian,surpH,4949.5,7.511139
Danian,surpH,4999.5,7.511167
Danian,fexport_POC,0.5,400018800000000.0
Danian,fexport_POC,1.5,397818600000000.0
Danian,fexport_POC,2.5,396926000000000.0
Danian,fexport_POC,3.5,396404900000000.0
Danian,fexport_POC,4.5,395945200000000.0
Danian,fexport_POC,5.5,395592100000000.0
Danian,fexport_POC,6.5,395378000000000.0
Danian,fexport_POC,7.5,395098600000000.0
Danian,fexport_POC,8.5,394868500000000.0
Danian,fexport_POC,9.5,394782700000000.0
Danian,fexport_POC,10.5,394551600000000.0
Danian,fexport_POC,11.5,394416100000000.0
Danian,fexport_POC,12.5,394306500000000.0
Danian,fexport_POC,13.5,394185900000000.0
Danian,fexport_POC,14.5,394061300000000.0
Danian,fexport_POC,15.5,393963600000000.0
Danian,fexport_POC,16.5,393861700000000.0
Danian,fexport_POC,17.5,393730400000000.0
Danian,fexport_POC,18.5,393696000000000.0
Danian,fexport_POC,19.5,393556100000000.0
Danian,fexport_POC,21.5,393384100000000.0
Danian,fexport_POC,23.5,393162500000000.0
Danian,fexport_POC,25.5,392990200000000.0
Danian,fexport_POC,27.5,392859100000000.0
Danian,fexport_POC,29.5,392660000000000.0
Danian,fexport_POC,31.5,392468100000000.0
Danian,fexport_POC,33.5,392351500000000.0
Danian,fexport_POC,35.5,392142100000000.0
Danian,fexport_POC,37.5,392017900000000.0
Danian,fexport_POC,39.5,391904500000000.0
Danian,fexport_POC,41.5,391686700000000.0
Danian,fexport_POC,43.5,391564900000000.0
Danian,fexport_POC,45.5,391432200000000.0
Danian,fexport_POC,47.5,391257100000000.0
Danian,fexport_POC,49.5,391151800000000.0
Danian,fexport_POC,51.5,391054600000000.0
Danian,fexport_POC,53.5,390866200000000.0
Danian,fexport_POC,55.5,390743800000000.0
Danian,fexport_POC,57.5,390635600000000.0
Danian,fexport_POC,59.5,390493300000000.0
Danian,fexport_POC,61.5,390459200000000.0
Danian,fexport_POC,63.5,390356100000000.0
Danian,fexport_POC,65.5,390172200000000.0
Danian,fexport_POC,67.5,390110700000000.0
Danian,fexport_POC,69.5,390007600000000.0
Danian,fexport_POC,71.5,389931600000000.0
Danian,fexport_POC,73.5,389864800000000.0
Danian,fexport_POC,75.5,389726900000000.0
Danian,fexport_POC,77.5,389624900000000.0
Danian,fexport_POC,79.5,389513600000000.0
Danian,fexport_POC,81.5,389464000000000.0
Danian,fexport_POC,83.5,389363100000000.0
Danian,fexport_POC,85.5,389317900000000.0
Danian,fexport_POC,87.5,389164100000000.0
Danian,fexport_POC,89.5,389087100000000.0
Danian,fexport_POC,91.5,389063900000000.0
Danian,fexport_POC,93.5,388961300000000.0
Danian,fexport_POC,95.5,388871500000000.0
Danian,fexport_POC,97.5,388870200000000.0
Danian,fexport_POC,99.5,388699400000000.0
Danian,fexport_POC,104.5,388520200000000.0
Danian,fexport_POC,109.5,388466200000000.0
Danian,fexport_POC,114.5,388294000000000.0
Danian,fexport_POC,119.5,388212800000000.0
Danian,fexport_POC,124.5,388161000000000.0
Danian,fexport_POC,129.5,388071900000000.0
Danian,fexport_POC,134.5,388049800000000.0
Danian,fexport_POC,139.5,387952700000000.0
Danian,fexport_POC,144.5,387877900000000.0
Danian,fexport_POC,149.5,387939800000000.0
Danian,fexport_POC,154.5,387799500000000.0
Danian,fexport_POC,159.5,387842900000000.0
Danian,fexport_POC,164.5,387911000000000.0
Danian,fexport_POC,169.5,387768900000000.0
Danian,fexport_POC,174.5,387852900000000.0
Danian,fexport_POC,179.5,387879000000000.0
Danian,fexport_POC,184.5,387879500000000.0
Danian,fexport_POC,189.5,387939800000000.0
Danian,fexport_POC,194.5,387981300000000.0
Danian,fexport_POC,199.5,388029500000000.0
Danian,fexport_POC,204.5,388066100000000.0
Danian,fexport_POC,209.5,388104000000000.0
Danian,fexport_POC,214.5,388127400000000.0
Danian,fexport_POC,219.5,388244900000000.0
Danian,fexport_POC,224.5,388198700000000.0
Danian,fexport_POC,229.5,388244000000000.0
Danian,fexport_POC,234.5,388301200000000.0
Danian,fexport_POC,239.5,388317200000000.0
Danian,fexport_POC,244.5,388428300000000.0
Danian,fexport_POC,249.5,388437900000000.0
Danian,fexport_POC,254.5,388495900000000.0
Danian,fexport_POC,259.5,388593400000000.0
Danian,fexport_POC,264.5,388582100000000.0
Danian,fexport_POC,269.5,388646100000000.0
Danian,fexport_POC,274.5,388692800000000.0
Danian,fexport_POC,279.5,388715300000000.0
Danian,fexport_POC,284.5,388810600000000.0
Danian,fexport_POC,289.5,388795800000000.0
Danian,fexport_POC,294.5,388855600000000.0
Danian,fexport_POC,299.5,388919700000000.0
Danian,fexport_POC,304.5,388898200000000.0
Danian,fexport_POC,309.5,388968500000000.0
Danian,fexport_POC,314.5,388995300000000.0
Danian,fexport_POC,319.5,389032300000000.0
Danian,fexport_POC,324.5,389104600000000.0
Danian,fexport_POC,329.5,389058100000000.0
Danian,fexport_POC,334.5,389144100000000.0
Danian,fexport_POC,339.5,389122900000000.0
Danian,fexport_POC,344.5,389146400000000.0
Danian,fexport_POC,349.5,389214900000000.0
Danian,fexport_POC,354.5,389128500000000.0
Danian,fexport_POC,359.5,389201000000000.0
Danian,fexport_POC,364.5,389260700000000.0
Danian,fexport_POC,369.5,389221000000000.0
Danian,fexport_POC,374.5,389211000000000.0
Danian,fexport_POC,379.5,389229800000000.0
Danian,fexport_POC,384.5,389217800000000.0
Danian,fexport_POC,389.5,389250600000000.0
Danian,fexport_POC,394.5,389221900000000.0
Danian,fexport_POC,399.5,389190000000000.0
Danian,fexport_POC,404.5,389209500000000.0
Danian,fexport_POC,409.5,389200600000000.0
Danian,fexport_POC,414.5,389289600000000.0
Danian,fexport_POC,419.5,389150800000000.0
Danian,fexport_POC,424.5,389208300000000.0
Danian,fexport_POC,429.5,389164500000000.0
Danian,fexport_POC,434.5,389219000000000.0
Danian,fexport_POC,439.5,389195300000000.0
Danian,fexport_POC,444.5,389106400000000.0
Danian,fexport_POC,449.5,389113800000000.0
Danian,fexport_POC,454.5,389076000000000.0
Danian,fexport_POC,459.5,389072200000000.0
Danian,fexport_POC,464.5,389118400000000.0
Danian,fexport_POC,469.5,389013400000000.0
Danian,fexport_POC,474.5,388998900000000.0
Danian,fexport_POC,479.5,388990900000000.0
Danian,fexport_POC,484.5,388963600000000.0
Danian,fexport_POC,489.5,388969400000000.0
Danian,fexport_POC,494.5,388877800000000.0
Danian,fexport_POC,499.5,388879600000000.0
Danian,fexport_POC,504.5,388883500000000.0
Danian,fexport_POC,509.5,388838100000000.0
Danian,fexport_POC,514.5,388903400000000.0
Danian,fexport_POC,519.5,388701700000000.0
Danian,fexport_POC,524.5,388750300000000.0
Danian,fexport_POC,529.5,388714200000000.0
Danian,fexport_POC,534.5,388674700000000.0
Danian,fexport_POC,539.5,388706500000000.0
Danian,fexport_POC,544.5,388627900000000.0
Danian,fexport_POC,549.5,388584900000000.0
Danian,fexport_POC,554.5,388579500000000.0
Danian,fexport_POC,559.5,388521000000000.0
Danian,fexport_POC,564.5,388551100000000.0
Danian,fexport_POC,569.5,388440500000000.0
Danian,fexport_POC,574.5,388447800000000.0
Danian,fexport_POC,579.5,388387400000000.0
Danian,fexport_POC,584.5,388284300000000.0
Danian,fexport_POC,589.5,388351100000000.0
Danian,fexport_POC,594.5,388280000000000.0
Danian,fexport_POC,599.5,388261200000000.0
Danian,fexport_POC,604.5,388190200000000.0
Danian,fexport_POC,609.5,388158900000000.0
Danian,fexport_POC,614.5,388153300000000.0
Danian,fexport_POC,619.5,388075600000000.0
Danian,fexport_POC,624.5,388133600000000.0
Danian,fexport_POC,629.5,387988600000000.0
Danian,fexport_POC,634.5,387910300000000.0
Danian,fexport_POC,639.5,387876300000000.0
Danian,fexport_POC,644.5,387877100000000.0
Danian,fexport_POC,649.5,387881900000000.0
Danian,fexport_POC,654.5,387811500000000.0
Danian,fexport_POC,659.5,387787600000000.0
Danian,fexport_POC,664.5,387759800000000.0
Danian,fexport_POC,669.5,387671400000000.0
Danian,fexport_POC,674.5,387684400000000.0
Danian,fexport_POC,679.5,387574700000000.0
Danian,fexport_POC,684.5,387619100000000.0
Danian,fexport_POC,689.5,387512100000000.0
Danian,fexport_POC,694.5,387454300000000.0
Danian,fexport_POC,699.5,387457400000000.0
Danian,fexport_POC,704.5,387352200000000.0
Danian,fexport_POC,709.5,387398700000000.0
Danian,fexport_POC,714.5,387319200000000.0
Danian,fexport_POC,719.5,387274900000000.0
Danian,fexport_POC,724.5,387241400000000.0
Danian,fexport_POC,729.5,387166100000000.0
Danian,fexport_POC,734.5,387189400000000.0
Danian,fexport_POC,739.5,387087400000000.0
Danian,fexport_POC,744.5,387031200000000.0
Danian,fexport_POC,749.5,386921500000000.0
Danian,fexport_POC,754.5,386985400000000.0
Danian,fexport_POC,759.5,386903000000000.0
Danian,fexport_POC,764.5,386824000000000.0
Danian,fexport_POC,769.5,386871900000000.0
Danian,fexport_POC,774.5,386745300000000.0
Danian,fexport_POC,779.5,386732200000000.0
Danian,fexport_POC,784.5,386688100000000.0
Danian,fexport_POC,789.5,386607600000000.0
Danian,fexport_POC,794.5,386605700000000.0
Danian,fexport_POC,799.5,386485900000000.0
Danian,fexport_POC,804.5,386475200000000.0
Danian,fexport_POC,809.5,386419600000000.0
Danian,fexport_POC,814.5,386413400000000.0
Danian,fexport_POC,819.5,386407200000000.0
Danian,fexport_POC,824.5,386275500000000.0
Danian,fexport_POC,829.5,386247100000000.0
Danian,fexport_POC,834.5,386231700000000.0
Danian,fexport_POC,839.5,386204300000000.0
Danian,fexport_POC,844.5,386150100000000.0
Danian,fexport_POC,849.5,386108500000000.0
Danian,fexport_POC,854.5,386036500000000.0
Danian,fexport_POC,859.5,385987400000000.0
Danian,fexport_POC,864.5,385913500000000.0
Danian,fexport_POC,869.5,385937200000000.0
Danian,fexport_POC,874.5,385845400000000.0
Danian,fexport_POC,879.5,385909100000000.0
Danian,fexport_POC,884.5,385778400000000.0
Danian,fexport_POC,889.5,385810800000000.0
Danian,fexport_POC,894.5,385724300000000.0
Danian,fexport_POC,899.5,385641000000000.0
Danian,fexport_POC,904.5,385678000000000.0
Danian,fexport_POC,909.5,385564100000000.0
Danian,fexport_POC,914.5,385580300000000.0
Danian,fexport_POC,919.5,385502700000000.0
Danian,fexport_POC,924.5,385487500000000.0
Danian,fexport_POC,929.5,385364700000000.0
Danian,fexport_POC,934.5,385377900000000.0
Danian,fexport_POC,939.5,385400100000000.0
Danian,fexport_POC,944.5,385334800000000.0
Danian,fexport_POC,949.5,385272700000000.0
Danian,fexport_POC,954.5,385234700000000.0
Danian,fexport_POC,959.5,385175700000000.0
Danian,fexport_POC,964.5,385214100000000.0
Danian,fexport_POC,969.5,385019600000000.0
Danian,fexport_POC,974.5,385099000000000.0
Danian,fexport_POC,979.5,385017400000000.0
Danian,fexport_POC,984.5,385016800000000.0
Danian,fexport_POC,989.5,384982100000000.0
Danian,fexport_POC,994.5,384913300000000.0
Danian,fexport_POC,999.5,384889300000000.0
Danian,fexport_POC,1019.5,384743900000000.0
Danian,fexport_POC,1039.5,384586400000000.0
Danian,fexport_POC,1059.5,384429400000000.0
Danian,fexport_POC,1079.5,384347400000000.0
Danian,fexport_POC,1099.5,384172800000000.0
Danian,fexport_POC,1119.5,384034400000000.0
Danian,fexport_POC,1139.5,383910800000000.0
Danian,fexport_POC,1159.5,383809300000000.0
Danian,fexport_POC,1179.5,383684800000000.0
Danian,fexport_POC,1199.5,383585700000000.0
Danian,fexport_POC,1219.5,383497500000000.0
Danian,fexport_POC,1239.5,383311400000000.0
Danian,fexport_POC,1259.5,383175300000000.0
Danian,fexport_POC,1279.5,383113500000000.0
Danian,fexport_POC,1299.5,383000400000000.0
Danian,fexport_POC,1319.5,382908400000000.0
Danian,fexport_POC,1339.5,382830600000000.0
Danian,fexport_POC,1359.5,382718000000000.0
Danian,fexport_POC,1379.5,382632800000000.0
Danian,fexport_POC,1399.5,382520500000000.0
Danian,fexport_POC,1419.5,382432400000000.0
Danian,fexport_POC,1439.5,382396000000000.0
Danian,fexport_POC,1459.5,382277500000000.0
Danian,fexport_POC,1479.5,382103700000000.0
Danian,fexport_POC,1499.5,382112800000000.0
Danian,fexport_POC,1519.5,381978800000000.0
Danian,fexport_POC,1539.5,381966200000000.0
Danian,fexport_POC,1559.5,381928400000000.0
Danian,fexport_POC,1579.5,381813800000000.0
Danian,fexport_POC,1599.5,381783700000000.0
Danian,fexport_POC,1619.5,381760400000000.0
Danian,fexport_POC,1639.5,381661000000000.0
Danian,fexport_POC,1659.5,381594700000000.0
Danian,fexport_POC,1679.5,381604500000000.0
Danian,fexport_POC,1699.5,381495100000000.0
Danian,fexport_POC,1719.5,381475200000000.0
Danian,fexport_POC,1739.5,381409800000000.0
Danian,fexport_POC,1759.5,381374500000000.0
Danian,fexport_POC,1779.5,381310400000000.0
Danian,fexport_POC,1799.5,381303700000000.0
Danian,fexport_POC,1819.5,381255000000000.0
Danian,fexport_POC,1839.5,381236500000000.0
Danian,fexport_POC,1859.5,381153500000000.0
Danian,fexport_POC,1879.5,381150900000000.0
Danian,fexport_POC,1899.5,381180200000000.0
Danian,fexport_POC,1919.5,381094300000000.0
Danian,fexport_POC,1939.5,381049200000000.0
Danian,fexport_POC,1959.5,381078600000000.0
Danian,fexport_POC,1979.5,381025600000000.0
Danian,fexport_POC,1999.5,381020000000000.0
Danian,fexport_POC,2049.5,380970400000000.0
Danian,fexport_POC,2099.5,380985200000000.0
Danian,fexport_POC,2149.5,380909900000000.0
Danian,fexport_POC,2199.5,380943000000000.0
Danian,fexport_POC,2249.5,380916600000000.0
Danian,fexport_POC,2299.5,380886800000000.0
Danian,fexport_POC,2349.5,380936700000000.0
Danian,fexport_POC,2399.5,380919600000000.0
Danian,fexport_POC,2449.5,380928000000000.0
Danian,fexport_POC,2499.5,381016900000000.0
Danian,fexport_POC,2549.5,381045100000000.0
Danian,fexport_POC,2599.5,381130500000000.0
Danian,fexport_POC,2649.5,381142400000000.0
Danian,fexport_POC,2699.5,381208900000000.0
Danian,fexport_POC,2749.5,381268700000000.0
Danian,fexport_POC,2799.5,381319700000000.0
Danian,fexport_POC,2849.5,381437700000000.0
Danian,fexport_POC,2899.5,381471800000000.0
Danian,fexport_POC,2949.5,381516400000000.0
Danian,fexport_POC,2999.5,381612800000000.0
Danian,fexport_POC,3049.5,381751900000000.0
Danian,fexport_POC,3099.5,381802200000000.0
Danian,fexport_POC,3149.5,381948000000000.0
Danian,fexport_POC,3199.5,382052800000000.0
Danian,fexport_POC,3249.5,382107500000000.0
Danian,fexport_POC,3299.5,382237000000000.0
Danian,fexport_POC,3349.5,382358800000000.0
Danian,fexport_POC,3399.5,382475100000000.0
Danian,fexport_POC,3449.5,382541500000000.0
Danian,fexport_POC,3499.5,382775100000000.0
Danian,fexport_POC,3549.5,382882300000000.0
Danian,fexport_POC,3599.5,383006100000000.0
Danian,fexport_POC,3649.5,383130600000000.0
Danian,fexport_POC,3699.5,383298000000000.0
Danian,fexport_POC,3749.5,383495700000000.0
Danian,fexport_POC,3799.5,383621700000000.0
Danian,fexport_POC,3849.5,383807700000000.0
Danian,fexport_POC,3899.5,383955000000000.0
Danian,fexport_POC,3949.5,384113500000000.0
Danian,fexport_POC,3999.5,384316500000000.0
Danian,fexport_POC,4049.5,384426400000000.0
Danian,fexport_POC,4099.5,384614300000000.0
Danian,fexport_POC,4149.5,384783800000000.0
Danian,fexport_POC,4199.5,384927100000000.0
Danian,fexport_POC,4249.5,385125000000000.0
Danian,fexport_POC,4299.5,385235700000000.0
Danian,fexport_POC,4349.5,385463300000000.0
Danian,fexport_POC,4399.5,385723200000000.0
Danian,fexport_POC,4449.5,385848100000000.0
Danian,fexport_POC,4499.5,386053500000000.0
Danian,fexport_POC,4549.5,386281900000000.0
Danian,fexport_POC,4599.5,386417800000000.0
Danian,fexport_POC,4649.5,386634100000000.0
Danian,fexport_POC,4699.5,386771400000000.0
Danian,fexport_POC,4749.5,387006800000000.0
Danian,fexport_POC,4799.5,387174300000000.0
Danian,fexport_POC,4849.5,387331000000000.0
Danian,fexport_POC,4899.5,387523100000000.0
Danian,fexport_POC,4949.5,387790500000000.0
Danian,fexport_POC,4999.5,387901200000000.0
Danian,ocn_O2,0.5,1.96593137412e+17
Danian,ocn_O2,1.5,1.96490790085e+17
Danian,ocn_O2,2.5,1.96374235232e+17
Danian,ocn_O2,3.5,1.96260527977e+17
Danian,ocn_O2,4.5,1.96154460475e+17
Danian,ocn_O2,5.5,1.9605473809e+17
Danian,ocn_O2,6.5,1.95960469197e+17
Danian,ocn_O2,7.5,1.95871802686e+17
Danian,ocn_O2,8.5,1.95786160353e+17
Danian,ocn_O2,9.5,1.95702911294e+17
Danian,ocn_O2,10.5,1.95622474014e+17
Danian,ocn_O2,11.5,1.95543410326e+17
Danian,ocn_O2,12.5,1.95465639636e+17
Danian,ocn_O2,13.5,1.95389545257e+17
Danian,ocn_O2,14.5,1.95314336067e+17
Danian,ocn_O2,15.5,1.95239682281e+17
Danian,ocn_O2,16.5,1.95166558505e+17
Danian,ocn_O2,17.5,1.95094217208e+17
Danian,ocn_O2,18.5,1.95022367615e+17
Danian,ocn_O2,19.5,1.94951427484e+17
Danian,ocn_O2,21.5,1.94810489769e+17
Danian,ocn_O2,23.5,1.94671928854e+17
Danian,ocn_O2,25.5,1.94535025331e+17
Danian,ocn_O2,27.5,1.9439989113e+17
Danian,ocn_O2,29.5,1.94265837052e+17
Danian,ocn_O2,31.5,1.94133235673e+17
Danian,ocn_O2,33.5,1.94001874524e+17
Danian,ocn_O2,35.5,1.93871684487e+17
Danian,ocn_O2,37.5,1.93741711577e+17
Danian,ocn_O2,39.5,1.93612860164e+17
Danian,ocn_O2,41.5,1.93485444254e+17
Danian,ocn_O2,43.5,1.93358233416e+17
Danian,ocn_O2,45.5,1.93231963765e+17
Danian,ocn_O2,47.5,1.93107512161e+17
Danian,ocn_O2,49.5,1.92983356157e+17
Danian,ocn_O2,51.5,1.92860783516e+17
Danian,ocn_O2,53.5,1.92739241e+17
Danian,ocn_O2,55.5,1.92619096993e+17
Danian,ocn_O2,57.5,1.92499754504e+17
Danian,ocn_O2,59.5,1.92380924696e+17
Danian,ocn_O2,61.5,1.92261920202e+17
Danian,ocn_O2,63.5,1.92144332312e+17
Danian,ocn_O2,65.5,1.92027250983e+17
Danian,ocn_O2,67.5,1.91910143669e+17
Danian,ocn_O2,69.5,1.91793834482e+17
Danian,ocn_O2,71.5,1.91678061784e+17
Danian,ocn_O2,73.5,1.91562427728e+17
Danian,ocn_O2,75.5,1.91448528853e+17
Danian,ocn_O2,77.5,1.91335048903e+17
Danian,ocn_O2,79.5,1.91221793708e+17
Danian,ocn_O2,81.5,1.91109589887e+17
Danian,ocn_O2,83.5,1.90996895818e+17
Danian,ocn_O2,85.5,1.90884733462e+17
Danian,ocn_O2,87.5,1.90773431132e+17
Danian,ocn_O2,89.5,1.90662226987e+17
Danian,ocn_O2,91.5,1.90551592419e+17
Danian,ocn_O2,93.5,1.90441641398e+17
Danian,ocn_O2,95.5,1.9033151269e+17
Danian,ocn_O2,97.5,1.90222458624e+17
Danian,ocn_O2,99.5,1.90114231724e+17
Danian,ocn_O2,104.5,1.89845150247e+17
Danian,ocn_O2,109.5,1.89579169469e+17
Danian,ocn_O2,114.5,1.8931654623e+17
Danian,ocn_O2,119.5,1.89055370452e+17
Danian,ocn_O2,124.5,1.88796948272e+17
Danian,ocn_O2,129.5,1.8854178057e+17
Danian,ocn_O2,134.5,1.88288476633e+17
Danian,ocn_O2,139.5,1.88038591332e+17
Danian,ocn_O2,144.5,1.8779119511e+17
Danian,ocn_O2,149.5,1.87546810596e+17
Danian,ocn_O2,154.5,1.87306343308e+17
Danian,ocn_O2,159.5,1.87068505798e+17
Danian,ocn_O2,164.5,1.86833553397e+17
Danian,ocn_O2,169.5,1.866024137e+17
Danian,ocn_O2,174.5,1.86373947226e+17
Danian,ocn_O2,179.5,1.86148482211e+17
Danian,ocn_O2,184.5,1.85925698205e+17
Danian,ocn_O2,189.5,1.85705307578e+17
Danian,ocn_O2,194.5,1.85488305037e+17
Danian,ocn_O2,199.5,1.85273406485e+17
Danian,ocn_O2,204.5,1.85061364961e+17
Danian,ocn_O2,209.5,1.84852378595e+17
Danian,ocn_O2,214.5,1.84646024994e+17
Danian,ocn_O2,219.5,1.84442640442e+17
Danian,ocn_O2,224.5,1.84242724234e+17
Danian,ocn_O2,229.5,1.84045013071e+17
Danian,ocn_O2,234.5,1.8385054765e+17
Danian,ocn_O2,239.5,1.83658500127e+17
Danian,ocn_O2,244.5,1.83468808504e+17
Danian,ocn_O2,249.5,1.83281824126e+17
Danian,ocn_O2,254.5,1.83096405688e+17
Danian,ocn_O2,259.5,1.82914248632e+17
Danian,ocn_O2,264.5,1.82735173581e+17
Danian,ocn_O2,269.5,1.82557763511e+17
Danian,ocn_O2,274.5,1.82383724719e+17
Danian,ocn_O2,279.5,1.82212148796e+17
Danian,ocn_O2,284.5,1.82042729362e+17
Danian,ocn_O2,289.5,1.81876155987e+17
Danian,ocn_O2,294.5,1.8171190806e+17
Danian,ocn_O2,299.5,1.81550586912e+17
Danian,ocn_O2,304.5,1.81391347796e+17
Danian,ocn_O2,309.5,1.81234369378e+17
Danian,ocn_O2,314.5,1.81080440212e+17
Danian,ocn_O2,319.5,1.80927664322e+17
Danian,ocn_O2,324.5,1.80776975338e+17
Danian,ocn_O2,329.5,1.80628542391e+17
Danian,ocn_O2,334.5,1.80480974801e+17
Danian,ocn_O2,339.5,1.80336106667e+17
Danian,ocn_O2,344.5,1.80192864056e+17
Danian,ocn_O2,349.5,1.80051514564e+17
Danian,ocn_O2,354.5,1.79913393093e+17
Danian,ocn_O2,359.5,1.797760531e+17
Danian,ocn_O2,364.5,1.79640536494e+17
Danian,ocn_O2,369.5,1.79507128667e+17
Danian,ocn_O2,374.5,1.79374645831e+17
Danian,ocn_O2,379.5,1.79244647817e+17
Danian,ocn_O2,384.5,1.79115303021e+17
Danian,ocn_O2,389.5,1.78988167042e+17
Danian,ocn_O2,394.5,1.78863269883e+17
Danian,ocn_O2,399.5,1.7873880436e+17
Danian,ocn_O2,404.5,1.78617394612e+17
Danian,ocn_O2,409.5,1.78497076648e+17
Danian,ocn_O2,414.5,1.78378111182e+17
Danian,ocn_O2,419.5,1.7826071184e+17
Danian,ocn_O2,424.5,1.78144219904e+17
Danian,ocn_O2,429.5,1.7802995355e+17
Danian,ocn_O2,434.5,1.77916620608e+17
Danian,ocn_O2,439.5,1.7780396029e+17
Danian,ocn_O2,444.5,1.77693724844e+17
Danian,ocn_O2,449.5,1.77584308987e+17
Danian,ocn_O2,454.5,1.77477112807e+17
Danian,ocn_O2,459.5,1.77371106045e+17
Danian,ocn_O2,464.5,1.77266286748e+17
Danian,ocn_O2,469.5,1.77162939121e+17
Danian,ocn_O2,474.5,1.7706016586e+17
Danian,ocn_O2,479.5,1.76959283262e+17
Danian,ocn_O2,484.5,1.76859018055e+17
Danian,ocn_O2,489.5,1.76759772324e+17
Danian,ocn_O2,494.5,1.76662301564e+17
Danian,ocn_O2,499.5,1.7656488733e+17
Danian,ocn_O2,504.5,1.76469692139e+17
Danian,ocn_O2,509.5,1.76375378207e+17
Danian,ocn_O2,514.5,1.76282165783e+17
Danian,ocn_O2,519.5,1.76190404842e+17
Danian,ocn_O2,524.5,1.76099501336e+17
Danian,ocn_O2,529.5,1.76010307937e+17
Danian,ocn_O2,534.5,1.75921528892e+17
Danian,ocn_O2,539.5,1.75833770902e+17
Danian,ocn_O2,544.5,1.7574710935e+17
Danian,ocn_O2,549.5,1.75660753027e+17
Danian,ocn_O2,554.5,1.75576162221e+17
Danian,ocn_O2,559.5,1.75491538002e+17
Danian,ocn_O2,564.5,1.75408246183e+17
Danian,ocn_O2,569.5,1.75325903783e+17
Danian,ocn_O2,574.5,1.75243961591e+17
Danian,ocn_O2,579.5,1.7516356444e+17
Danian,ocn_O2,584.5,1.75082810845e+17
Danian,ocn_O2,589.5,1.75003747297e+17
Danian,ocn_O2,594.5,1.74925815112e+17
Danian,ocn_O2,599.5,1.74847986552e+17
Danian,ocn_O2,604.5,1.74771618563e+17
Danian,ocn_O2,609.5,1.7469560115e+17
Danian,ocn_O2,614.5,1.74620518959e+17
Danian,ocn_O2,619.5,1.74546383992e+17
Danian,ocn_O2,624.5,1.74472522906e+17
Danian,ocn_O2,629.5,1.7440001245e+17
Danian,ocn_O2,634.5,1.74327456497e+17
Danian,ocn_O2,639.5,1.74256617627e+17
Danian,ocn_O2,644.5,1.74186176346e+17
Danian,ocn_O2,649.5,1.74115916003e+17
Danian,ocn_O2,654.5,1.74046889817e+17
Danian,ocn_O2,659.5,1.73977928978e+17
Danian,ocn_O2,664.5,1.7391009862e+17
Danian,ocn_O2,669.5,1.7384268434e+17
Danian,ocn_O2,674.5,1.73775689441e+17
Danian,ocn_O2,679.5,1.73709812728e+17
Danian,ocn_O2,684.5,1.73644093246e+17
Danian,ocn_O2,689.5,1.73579808041e+17
Danian,ocn_O2,694.5,1.73515372204e+17
Danian,ocn_O2,699.5,1.7345190628e+17
Danian,ocn_O2,704.5,1.73389551103e+17
Danian,ocn_O2,709.5,1.73326848901e+17
Danian,ocn_O2,714.5,1.73265146089e+17
Danian,ocn_O2,719.5,1.73203775506e+17
Danian,ocn_O2,724.5,1.7314372812e+17
Danian,ocn_O2,729.5,1.73084845078e+17
Danian,ocn_O2,734.5,1.73026156897e+17
Danian,ocn_O2,739.5,1.72968062432e+17
Danian,ocn_O2,744.5,1.72909696446e+17
Danian,ocn_O2,749.5,1.72852427047e+17
Danian,ocn_O2,754.5,1.7279510232e+17
Danian,ocn_O2,759.5,1.72738111958e+17
Danian,ocn_O2,764.5,1.72681745672e+17
Danian,ocn_O2,769.5,1.7262594633e+17
Danian,ocn_O2,774.5,1.72570496594e+17
Danian,ocn_O2,779.5,1.72514974103e+17
Danian,ocn_O2,784.5,1.72460142148e+17
Danian,ocn_O2,789.5,1.72406174728e+17
Danian,ocn_O2,794.5,1.72352183546e+17
Danian,ocn_O2,799.5,1.72298952014e+17
Danian,ocn_O2,804.5,1.72245310308e+17
Danian,ocn_O2,809.5,1.72193049669e+17
Danian,ocn_O2,814.5,1.72140978764e+17
Danian,ocn_O2,819.5,1.72088752708e+17
Danian,ocn_O2,824.5,1.72037752985e+17
Danian,ocn_O2,829.5,1.71986374248e+17
Danian,ocn_O2,834.5,1.7193595994e+17
Danian,ocn_O2,839.5,1.71885593663e+17
Danian,ocn_O2,844.5,1.71835573124e+17
Danian,ocn_O2,849.5,1.71786278696e+17
Danian,ocn_O2,854.5,1.71736768955e+17
Danian,ocn_O2,859.5,1.71688478077e+17
Danian,ocn_O2,864.5,1.7164000855e+17
Danian,ocn_O2,869.5,1.71592484115e+17
Danian,ocn_O2,874.5,1.71545126117e+17
Danian,ocn_O2,879.5,1.7149775621e+17
Danian,ocn_O2,884.5,1.71451679673e+17
Danian,ocn_O2,889.5,1.714052451e+17
Danian,ocn_O2,894.5,1.71359751514e+17
Danian,ocn_O2,899.5,1.71314148215e+17
Danian,ocn_O2,904.5,1.71269283639e+17
Danian,ocn_O2,909.5,1.71224917938e+17
Danian,ocn_O2,914.5,1.7118053681e+17
Danian,ocn_O2,919.5,1.71136581614e+17
Danian,ocn_O2,924.5,1.71092609959e+17
Danian,ocn_O2,929.5,1.71049284285e+17
Danian,ocn_O2,934.5,1.71006601549e+17
Danian,ocn_O2,939.5,1.70963477784e+17
Danian,ocn_O2,944.5,1.70921298029e+17
Danian,ocn_O2,949.5,1.70878702625e+17
Danian,ocn_O2,954.5,1.70837572279e+17
Danian,ocn_O2,959.5,1.70795914399e+17
Danian,ocn_O2,964.5,1.7075430275e+17
Danian,ocn_O2,969.5,1.70713481759e+17
Danian,ocn_O2,974.5,1.70672502826e+17
Danian,ocn_O2,979.5,1.70632521111e+17
Danian,ocn_O2,984.5,1.70592178761e+17
Danian,ocn_O2,989.5,1.7055237575e+17
Danian,ocn_O2,994.5,1.70513427369e+17
Danian,ocn_O2,999.5,1.70474049378e+17
Danian,ocn_O2,1019.5,1.7032190877e+17
Danian,ocn_O2,1039.5,1.70174411944e+17
Danian,ocn_O2,1059.5,1.70031308025e+17
Danian,ocn_O2,1079.5,1.69896210944e+17
Danian,ocn_O2,1099.5,1.69764844822e+17
Danian,ocn_O2,1119.5,1.69638105344e+17
Danian,ocn_O2,1139.5,1.69514341277e+17
Danian,ocn_O2,1159.5,1.69394120984e+17
Danian,ocn_O2,1179.5,1.69277456921e+17
Danian,ocn_O2,1199.5,1.69164688337e+17
Danian,ocn_O2,1219.5,1.69055624661e+17
Danian,ocn_O2,1239.5,1.68950764645e+17
Danian,ocn_O2,1259.5,1.68850304346e+17
Danian,ocn_O2,1279.5,1.68753554083e+17
Danian,ocn_O2,1299.5,1.686637042e+17
Danian,ocn_O2,1319.5,1.68577972113e+17
Danian,ocn_O2,1339.5,1.68494486036e+17
Danian,ocn_O2,1359.5,1.68414334326e+17
Danian,ocn_O2,1379.5,1.68336184804e+17
Danian,ocn_O2,1399.5,1.68260983198e+17
Danian,ocn_O2,1419.5,1.68189002612e+17
Danian,ocn_O2,1439.5,1.68118625255e+17
Danian,ocn_O2,1459.5,1.68051203093e+17
Danian,ocn_O2,1479.5,1.67986852418e+17
Danian,ocn_O2,1499.5,1.67924160806e+17
Danian,ocn_O2,1519.5,1.67864265597e+17
Danian,ocn_O2,1539.5,1.67807669732e+17
Danian,ocn_O2,1559.5,1.67753530321e+17
Danian,ocn_O2,1579.5,1.67702197168e+17
Danian,ocn_O2,1599.5,1.6765285114e+17
Danian,ocn_O2,1619.5,1.67605432266e+17
Danian,ocn_O2,1639.5,1.67560874358e+17
Danian,ocn_O2,1659.5,1.6751843471e+17
Danian,ocn_O2,1679.5,1.67477733572e+17
Danian,ocn_O2,1699.5,1.67440081698e+17
Danian,ocn_O2,1719.5,1.67404327825e+17
Danian,ocn_O2,1739.5,1.6737112471e+17
Danian,ocn_O2,1759.5,1.67341454992e+17
Danian,ocn_O2,1779.5,1.67312866308e+17
Danian,ocn_O2,1799.5,1.67286712733e+17
Danian,ocn_O2,1819.5,1.67263834822e+17
Danian,ocn_O2,1839.5,1.67243046146e+17
Danian,ocn_O2,1859.5,1.67224249313e+17
Danian,ocn_O2,1879.5,1.67207560849e+17
Danian,ocn_O2,1899.5,1.67192206849e+17
Danian,ocn_O2,1919.5,1.67179379882e+17
Danian,ocn_O2,1939.5,1.67168254003e+17
Danian,ocn_O2,1959.5,1.67159092567e+17
Danian,ocn_O2,1979.5,1.67152009106e+17
Danian,ocn_O2,1999.5,1.67146044322e+17
Danian,ocn_O2,2049.5,1.67140614076e+17
Danian,ocn_O2,2099.5,1.67148826959e+17
Danian,ocn_O2,2149.5,1.67166897711e+17
Danian,ocn_O2,2199.5,1.6719493782e+17
Danian,ocn_O2,2249.5,1.67234767509e+17
Danian,ocn_O2,2299.5,1.67285851856e+17
Danian,ocn_O2,2349.5,1.67347142506e+17
Danian,ocn_O2,2399.5,1.67419243783e+17
Danian,ocn_O2,2449.5,1.67500387213e+17
Danian,ocn_O2,2499.5,1.6759096768e+17
Danian,ocn_O2,2549.5,1.67689539792e+17
Danian,ocn_O2,2599.5,1.67797283245e+17
Danian,ocn_O2,2649.5,1.67914518425e+17
Danian,ocn_O2,2699.5,1.68038895892e+17
Danian,ocn_O2,2749.5,1.68171964689e+17
Danian,ocn_O2,2799.5,1.68313298207e+17
Danian,ocn_O2,2849.5,1.6846291557e+17
Danian,ocn_O2,2899.5,1.68620150909e+17
Danian,ocn_O2,2949.5,1.6878609876e+17
Danian,ocn_O2,2999.5,1.6895985381e+17
Danian,ocn_O2,3049.5,1.6914091174e+17
Danian,ocn_O2,3099.5,1.69328768286e+17
Danian,ocn_O2,3149.5,1.6952550823e+17
Danian,ocn_O2,3199.5,1.69729317604e+17
Danian,ocn_O2,3249.5,1.69940496878e+17
Danian,ocn_O2,3299.5,1.70160282714e+17
Danian,ocn_O2,3349.5,1.70387718377e+17
Danian,ocn_O2,3399.5,1.70621628271e+17
Danian,ocn_O2,3449.5,1.70861067646e+17
Danian,ocn_O2,3499.5,1.71105962706e+17
Danian,ocn_O2,3549.5,1.71355332108e+17
Danian,ocn_O2,3599.5,1.71609098017e+17
Danian,ocn_O2,3649.5,1.71871278793e+17
Danian,ocn_O2,3699.5,1.72141418448e+17
Danian,ocn_O2,3749.5,1.7241629005e+17
Danian,ocn_O2,3799.5,1.7269732941e+17
Danian,ocn_O2,3849.5,1.7298473457e+17
Danian,ocn_O2,3899.5,1.73276974127e+17
Danian,ocn_O2,3949.5,1.73574482218e+17
Danian,ocn_O2,3999.5,1.73877152625e+17
Danian,ocn_O2,4049.5,1.74185136341e+17
Danian,ocn_O2,4099.5,1.74497118792e+17
Danian,ocn_O2,4149.5,1.74815002723e+17
Danian,ocn_O2,4199.5,1.75139829699e+17
Danian,ocn_O2,4249.5,1.75469133369e+17
Danian,ocn_O2,4299.5,1.75802141432e+17
Danian,ocn_O2,4349.5,1.76139331363e+17
Danian,ocn_O2,4399.5,1.76481046404e+17
Danian,ocn_O2,4449.5,1.76825918277e+17
Danian,ocn_O2,4499.5,1.77174388531e+17
Danian,ocn_O2,4549.5,1.77524501087e+17
Danian,ocn_O2,4599.5,1.77879003878e+17
Danian,ocn_O2,4649.5,1.78236764386e+17
Danian,ocn_O2,4699.5,1.78597641032e+17
Danian,ocn_O2,4749.5,1.78961004006e+17
Danian,ocn_O2,4799.5,1.79327285391e+17
Danian,ocn_O2,4849.5,1.79696584442e+17
Danian,ocn_O2,4899.5,1.80067466376e+17
Danian,ocn_O2,4949.5,1.80440752975e+17
Danian,ocn_O2,4999.5,1.80815631863e+17
Danian,ocn_ALK,0.5,2.65522614499e+18
Danian,ocn_ALK,1.5,2.65524227024e+18
Danian,ocn_ALK,2.5,2.65524598913e+18
Danian,ocn_ALK,3.5,2.65524693841e+18
Danian,ocn_ALK,4.5,2.65524732208e+18
Danian,ocn_ALK,5.5,2.65524764416e+18
Danian,ocn_ALK,6.5,2.65524805356e+18
Danian,ocn_ALK,7.5,2.65524867929e+18
Danian,ocn_ALK,8.5,2.65524933103e+18
Danian,ocn_ALK,9.5,2.65525001562e+18
Danian,ocn_ALK,10.5,2.655250857e+18
Danian,ocn_ALK,11.5,2.655251727e+18
Danian,ocn_ALK,12.5,2.6552527011e+18
Danian,ocn_ALK,13.5,2.65525376243e+18
Danian,ocn_ALK,14.5,2.65525480001e+18
Danian,ocn_ALK,15.5,2.65525587151e+18
Danian,ocn_ALK,16.5,2.65525703871e+18
Danian,ocn_ALK,17.5,2.65525824101e+18
Danian,ocn_ALK,18.5,2.65525952968e+18
Danian,ocn_ALK,19.5,2.65526090559e+18
Danian,ocn_ALK,21.5,2.6552636884e+18
Danian,ocn_ALK,23.5,2.65526673089e+18
Danian,ocn_ALK,25.5,2.65527000445e+18
Danian,ocn_ALK,27.5,2.65527351927e+18
Danian,ocn_ALK,29.5,2.65527731749e+18
Danian,ocn_ALK,31.5,2.65528128986e+18
Danian,ocn_ALK,33.5,2.65528541864e+18
Danian,ocn_ALK,35.5,2.65528981416e+18
Danian,ocn_ALK,37.5,2.65529445331e+18
Danian,ocn_ALK,39.5,2.65529921603e+18
Danian,ocn_ALK,41.5,2.65530426875e+18
Danian,ocn_ALK,43.5,2.65530953664e+18
Danian,ocn_ALK,45.5,2.65531512107e+18
Danian,ocn_ALK,47.5,2.65532098376e+18
Danian,ocn_ALK,49.5,2.65532700726e+18
Danian,ocn_ALK,51.5,2.65533327536e+18
Danian,ocn_ALK,53.5,2.65533963246e+18
Danian,ocn_ALK,55.5,2.65534607956e+18
Danian,ocn_ALK,57.5,2.65535260274e+18
Danian,ocn_ALK,59.5,2.65535912986e+18
Danian,ocn_ALK,61.5,2.65536553919e+18
Danian,ocn_ALK,63.5,2.65537199152e+18
Danian,ocn_ALK,65.5,2.65537834852e+18
Danian,ocn_ALK,67.5,2.65538462558e+18
Danian,ocn_ALK,69.5,2.65539090925e+18
Danian,ocn_ALK,71.5,2.65539711903e+18
Danian,ocn_ALK,73.5,2.65540341892e+18
Danian,ocn_ALK,75.5,2.65540987329e+18
Danian,ocn_ALK,77.5,2.65541638775e+18
Danian,ocn_ALK,79.5,2.65542294807e+18
Danian,ocn_ALK,81.5,2.65542959074e+18
Danian,ocn_ALK,83.5,2.65543605873e+18
Danian,ocn_ALK,85.5,2.65544246303e+18
Danian,ocn_ALK,87.5,2.65544873422e+18
Danian,ocn_ALK,89.5,2.6554549773e+18
Danian,ocn_ALK,91.5,2.65546114452e+18
Danian,ocn_ALK,93.5,2.65546725984e+18
Danian,ocn_ALK,95.5,2.65547335297e+18
Danian,ocn_ALK,97.5,2.65547949469e+18
Danian,ocn_ALK,99.5,2.65548557191e+18
Danian,ocn_ALK,104.5,2.65550035677e+18
Danian,ocn_ALK,109.5,2.65551462632e+18
Danian,ocn_ALK,114.5,2.65552822648e+18
Danian,ocn_ALK,119.5,2.65554062681e+18
Danian,ocn_ALK,124.5,2.65555195543e+18
Danian,ocn_ALK,129.5,2.65556259978e+18
Danian,ocn_ALK,134.5,2.65557257638e+18
Danian,ocn_ALK,139.5,2.65558174905e+18
Danian,ocn_ALK,144.5,2.65558987054e+18
Danian,ocn_ALK,149.5,2.65559711014e+18
Danian,ocn_ALK,154.5,2.65560343881e+18
Danian,ocn_ALK,159.5,2.65560879616e+18
Danian,ocn_ALK,164.5,2.6556134325e+18
Danian,ocn_ALK,169.5,2.65561736561e+18
Danian,ocn_ALK,174.5,2.65562066164e+18
Danian,ocn_ALK,179.5,2.65562332379e+18
Danian,ocn_ALK,184.5,2.6556253351e+18
Danian,ocn_ALK,189.5,2.6556268639e+18
Danian,ocn_ALK,194.5,2.65562797268e+18
Danian,ocn_ALK,199.5,2.65562855571e+18
Danian,ocn_ALK,204.5,2.65562880137e+18
Danian,ocn_ALK,209.5,2.65562874511e+18
Danian,ocn_ALK,214.5,2.65562832369e+18
Danian,ocn_ALK,219.5,2.65562765525e+18
Danian,ocn_ALK,224.5,2.65562658802e+18
Danian,ocn_ALK,229.5,2.65562525245e+18
Danian,ocn_ALK,234.5,2.65562381893e+18
Danian,ocn_ALK,239.5,2.65562210968e+18
Danian,ocn_ALK,244.5,2.65562031323e+18
Danian,ocn_ALK,249.5,2.65561833931e+18
Danian,ocn_ALK,254.5,2.65561614628e+18
Danian,ocn_ALK,259.5,2.65561403507e+18
Danian,ocn_ALK,264.5,2.65561176478e+18
Danian,ocn_ALK,269.5,2.65560939742e+18
Danian,ocn_ALK,274.5,2.65560703873e+18
Danian,ocn_ALK,279.5,2.65560459622e+18
Danian,ocn_ALK,284.5,2.65560228844e+18
Danian,ocn_ALK,289.5,2.65559999734e+18
Danian,ocn_ALK,294.5,2.6555976655e+18
Danian,ocn_ALK,299.5,2.65559544348e+18
Danian,ocn_ALK,304.5,2.65559311631e+18
Danian,ocn_ALK,309.5,2.65559078458e+18
Danian,ocn_ALK,314.5,2.65558849314e+18
Danian,ocn_ALK,319.5,2.65558608435e+18
Danian,ocn_ALK,324.5,2.65558378281e+18
Danian,ocn_ALK,329.5,2.6555813946e+18
Danian,ocn_ALK,334.5,2.6555789341e+18
Danian,ocn_ALK,339.5,2.65557651196e+18
Danian,ocn_ALK,344.5,2.65557400873e+18
Danian,ocn_ALK,349.5,2.65557152132e+18
Danian,ocn_ALK,354.5,2.6555690145e+18
Danian,ocn_ALK,359.5,2.65556646566e+18
Danian,ocn_ALK,364.5,2.65556401878e+18
Danian,ocn_ALK,369.5,2.65556155765e+18
Danian,ocn_ALK,374.5,2.65555912344e+18
Danian,ocn_ALK,379.5,2.6555568011e+18
Danian,ocn_ALK,384.5,2.65555444916e+18
Danian,ocn_ALK,389.5,2.65555220237e+18
Danian,ocn_ALK,394.5,2.65554994976e+18
Danian,ocn_ALK,399.5,2.65554766547e+18
Danian,ocn_ALK,404.5,2.6555454734e+18
Danian,ocn_ALK,409.5,2.65554319802e+18
Danian,ocn_ALK,414.5,2.65554102667e+18
Danian,ocn_ALK,419.5,2.65553881766e+18
Danian,ocn_ALK,424.5,2.65553656515e+18
Danian,ocn_ALK,429.5,2.65553439164e+18
Danian,ocn_ALK,434.5,2.65553209247e+18
Danian,ocn_ALK,439.5,2.65552986646e+18
Danian,ocn_ALK,444.5,2.6555276074e+18
Danian,ocn_ALK,449.5,2.65552527071e+18
Danian,ocn_ALK,454.5,2.655523023e+18
Danian,ocn_ALK,459.5,2.65552066764e+18
Danian,ocn_ALK,464.5,2.65551840671e+18
Danian,ocn_ALK,469.5,2.65551612876e+18
Danian,ocn_ALK,474.5,2.65551380373e+18
Danian,ocn_ALK,479.5,2.6555115858e+18
Danian,ocn_ALK,484.5,2.65550926154e+18
Danian,ocn_ALK,489.5,2.65550701372e+18
Danian,ocn_ALK,494.5,2.65550474435e+18
Danian,ocn_ALK,499.5,2.6555024243e+18
Danian,ocn_ALK,504.5,2.65550021591e+18
Danian,ocn_ALK,509.5,2.65549789238e+18
Danian,ocn_ALK,514.5,2.65549564638e+18
Danian,ocn_ALK,519.5,2.65549339008e+18
Danian,ocn_ALK,524.5,2.65549108565e+18
Danian,ocn_ALK,529.5,2.65548890983e+18
Danian,ocn_ALK,534.5,2.6554866179e+18
Danian,ocn_ALK,539.5,2.65548439678e+18
Danian,ocn_ALK,544.5,2.65548215564e+18
Danian,ocn_ALK,549.5,2.65547987978e+18
Danian,ocn_ALK,554.5,2.65547773388e+18
Danian,ocn_ALK,559.5,2.6554754602e+18
Danian,ocn_ALK,564.5,2.65547328816e+18
Danian,ocn_ALK,569.5,2.65547106752e+18
Danian,ocn_ALK,574.5,2.65546888093e+18
Danian,ocn_ALK,579.5,2.65546677099e+18
Danian,ocn_ALK,584.5,2.65546459671e+18
Danian,ocn_ALK,589.5,2.65546253856e+18
Danian,ocn_ALK,594.5,2.65546047862e+18
Danian,ocn_ALK,599.5,2.65545840829e+18
Danian,ocn_ALK,604.5,2.65545637175e+18
Danian,ocn_ALK,609.5,2.65545421976e+18
Danian,ocn_ALK,614.5,2.65545217734e+18
Danian,ocn_ALK,619.5,2.65545008864e+18
Danian,ocn_ALK,624.5,2.65544801276e+18
Danian,ocn_ALK,629.5,2.65544597663e+18
Danian,ocn_ALK,634.5,2.65544386178e+18
Danian,ocn_ALK,639.5,2.65544189517e+18
Danian,ocn_ALK,644.5,2.65543986292e+18
Danian,ocn_ALK,649.5,2.65543788703e+18
Danian,ocn_ALK,654.5,2.65543591871e+18
Danian,ocn_ALK,659.5,2.65543391491e+18
Danian,ocn_ALK,664.5,2.65543205445e+18
Danian,ocn_ALK,669.5,2.65543011463e+18
Danian,ocn_ALK,674.5,2.65542826806e+18
Danian,ocn_ALK,679.5,2.65542642714e+18
Danian,ocn_ALK,684.5,2.65542461268e+18
Danian,ocn_ALK,689.5,2.65542285544e+18
Danian,ocn_ALK,694.5,2.655421021e+18
Danian,ocn_ALK,699.5,2.65541928783e+18
Danian,ocn_ALK,704.5,2.65541756357e+18
Danian,ocn_ALK,709.5,2.65541588693e+18
Danian,ocn_ALK,714.5,2.65541422507e+18
Danian,ocn_ALK,719.5,2.65541252448e+18
Danian,ocn_ALK,724.5,2.65541094541e+18
Danian,ocn_ALK,729.5,2.65540931671e+18
Danian,ocn_ALK,734.5,2.65540775573e+18
Danian,ocn_ALK,739.5,2.65540616165e+18
Danian,ocn_ALK,744.5,2.65540454526e+18
Danian,ocn_ALK,749.5,2.65540303807e+18
Danian,ocn_ALK,754.5,2.65540145042e+18
Danian,ocn_ALK,759.5,2.65539993672e+18
Danian,ocn_ALK,764.5,2.65539838951e+18
Danian,ocn_ALK,769.5,2.65539688055e+18
Danian,ocn_ALK,774.5,2.65539541038e+18
Danian,ocn_ALK,779.5,2.65539388568e+18
Danian,ocn_ALK,784.5,2.65539244852e+18
Danian,ocn_ALK,789.5,2.65539099216e+18
Danian,ocn_ALK,794.5,2.65538954374e+18
Danian,ocn_ALK,799.5,2.65538811929e+18
Danian,ocn_ALK,804.5,2.65538665734e+18
Danian,ocn_ALK,809.5,2.6553852914e+18
Danian,ocn_ALK,814.5,2.65538386595e+18
Danian,ocn_ALK,819.5,2.6553824995e+18
Danian,ocn_ALK,824.5,2.65538113747e+18
Danian,ocn_ALK,829.5,2.65537979102e+18
Danian,ocn_ALK,834.5,2.65537849096e+18
Danian,ocn_ALK,839.5,2.65537716044e+18
Danian,ocn_ALK,844.5,2.65537587237e+18
Danian,ocn_ALK,849.5,2.65537460342e+18
Danian,ocn_ALK,854.5,2.65537334932e+18
Danian,ocn_ALK,859.5,2.65537211782e+18
Danian,ocn_ALK,864.5,2.6553708697e+18
Danian,ocn_ALK,869.5,2.65536967409e+18
Danian,ocn_ALK,874.5,2.65536848511e+18
Danian,ocn_ALK,879.5,2.65536731435e+18
Danian,ocn_ALK,884.5,2.65536615446e+18
Danian,ocn_ALK,889.5,2.65536499034e+18
Danian,ocn_ALK,894.5,2.65536384856e+18
Danian,ocn_ALK,899.5,2.65536271981e+18
Danian,ocn_ALK,904.5,2.65536165552e+18
Danian,ocn_ALK,909.5,2.65536055744e+18
Danian,ocn_ALK,914.5,2.6553594785e+18
Danian,ocn_ALK,919.5,2.65535842043e+18
Danian,ocn_ALK,924.5,2.65535734473e+18
Danian,ocn_ALK,929.5,2.65535628363e+18
Danian,ocn_ALK,934.5,2.65535525929e+18
Danian,ocn_ALK,939.5,2.65535423208e+18
Danian,ocn_ALK,944.5,2.65535322153e+18
Danian,ocn_ALK,949.5,2.65535220001e+18
Danian,ocn_ALK,954.5,2.65535121783e+18
Danian,ocn_ALK,959.5,2.65535024396e+18
Danian,ocn_ALK,964.5,2.65534927715e+18
Danian,ocn_ALK,969.5,2.65534833053e+18
Danian,ocn_ALK,974.5,2.65534739196e+18
Danian,ocn_ALK,979.5,2.65534646327e+18
Danian,ocn_ALK,984.5,2.65534555252e+18
Danian,ocn_ALK,989.5,2.65534464508e+18
Danian,ocn_ALK,994.5,2.65534377526e+18
Danian,ocn_ALK,999.5,2.65534286962e+18
Danian,ocn_ALK,1019.5,2.65533949006e+18
Danian,ocn_ALK,1039.5,2.65533624997e+18
Danian,ocn_ALK,1059.5,2.65533318441e+18
Danian,ocn_ALK,1079.5,2.65533028827e+18
Danian,ocn_ALK,1099.5,2.65532750476e+18
Danian,ocn_ALK,1119.5,2.65532482196e+18
Danian,ocn_ALK,1139.5,2.65532224366e+18
Danian,ocn_ALK,1159.5,2.65531969762e+18
Danian,ocn_ALK,1179.5,2.65531721795e+18
Danian,ocn_ALK,1199.5,2.65531478933e+18
Danian,ocn_ALK,1219.5,2.65531242354e+18
Danian,ocn_ALK,1239.5,2.65531020002e+18
Danian,ocn_ALK,1259.5,2.65530807183e+18
Danian,ocn_ALK,1279.5,2.65530605104e+18
Danian,ocn_ALK,1299.5,2.65530405828e+18
Danian,ocn_ALK,1319.5,2.65530206596e+18
Danian,ocn_ALK,1339.5,2.65530011377e+18
Danian,ocn_ALK,1359.5,2.65529825378e+18
Danian,ocn_ALK,1379.5,2.65529642517e+18
Danian,ocn_ALK,1399.5,2.65529466569e+18
Danian,ocn_ALK,1419.5,2.65529298394e+18
Danian,ocn_ALK,1439.5,2.65529132822e+18
Danian,ocn_ALK,1459.5,2.65528974409e+18
Danian,ocn_ALK,1479.5,2.6552882509e+18
Danian,ocn_ALK,1499.5,2.65528680281e+18
Danian,ocn_ALK,1519.5,2.65528541273e+18
Danian,ocn_ALK,1539.5,2.65528412552e+18
Danian,ocn_ALK,1559.5,2.65528285821e+18
Danian,ocn_ALK,1579.5,2.65528164893e+18
Danian,ocn_ALK,1599.5,2.65528048416e+18
Danian,ocn_ALK,1619.5,2.65527931345e+18
Danian,ocn_ALK,1639.5,2.65527823862e+18
Danian,ocn_ALK,1659.5,2.65527716479e+18
Danian,ocn_ALK,1679.5,2.65527611138e+18
Danian,ocn_ALK,1699.5,2.65527515894e+18
Danian,ocn_ALK,1719.5,2.65527419146e+18
Danian,ocn_ALK,1739.5,2.65527324126e+18
Danian,ocn_ALK,1759.5,2.65527235455e+18
Danian,ocn_ALK,1779.5,2.65527142421e+18
Danian,ocn_ALK,1799.5,2.65527055195e+18
Danian,ocn_ALK,1819.5,2.65526970563e+18
Danian,ocn_ALK,1839.5,2.65526886276e+18
Danian,ocn_ALK,1859.5,2.6552680561e+18
Danian,ocn_ALK,1879.5,2.65526729197e+18
Danian,ocn_ALK,1899.5,2.6552665195e+18
Danian,ocn_ALK,1919.5,2.65526582392e+18
Danian,ocn_ALK,1939.5,2.65526515737e+18
Danian,ocn_ALK,1959.5,2.65526449512e+18
Danian,ocn_ALK,1979.5,2.65526387408e+18
Danian,ocn_ALK,1999.5,2.65526325e+18
Danian,ocn_ALK,2049.5,2.65526178218e+18
Danian,ocn_ALK,2099.5,2.65526038823e+18
Danian,ocn_ALK,2149.5,2.65525929608e+18
Danian,ocn_ALK,2199.5,2.65525852544e+18
Danian,ocn_ALK,2249.5,2.65525777669e+18
Danian,ocn_ALK,2299.5,2.65525702389e+18
Danian,ocn_ALK,2349.5,2.65525631602e+18
Danian,ocn_ALK,2399.5,2.65525568727e+18
Danian,ocn_ALK,2449.5,2.65525511863e+18
Danian,ocn_ALK,2499.5,2.65525460631e+18
Danian,ocn_ALK,2549.5,2.6552541418e+18
Danian,ocn_ALK,2599.5,2.65525364542e+18
Danian,ocn_ALK,2649.5,2.65525315396e+18
Danian,ocn_ALK,2699.5,2.65525265014e+18
Danian,ocn_ALK,2749.5,2.65525218442e+18
Danian,ocn_ALK,2799.5,2.65525178113e+18
Danian,ocn_ALK,2849.5,2.65525149274e+18
Danian,ocn_ALK,2899.5,2.65525132509e+18
Danian,ocn_ALK,2949.5,2.6552512979e+18
Danian,ocn_ALK,2999.5,2.65525131894e+18
Danian,ocn_ALK,3049.5,2.65525141261e+18
Danian,ocn_ALK,3099.5,2.65525153736e+18
Danian,ocn_ALK,3149.5,2.65525172561e+18
Danian,ocn_ALK,3199.5,2.65525194122e+18
Danian,ocn_ALK,3249.5,2.65525217172e+18
Danian,ocn_ALK,3299.5,2.6552524523e+18
Danian,ocn_ALK,3349.5,2.65525273848e+18
Danian,ocn_ALK,3399.5,2.65525303719e+18
Danian,ocn_ALK,3449.5,2.65525334847e+18
Danian,ocn_ALK,3499.5,2.65525368688e+18
Danian,ocn_ALK,3549.5,2.65525403607e+18
Danian,ocn_ALK,3599.5,2.65525440406e+18
Danian,ocn_ALK,3649.5,2.65525477819e+18
Danian,ocn_ALK,3699.5,2.6552551971e+18
Danian,ocn_ALK,3749.5,2.65525564353e+18
Danian,ocn_ALK,3799.5,2.65525608191e+18
Danian,ocn_ALK,3849.5,2.65525654119e+18
Danian,ocn_ALK,3899.5,2.65525702067e+18
Danian,ocn_ALK,3949.5,2.65525750981e+18
Danian,ocn_ALK,3999.5,2.65525801031e+18
Danian,ocn_ALK,4049.5,2.65525853694e+18
Danian,ocn_ALK,4099.5,2.655259083e+18
Danian,ocn_ALK,4149.5,2.65525965606e+18
Danian,ocn_ALK,4199.5,2.65526023046e+18
Danian,ocn_ALK,4249.5,2.65526082206e+18
Danian,ocn_ALK,4299.5,2.65526143404e+18
Danian,ocn_ALK,4349.5,2.65526206077e+18
Danian,ocn_ALK,4399.5,2.65526270145e+18
Danian,ocn_ALK,4449.5,2.65526335526e+18
Danian,ocn_ALK,4499.5,2.65526403252e+18
Danian,ocn_ALK,4549.5,2.65526473836e+18
Danian,ocn_ALK,4599.5,2.65526545509e+18
Danian,ocn_ALK,4649.5,2.65526619062e+18
Danian,ocn_ALK,4699.5,2.6552669491e+18
Danian,ocn_ALK,4749.5,2.65526771798e+18
Danian,ocn_ALK,4799.5,2.65526849826e+18
Danian,ocn_ALK,4849.5,2.65526928407e+18
Danian,ocn_ALK,4899.5,2.65527007167e+18
Danian,ocn_ALK,4949.5,2.65527087626e+18
Danian,ocn_ALK,4999.5,2.65526895269e+18
solar,ocn_temp,0.5,11.141949
solar,ocn_temp,1.5,11.141947
solar,ocn_temp,2.5,11.141945
solar,ocn_temp,3.5,11.141943
solar,ocn_temp,4.5,11.141942
solar,ocn_temp,5.5,11.141941
solar,ocn_temp,6.5,11.141941
solar,ocn_temp,7.5,11.14194
solar,ocn_temp,8.5,11.141939
solar,ocn_temp,9.5,11.141939
solar,ocn_temp,10.5,11.141938
solar,ocn_temp,11.5,11.141938
solar,ocn_temp,12.5,11.141937
solar,ocn_temp,13.5,11.141937
solar,ocn_temp,14.5,11.141937
solar,ocn_temp,15.5,11.141936
solar,ocn_temp,16.5,11.141936
solar,ocn_temp,17.5,11.141936
solar,ocn_temp,18.5,11.141936
solar,ocn_temp,19.5,11.141935
solar,ocn_temp,20.5,11.141935
solar,ocn_temp,21.5,11.141935
solar,ocn_temp,22.5,11.141935
solar,ocn_temp,23.5,11.141935
solar,ocn_temp,24.5,11.141934
solar,ocn_temp,25.5,11.141934
solar,ocn_temp,26.5,11.141934
solar,ocn_temp,27.5,11.141934
solar,ocn_temp,28.5,11.141934
solar,ocn_temp,29.5,11.141934
solar,ocn_temp,30.5,11.141934
solar,ocn_temp,31.5,11.141934
solar,ocn_temp,32.5,11.141933
solar,ocn_temp,33.5,11.141933
solar,ocn_temp,34.5,11.141933
solar,ocn_temp,35.5,11.141933
solar,ocn_temp,36.5,11.141933
solar,ocn_temp,37.5,11.141933
solar,ocn_temp,38.5,11.141933
solar,ocn_temp,39.5,11.141933
solar,ocn_temp,40.5,11.141933
solar,ocn_temp,41.5,11.141933
solar,ocn_temp,42.5,11.141933
solar,ocn_temp,43.5,11.141933
solar,ocn_temp,44.5,11.141933
solar,ocn_temp,45.5,11.141933
solar,ocn_temp,46.5,11.141933
solar,ocn_temp,47.5,11.141933
solar,ocn_temp,48.5,11.141933
solar,ocn_temp,49.5,11.141933
solar,ocn_temp,50.5,11.141933
solar,ocn_temp,51.5,11.141933
solar,ocn_temp,52.5,11.141933
solar,ocn_temp,53.5,11.141933
solar,ocn_temp,54.5,11.141933
solar,ocn_temp,55.5,11.141933
solar,ocn_temp,56.5,11.141933
solar,ocn_temp,57.5,11.141933
solar,ocn_temp,58.5,11.141933
solar,ocn_temp,59.5,11.141933
solar,ocn_temp,60.5,11.141933
solar,ocn_temp,61.5,11.141933
solar,ocn_temp,62.5,11.141933
solar,ocn_temp,63.5,11.141933
solar,ocn_temp,64.5,11.141933
solar,ocn_temp,65.5,11.141933
solar,ocn_temp,66.5,11.141934
solar,ocn_temp,67.5,11.141934
solar,ocn_temp,68.5,11.141934
solar,ocn_temp,69.5,11.141934
solar,ocn_temp,70.5,11.141934
solar,ocn_temp,71.5,11.141934
solar,ocn_temp,72.5,11.141934
solar,ocn_temp,73.5,11.141934
solar,ocn_temp,74.5,11.141934
solar,ocn_temp,75.5,11.141934
solar,ocn_temp,76.5,11.141934
solar,ocn_temp,77.5,11.141934
solar,ocn_temp,78.5,11.141934
solar,ocn_temp,79.5,11.141934
solar,ocn_temp,80.5,11.141935
solar,ocn_temp,81.5,11.141935
solar,ocn_temp,82.5,11.141935
solar,ocn_temp,83.5,11.141935
solar,ocn_temp,84.5,11.141935
solar,ocn_temp,85.5,11.141935
solar,ocn_temp,86.5,11.141935
solar,ocn_temp,87.5,11.141935
solar,ocn_temp,88.5,11.141935
solar,ocn_temp,89.5,11.141935
solar,ocn_temp,90.5,11.141936
solar,ocn_temp,91.5,11.141936
solar,ocn_temp,92.5,11.141936
solar,ocn_temp,93.5,11.141936
solar,ocn_temp,94.5,11.141936
solar,ocn_temp,95.5,11.141936
solar,ocn_temp,96.5,11.141936
solar,ocn_temp,97.5,11.141936
solar,ocn_temp,98.5,11.141936
solar,ocn_temp,99.5,11.141936
solar,ocn_temp,100.5,11.141937
solar,ocn_temp,101.5,10.806991
solar,ocn_temp,102.5,10.194907
solar,ocn_temp,103.5,9.908193
solar,ocn_temp,104.5,9.920854
solar,ocn_temp,105.5,9.968902
solar,ocn_temp,106.5,10.009439
solar,ocn_temp,107.5,10.044863
solar,ocn_temp,108.5,10.076471
solar,ocn_temp,109.5,10.105084
solar,ocn_temp,110.5,10.131244
solar,ocn_temp,111.5,10.155328
solar,ocn_temp,112.5,10.177634
solar,ocn_temp,113.5,10.198395
solar,ocn_temp,114.5,10.2178
solar,ocn_temp,115.5,10.235999
solar,ocn_temp,116.5,10.253116
solar,ocn_temp,117.5,10.269246
solar,ocn_temp,118.5,10.284472
solar,ocn_temp,119.5,10.298873
solar,ocn_temp,120.5,10.312519
solar,ocn_temp,121.5,10.325469
solar,ocn_temp,122.5,10.337774
solar,ocn_temp,123.5,10.349483
solar,ocn_temp,124.5,10.360636
solar,ocn_temp,125.5,10.371271
solar,ocn_temp,126.5,10.38142
solar,ocn_temp,127.5,10.391114
solar,ocn_temp,128.5,10.40038
solar,ocn_temp,129.5,10.409243
solar,ocn_temp,130.5,10.417732
solar,ocn_temp,131.5,10.425877
solar,ocn_temp,132.5,10.43371
solar,ocn_temp,133.5,10.441256
solar,ocn_temp,134.5,10.448538
solar,ocn_temp,135.5,10.455577
solar,ocn_temp,136.5,10.46239
solar,ocn_temp,137.5,10.468999
solar,ocn_temp,138.5,10.475419
solar,ocn_temp,139.5,10.481663
solar,ocn_temp,140.5,10.487741
solar,ocn_temp,141.5,10.493662
solar,ocn_temp,142.5,10.499431
solar,ocn_temp,143.5,10.505053
solar,ocn_temp,144.5,10.510531
solar,ocn_temp,145.5,10.515871
solar,ocn_temp,146.5,10.521076
solar,ocn_temp,147.5,10.52615
solar,ocn_temp,148.5,10.531099
solar,ocn_temp,149.5,10.535929
solar,ocn_temp,150.5,10.540649
solar,ocn_temp,151.5,10.545256
solar,ocn_temp,152.5,10.549754
solar,ocn_temp,153.5,10.554146
solar,ocn_temp,154.5,10.558437
solar,ocn_temp,155.5,10.56263
solar,ocn_temp,156.5,10.566728
solar,ocn_temp,157.5,10.570733
solar,ocn_temp,158.5,10.574649
solar,ocn_temp,159.5,10.578478
solar,ocn_temp,160.5,10.582225
solar,ocn_temp,161.5,10.585891
solar,ocn_temp,162.5,10.589479
solar,ocn_temp,163.5,10.592992
solar,ocn_temp,164.5,10.596433
solar,ocn_temp,165.5,10.599803
solar,ocn_temp,166.5,10.603105
solar,ocn_temp,167.5,10.606343
solar,ocn_temp,168.5,10.609521
solar,ocn_temp,169.5,10.612638
solar,ocn_temp,170.5,10.615698
solar,ocn_temp,171.5,10.6187
solar,ocn_temp,172.5,10.621647
solar,ocn_temp,173.5,10.624541
solar,ocn_temp,174.5,10.627382
solar,ocn_temp,175.5,10.630174
solar,ocn_temp,176.5,10.632918
solar,ocn_temp,177.5,10.635614
solar,ocn_temp,178.5,10.638266
solar,ocn_temp,179.5,10.640872
solar,ocn_temp,180.5,10.643438
solar,ocn_temp,181.5,10.645961
solar,ocn_temp,182.5,10.648444
solar,ocn_temp,183.5,10.650893
solar,ocn_temp,184.5,10.653305
solar,ocn_temp,185.5,10.655679
solar,ocn_temp,186.5,10.658015
solar,ocn_temp,187.5,10.660315
solar,ocn_temp,188.5,10.662578
solar,ocn_temp,189.5,10.664807
solar,ocn_temp,190.5,10.667001
solar,ocn_temp,191.5,10.669161
solar,ocn_temp,192.5,10.67129
solar,ocn_temp,193.5,10.673388
solar,ocn_temp,194.5,10.675454
solar,ocn_temp,195.5,10.67749
solar,ocn_temp,196.5,10.679495
solar,ocn_temp,197.5,10.681473
solar,ocn_temp,198.5,10.683422
solar,ocn_temp,199.5,10.685343
solar,surpH,0.5,7.754692
solar,surpH,1.5,7.755917
solar,surpH,2.5,7.754282
solar,surpH,3.5,7.753251
solar,surpH,4.5,7.752528
solar,surpH,5.5,7.751958
solar,surpH,6.5,7.751471
solar,surpH,7.5,7.751041
solar,surpH,8.5,7.750651
solar,surpH,9.5,7.750282
solar,surpH,10.5,7.749954
solar,surpH,11.5,7.749639
solar,surpH,12.5,7.74934
solar,surpH,13.5,7.749056
solar,surpH,14.5,7.748785
solar,surpH,15.5,7.748524
solar,surpH,16.5,7.748273
solar,surpH,17.5,7.748032
solar,surpH,18.5,7.747798
solar,surpH,19.5,7.747572
solar,surpH,20.5,7.747351
solar,surpH,21.5,7.747138
solar,surpH,22.5,7.746929
solar,surpH,23.5,7.746724
solar,surpH,24.5,7.746525
solar,surpH,25.5,7.74633
solar,surpH,26.5,7.746138
solar,surpH,27.5,7.745952
solar,surpH,28.5,7.745767
solar,surpH,29.5,7.745587
solar,surpH,30.5,7.745409
solar,surpH,31.5,7.745233
solar,surpH,32.5,7.745061
solar,surpH,33.5,7.744892
solar,surpH,34.5,7.744724
solar,surpH,35.5,7.744559
solar,surpH,36.5,7.744397
solar,surpH,37.5,7.744236
solar,surpH,38.5,7.744077
solar,surpH,39.5,7.743921
solar,surpH,40.5,7.743766
solar,surpH,41.5,7.743613
solar,surpH,42.5,7.743461
solar,surpH,43.5,7.743313
solar,surpH,44.5,7.743165
solar,surpH,45.5,7.743018
solar,surpH,46.5,7.742872
solar,surpH,47.5,7.742729
solar,surpH,48.5,7.742587
solar,surpH,49.5,7.742442
solar,surpH,50.5,7.742307
solar,surpH,51.5,7.742169
solar,surpH,52.5,7.742031
solar,surpH,53.5,7.741896
solar,surpH,54.5,7.741762
solar,surpH,55.5,7.741628
solar,surpH,56.5,7.741496
solar,surpH,57.5,7.741364
solar,surpH,58.5,7.741234
solar,surpH,59.5,7.741105
solar,surpH,60.5,7.740976
solar,surpH,61.5,7.740848
solar,surpH,62.5,7.740723
solar,surpH,63.5,7.740596
solar,surpH,64.5,7.740472
solar,surpH,65.5,7.740349
solar,surpH,66.5,7.740226
solar,surpH,67.5,7.740103
solar,surpH,68.5,7.739982
solar,surpH,69.5,7.739862
solar,surpH,70.5,7.739742
solar,surpH,71.5,7.739623
solar,surpH,72.5,7.739505
solar,surpH,73.5,7.739387
solar,surpH,74.5,7.739271
solar,surpH,75.5,7.739155
solar,surpH,76.5,7.739039
solar,surpH,77.5,7.738924
solar,surpH,78.5,7.73881
solar,surpH,79.5,7.738697
solar,surpH,80.5,7.738584
solar,surpH,81.5,7.738472
solar,surpH,82.5,7.73836
solar,surpH,83.5,7.73825
solar,surpH,84.5,7.738139
solar,surpH,85.5,7.738029
solar,surpH,86.5,7.73792
solar,surpH,87.5,7.737811
solar,surpH,88.5,7.737703
solar,surpH,89.5,7.737595
solar,surpH,90.5,7.737487
solar,surpH,91.5,7.737381
solar,surpH,92.5,7.737275
solar,surpH,93.5,7.737169
solar,surpH,94.5,7.737064
solar,surpH,95.5,7.736959
solar,surpH,96.5,7.736855
solar,surpH,97.5,7.736751
solar,surpH,98.5,7.736648
solar,surpH,99.5,7.736542
solar,surpH,100.5,7.736439
solar,surpH,101.5,7.662194
solar,surpH,102.5,7.590013
solar,surpH,103.5,7.670078
solar,surpH,104.5,7.725282
solar,surpH,105.5,7.735685
solar,surpH,106.5,7.739096
solar,surpH,107.5,7.740908
solar,surpH,108.5,7.741941
solar,surpH,109.5,7.74258
solar,surpH,110.5,7.742997
solar,surpH,111.5,7.743152
solar,surpH,112.5,7.743113
solar,surpH,113.5,7.743115
solar,surpH,114.5,7.743109
solar,surpH,115.5,7.743144
solar,surpH,116.5,7.743176
solar,surpH,117.5,7.743214
solar,surpH,118.5,7.743262
solar,surpH,119.5,7.743272
solar,surpH,120.5,7.743308
solar,surpH,121.5,7.743345
solar,surpH,122.5,7.743366
solar,surpH,123.5,7.743384
solar,surpH,124.5,7.743418
solar,surpH,125.5,7.743442
solar,surpH,126.5,7.743462
solar,surpH,127.5,7.7435
solar,surpH,128.5,7.743531
solar,surpH,129.5,7.743541
solar,surpH,130.5,7.743535
solar,surpH,131.5,7.743514
solar,surpH,132.5,7.743534
solar,surpH,133.5,7.743552
solar,surpH,134.5,7.74359
solar,surpH,135.5,7.743622
solar,surpH,136.5,7.74367
solar,surpH,137.5,7.743694
solar,surpH,138.5,7.743724
solar,surpH,139.5,7.743763
solar,surpH,140.5,7.743799
solar,surpH,141.5,7.74383
solar,surpH,142.5,7.743861
solar,surpH,143.5,7.743895
solar,surpH,144.5,7.743924
solar,surpH,145.5,7.743944
solar,surpH,146.5,7.743972
solar,surpH,147.5,7.743988
solar,surpH,148.5,7.744003
solar,surpH,149.5,7.744011
solar,surpH,150.5,7.744027
solar,surpH,151.5,7.744045
solar,surpH,152.5,7.744053
solar,surpH,153.5,7.744065
solar,surpH,154.5,7.744075
solar,surpH,155.5,7.744088
solar,surpH,156.5,7.744088
solar,surpH,157.5,7.744098
solar,surpH,158.5,7.744107
solar,surpH,159.5,7.744119
solar,surpH,160.5,7.744128
solar,surpH,161.5,7.744138
solar,surpH,162.5,7.744146
solar,surpH,163.5,7.744162
solar,surpH,164.5,7.744167
solar,surpH,165.5,7.744186
solar,surpH,166.5,7.744196
solar,surpH,167.5,7.744199
solar,surpH,168.5,7.74421
solar,surpH,169.5,7.744233
solar,surpH,170.5,7.744239
solar,surpH,171.5,7.744263
solar,surpH,172.5,7.744271
solar,surpH,173.5,7.744288
solar,surpH,174.5,7.744305
solar,surpH,175.5,7.744319
solar,surpH,176.5,7.744333
solar,surpH,177.5,7.744345
solar,surpH,178.5,7.744349
solar,surpH,179.5,7.744364
solar,surpH,180.5,7.744379
solar,surpH,181.5,7.74439
solar,surpH,182.5,7.744402
solar,surpH,183.5,7.744408
solar,surpH,184.5,7.744412
solar,surpH,185.5,7.744425
solar,surpH,186.5,7.744431
solar,surpH,187.5,7.744448
solar,surpH,188.5,7.744455
solar,surpH,189.5,7.744461
solar,surpH,190.5,7.744473
solar,surpH,191.5,7.744489
solar,surpH,192.5,7.744481
solar,surpH,193.5,7.744493
solar,surpH,194.5,7.744502
solar,surpH,195.5,7.744505
solar,surpH,196.5,7.744516
solar,surpH,197.5,7.744529
solar,surpH,198.5,7.744527
solar,surpH,199.5,7.744538
solar,fexport_POC,0.5,817887500000000.0
solar,fexport_POC,1.5,742752100000000.0
solar,fexport_POC,2.5,733933200000000.0
solar,fexport_POC,3.5,728324500000000.0
solar,fexport_POC,4.5,724648300000000.0
solar,fexport_POC,5.5,722073700000000.0
solar,fexport_POC,6.5,720160000000000.0
solar,fexport_POC,7.5,718669900000000.0
solar,fexport_POC,8.5,717468300000000.0
solar,fexport_POC,9.5,716476100000000.0
solar,fexport_POC,10.5,715644500000000.0
solar,fexport_POC,11.5,714934000000000.0
solar,fexport_POC,12.5,714323400000000.0
solar,fexport_POC,13.5,713794800000000.0
solar,fexport_POC,14.5,713329700000000.0
solar,fexport_POC,15.5,712919500000000.0
solar,fexport_POC,16.5,712558000000000.0
solar,fexport_POC,17.5,712234700000000.0
solar,fexport_POC,18.5,711943700000000.0
solar,fexport_POC,19.5,711681600000000.0
solar,fexport_POC,20.5,711444000000000.0
solar,fexport_POC,21.5,711230200000000.0
solar,fexport_POC,22.5,711033200000000.0
solar,fexport_POC,23.5,710852300000000.0
solar,fexport_POC,24.5,710688900000000.0
solar,fexport_POC,25.5,710537500000000.0
solar,fexport_POC,26.5,710396600000000.0
solar,fexport_POC,27.5,710267600000000.0
solar,fexport_POC,28.5,710146700000000.0
solar,fexport_POC,29.5,710036200000000.0
solar,fexport_POC,30.5,709932000000000.0
solar,fexport_POC,31.5,709834500000000.0
solar,fexport_POC,32.5,709745000000000.0
solar,fexport_POC,33.5,709660100000000.0
solar,fexport_POC,34.5,709580300000000.0
solar,fexport_POC,35.5,709505000000000.0
solar,fexport_POC,36.5,709436300000000.0
solar,fexport_POC,37.5,709369600000000.0
solar,fexport_POC,38.5,709306500000000.0
solar,fexport_POC,39.5,709249500000000.0
solar,fexport_POC,40.5,709193600000000.0
solar,fexport_POC,41.5,709140100000000.0
solar,fexport_POC,42.5,709092000000000.0
solar,fexport_POC,43.5,709045600000000.0
solar,fexport_POC,44.5,709000900000000.0
solar,fexport_POC,45.5,708958500000000.0
solar,fexport_POC,46.5,708917700000000.0
solar,fexport_POC,47.5,708881200000000.0
solar,fexport_POC,48.5,708844600000000.0
solar,fexport_POC,49.5,708809500000000.0
solar,fexport_POC,50.5,708778500000000.0
solar,fexport_POC,51.5,708746600000000.0
solar,fexport_POC,52.5,708715900000000.0
solar,fexport_POC,53.5,708689200000000.0
solar,fexport_POC,54.5,708662900000000.0
solar,fexport_POC,55.5,708637100000000.0
solar,fexport_POC,56.5,708612400000000.0
solar,fexport_POC,57.5,708588300000000.0
solar,fexport_POC,58.5,708567700000000.0
solar,fexport_POC,59.5,708545700000000.0
solar,fexport_POC,60.5,708524400000000.0
solar,fexport_POC,61.5,708506500000000.0
solar,fexport_POC,62.5,708488200000000.0
solar,fexport_POC,63.5,708469900000000.0
solar,fexport_POC,64.5,708454000000000.0
solar,fexport_POC,65.5,708437700000000.0
solar,fexport_POC,66.5,708422000000000.0
solar,fexport_POC,67.5,708406500000000.0
solar,fexport_POC,68.5,708394000000000.0
solar,fexport_POC,69.5,708379800000000.0
solar,fexport_POC,70.5,708365800000000.0
solar,fexport_POC,71.5,708354900000000.0
solar,fexport_POC,72.5,708343300000000.0
solar,fexport_POC,73.5,708331300000000.0
solar,fexport_POC,74.5,708321400000000.0
solar,fexport_POC,75.5,708310900000000.0
solar,fexport_POC,76.5,708300600000000.0
solar,fexport_POC,77.5,708290000000000.0
solar,fexport_POC,78.5,708282400000000.0
solar,fexport_POC,79.5,708273900000000.0
solar,fexport_POC,80.5,708264900000000.0
solar,fexport_POC,81.5,708257900000000.0
solar,fexport_POC,82.5,708250000000000.0
solar,fexport_POC,83.5,708242400000000.0
solar,fexport_POC,84.5,708234500000000.0
solar,fexport_POC,85.5,708229300000000.0
solar,fexport_POC,86.5,708222800000000.0
solar,fexport_POC,87.5,708215800000000.0
solar,fexport_POC,88.5,708211500000000.0
solar,fexport_POC,89.5,708205200000000.0
solar,fexport_POC,90.5,708198900000000.0
solar,fexport_POC,91.5,708195300000000.0
solar,fexport_POC,92.5,708190200000000.0
solar,fexport_POC,93.5,708184600000000.0
solar,fexport_POC,94.5,708181600000000.0
solar,fexport_POC,95.5,708176700000000.0
solar,fexport_POC,96.5,708171400000000.0
solar,fexport_POC,97.5,708169000000000.0
solar,fexport_POC,98.5,708165800000000.0
solar,fexport_POC,99.5,708162000000000.0
solar,fexport_POC,100.5,708158500000000.0
solar,fexport_POC,101.5,44484300000000.0
solar,fexport_POC,102.5,1518437000000.0
solar,fexport_POC,103.5,216760000000000.0
solar,fexport_POC,104.5,326891200000000.0
solar,fexport_POC,105.5,351759000000000.0
solar,fexport_POC,106.5,359329800000000.0
solar,fexport_POC,107.5,362832400000000.0
solar,fexport_POC,108.5,364899000000000.0
solar,fexport_POC,109.5,366252800000000.0
solar,fexport_POC,110.5,367214300000000.0
solar,fexport_POC,111.5,367182100000000.0
solar,fexport_POC,112.5,366424900000000.0
solar,fexport_POC,113.5,365759700000000.0
solar,fexport_POC,114.5,365008500000000.0
solar,fexport_POC,115.5,364281800000000.0
solar,fexport_POC,116.5,363621400000000.0
solar,fexport_POC,117.5,363036800000000.0
solar,fexport_POC,118.5,362386100000000.0
solar,fexport_POC,119.5,361734400000000.0
solar,fexport_POC,120.5,361103000000000.0
solar,fexport_POC,121.5,360530000000000.0
solar,fexport_POC,122.5,359910400000000.0
solar,fexport_POC,123.5,359265800000000.0
solar,fexport_POC,124.5,358759800000000.0
solar,fexport_POC,125.5,358334700000000.0
solar,fexport_POC,126.5,357850600000000.0
solar,fexport_POC,127.5,357315600000000.0
solar,fexport_POC,128.5,356669400000000.0
solar,fexport_POC,129.5,356012300000000.0
solar,fexport_POC,130.5,355455900000000.0
solar,fexport_POC,131.5,354847300000000.0
solar,fexport_POC,132.5,354376000000000.0
solar,fexport_POC,133.5,353936600000000.0
solar,fexport_POC,134.5,353540100000000.0
solar,fexport_POC,135.5,353187900000000.0
solar,fexport_POC,136.5,352880100000000.0
solar,fexport_POC,137.5,352595000000000.0
solar,fexport_POC,138.5,352325500000000.0
solar,fexport_POC,139.5,352073400000000.0
solar,fexport_POC,140.5,351827500000000.0
solar,fexport_POC,141.5,351551400000000.0
solar,fexport_POC,142.5,351262800000000.0
solar,fexport_POC,143.5,351000200000000.0
solar,fexport_POC,144.5,350724500000000.0
solar,fexport_POC,145.5,350446900000000.0
solar,fexport_POC,146.5,350184200000000.0
solar,fexport_POC,147.5,349929100000000.0
solar,fexport_POC,148.5,349634300000000.0
solar,fexport_POC,149.5,349364300000000.0
solar,fexport_POC,150.5,349119500000000.0
solar,fexport_POC,151.5,348939800000000.0
solar,fexport_POC,152.5,348676400000000.0
solar,fexport_POC,153.5,348482500000000.0
solar,fexport_POC,154.5,348280200000000.0
solar,fexport_POC,155.5,348155700000000.0
solar,fexport_POC,156.5,347980400000000.0
solar,fexport_POC,157.5,347823500000000.0
solar,fexport_POC,158.5,347662300000000.0
solar,fexport_POC,159.5,347573800000000.0
solar,fexport_POC,160.5,347424200000000.0
solar,fexport_POC,161.5,347312600000000.0
solar,fexport_POC,162.5,347199200000000.0
solar,fexport_POC,163.5,347168700000000.0
solar,fexport_POC,164.5,347042100000000.0
solar,fexport_POC,165.5,347037900000000.0
solar,fexport_POC,166.5,346988100000000.0
solar,fexport_POC,167.5,346860600000000.0
solar,fexport_POC,168.5,346805000000000.0
solar,fexport_POC,169.5,346831600000000.0
solar,fexport_POC,170.5,346703800000000.0
solar,fexport_POC,171.5,346732400000000.0
solar,fexport_POC,172.5,346675900000000.0
solar,fexport_POC,173.5,346655000000000.0
solar,fexport_POC,174.5,346634500000000.0
solar,fexport_POC,175.5,346635700000000.0
solar,fexport_POC,176.5,346630200000000.0
solar,fexport_POC,177.5,346611400000000.0
solar,fexport_POC,178.5,346538500000000.0
solar,fexport_POC,179.5,346597000000000.0
solar,fexport_POC,180.5,346594300000000.0
solar,fexport_POC,181.5,346563500000000.0
solar,fexport_POC,182.5,346565500000000.0
solar,fexport_POC,183.5,346591600000000.0
solar,fexport_POC,184.5,346584700000000.0
solar,fexport_POC,185.5,346591800000000.0
solar,fexport_POC,186.5,346555900000000.0
solar,fexport_POC,187.5,346628200000000.0
solar,fexport_POC,188.5,346624700000000.0
solar,fexport_POC,189.5,346583600000000.0
solar,fexport_POC,190.5,346612700000000.0
solar,fexport_POC,191.5,346689000000000.0
solar,fexport_POC,192.5,346647600000000.0
solar,fexport_POC,193.5,346661800000000.0
solar,fexport_POC,194.5,346675200000000.0
solar,fexport_POC,195.5,346633900000000.0
solar,fexport_POC,196.5,346671600000000.0
solar,fexport_POC,197.5,346746800000000.0
solar,fexport_POC,198.5,346679400000000.0
solar,fexport_POC,199.5,346746900000000.0
solar,ocn_O2,0.5,1.66617395276e+17
solar,ocn_O2,1.5,1.66386318662e+17
solar,ocn_O2,2.5,1.66167387382e+17
solar,ocn_O2,3.5,1.65976017406e+17
solar,ocn_O2,4.5,1.65802710138e+17
solar,ocn_O2,5.5,1.65643519151e+17
solar,ocn_O2,6.5,1.65494929488e+17
solar,ocn_O2,7.5,1.65354624681e+17
solar,ocn_O2,8.5,1.65220763254e+17
solar,ocn_O2,9.5,1.65092304398e+17
solar,ocn_O2,10.5,1.6496830758e+17
solar,ocn_O2,11.5,1.64847986396e+17
solar,ocn_O2,12.5,1.64730858341e+17
solar,ocn_O2,13.5,1.64616646272e+17
solar,ocn_O2,14.5,1.64505085419e+17
solar,ocn_O2,15.5,1.6439592343e+17
solar,ocn_O2,16.5,1.64288908459e+17
solar,ocn_O2,17.5,1.64183856066e+17
solar,ocn_O2,18.5,1.64080684836e+17
solar,ocn_O2,19.5,1.63979305097e+17
solar,ocn_O2,20.5,1.63879531968e+17
solar,ocn_O2,21.5,1.63781253602e+17
solar,ocn_O2,22.5,1.63684371062e+17
solar,ocn_O2,23.5,1.63588888161e+17
solar,ocn_O2,24.5,1.63494726947e+17
solar,ocn_O2,25.5,1.63401776056e+17
solar,ocn_O2,26.5,1.63310016411e+17
solar,ocn_O2,27.5,1.63219373271e+17
solar,ocn_O2,28.5,1.63129834598e+17
solar,ocn_O2,29.5,1.63041424479e+17
solar,ocn_O2,30.5,1.62954084686e+17
solar,ocn_O2,31.5,1.62867829633e+17
solar,ocn_O2,32.5,1.6278261178e+17
solar,ocn_O2,33.5,1.62698356029e+17
solar,ocn_O2,34.5,1.62615086796e+17
solar,ocn_O2,35.5,1.62532806546e+17
solar,ocn_O2,36.5,1.62451449249e+17
solar,ocn_O2,37.5,1.62370946071e+17
solar,ocn_O2,38.5,1.62291355617e+17
solar,ocn_O2,39.5,1.62212667007e+17
solar,ocn_O2,40.5,1.62134814639e+17
solar,ocn_O2,41.5,1.62057735143e+17
solar,ocn_O2,42.5,1.61981427927e+17
solar,ocn_O2,43.5,1.6190589444e+17
solar,ocn_O2,44.5,1.61831081934e+17
solar,ocn_O2,45.5,1.61756977743e+17
solar,ocn_O2,46.5,1.61683624815e+17
solar,ocn_O2,47.5,1.61611006955e+17
solar,ocn_O2,48.5,1.61539075119e+17
solar,ocn_O2,49.5,1.61467807394e+17
solar,ocn_O2,50.5,1.61397196192e+17
solar,ocn_O2,51.5,1.61327173026e+17
solar,ocn_O2,52.5,1.61257792157e+17
solar,ocn_O2,53.5,1.61189091907e+17
solar,ocn_O2,54.5,1.61120972517e+17
solar,ocn_O2,55.5,1.61053418978e+17
solar,ocn_O2,56.5,1.60986450692e+17
solar,ocn_O2,57.5,1.60920083155e+17
solar,ocn_O2,58.5,1.60854279677e+17
solar,ocn_O2,59.5,1.60788946771e+17
solar,ocn_O2,60.5,1.60724134529e+17
solar,ocn_O2,61.5,1.60659882463e+17
solar,ocn_O2,62.5,1.60596110015e+17
solar,ocn_O2,63.5,1.60532863387e+17
solar,ocn_O2,64.5,1.60470160227e+17
solar,ocn_O2,65.5,1.60407896886e+17
solar,ocn_O2,66.5,1.60346105338e+17
solar,ocn_O2,67.5,1.60284817796e+17
solar,ocn_O2,68.5,1.60223990023e+17
solar,ocn_O2,69.5,1.60163584965e+17
solar,ocn_O2,70.5,1.60103657991e+17
solar,ocn_O2,71.5,1.60044202972e+17
solar,ocn_O2,72.5,1.59985152402e+17
solar,ocn_O2,73.5,1.59926525936e+17
solar,ocn_O2,74.5,1.59868324658e+17
solar,ocn_O2,75.5,1.59810512461e+17
solar,ocn_O2,76.5,1.59753107726e+17
solar,ocn_O2,77.5,1.59696104454e+17
solar,ocn_O2,78.5,1.59639511304e+17
solar,ocn_O2,79.5,1.59583279661e+17
solar,ocn_O2,80.5,1.59527445582e+17
solar,ocn_O2,81.5,1.59471997993e+17
solar,ocn_O2,82.5,1.59416912812e+17
solar,ocn_O2,83.5,1.59362209077e+17
solar,ocn_O2,84.5,1.5930788835e+17
solar,ocn_O2,85.5,1.59253966353e+17
solar,ocn_O2,86.5,1.59200351362e+17
solar,ocn_O2,87.5,1.59147062983e+17
solar,ocn_O2,88.5,1.59094123765e+17
solar,ocn_O2,89.5,1.59041500529e+17
solar,ocn_O2,90.5,1.58989233832e+17
solar,ocn_O2,91.5,1.58937344643e+17
solar,ocn_O2,92.5,1.58885737628e+17
solar,ocn_O2,93.5,1.58834430075e+17
solar,ocn_O2,94.5,1.58783435994e+17
solar,ocn_O2,95.5,1.5873268867e+17
solar,ocn_O2,96.5,1.58682242055e+17
solar,ocn_O2,97.5,1.58632111995e+17
solar,ocn_O2,98.5,1.5858222993e+17
solar,ocn_O2,99.5,1.58532618597e+17
solar,ocn_O2,100.5,1.58483300628e+17
solar,ocn_O2,101.5,1.63228096681e+17
solar,ocn_O2,102.5,1.79071717634e+17
solar,ocn_O2,103.5,1.93630692214e+17
solar,ocn_O2,104.5,1.97819625647e+17
solar,ocn_O2,105.5,1.99238730347e+17
solar,ocn_O2,106.5,1.99857958147e+17
solar,ocn_O2,107.5,2.001530228e+17
solar,ocn_O2,108.5,2.00294724477e+17
solar,ocn_O2,109.5,2.00353035259e+17
solar,ocn_O2,110.5,2.00364025733e+17
solar,ocn_O2,111.5,2.00356049103e+17
solar,ocn_O2,112.5,2.0034937025e+17
solar,ocn_O2,113.5,2.0034927222e+17
solar,ocn_O2,114.5,2.00354521826e+17
solar,ocn_O2,115.5,2.00363714159e+17
solar,ocn_O2,116.5,2.00376083002e+17
solar,ocn_O2,117.5,2.00393394392e+17
solar,ocn_O2,118.5,2.00415592816e+17
solar,ocn_O2,119.5,2.00445879737e+17
solar,ocn_O2,120.5,2.00484928829e+17
solar,ocn_O2,121.5,2.00529223811e+17
solar,ocn_O2,122.5,2.00581993597e+17
solar,ocn_O2,123.5,2.0064401348e+17
solar,ocn_O2,124.5,2.00711515209e+17
solar,ocn_O2,125.5,2.00785256877e+17
solar,ocn_O2,126.5,2.00865731809e+17
solar,ocn_O2,127.5,2.00949687765e+17
solar,ocn_O2,128.5,2.01036807252e+17
solar,ocn_O2,129.5,2.01126292296e+17
solar,ocn_O2,130.5,2.0122144974e+17
solar,ocn_O2,131.5,2.01323389102e+17
solar,ocn_O2,132.5,2.01432190462e+17
solar,ocn_O2,133.5,2.01544403359e+17
solar,ocn_O2,134.5,2.01659751752e+17
solar,ocn_O2,135.5,2.01778322148e+17
solar,ocn_O2,136.5,2.01898483885e+17
solar,ocn_O2,137.5,2.02021341478e+17
solar,ocn_O2,138.5,2.02147973122e+17
solar,ocn_O2,139.5,2.02276136023e+17
solar,ocn_O2,140.5,2.02406302583e+17
solar,ocn_O2,141.5,2.02537652716e+17
solar,ocn_O2,142.5,2.02670204155e+17
solar,ocn_O2,143.5,2.02803791318e+17
solar,ocn_O2,144.5,2.02938136197e+17
solar,ocn_O2,145.5,2.03073711359e+17
solar,ocn_O2,146.5,2.03210108196e+17
solar,ocn_O2,147.5,2.03347608538e+17
solar,ocn_O2,148.5,2.03486301132e+17
solar,ocn_O2,149.5,2.03625957847e+17
solar,ocn_O2,150.5,2.03767103123e+17
solar,ocn_O2,151.5,2.03908900445e+17
solar,ocn_O2,152.5,2.04051520503e+17
solar,ocn_O2,153.5,2.0419512285e+17
solar,ocn_O2,154.5,2.04339227934e+17
solar,ocn_O2,155.5,2.04484080645e+17
solar,ocn_O2,156.5,2.04629889806e+17
solar,ocn_O2,157.5,2.04776517711e+17
solar,ocn_O2,158.5,2.04923345182e+17
solar,ocn_O2,159.5,2.05070755638e+17
solar,ocn_O2,160.5,2.05218384764e+17
solar,ocn_O2,161.5,2.05366523048e+17
solar,ocn_O2,162.5,2.05514851279e+17
solar,ocn_O2,163.5,2.05663416439e+17
solar,ocn_O2,164.5,2.05811971023e+17
solar,ocn_O2,165.5,2.05960455309e+17
solar,ocn_O2,166.5,2.06108908967e+17
solar,ocn_O2,167.5,2.0625749147e+17
solar,ocn_O2,168.5,2.06406384761e+17
solar,ocn_O2,169.5,2.06554893877e+17
solar,ocn_O2,170.5,2.06702743599e+17
solar,ocn_O2,171.5,2.06850109925e+17
solar,ocn_O2,172.5,2.06997057097e+17
solar,ocn_O2,173.5,2.07143399951e+17
solar,ocn_O2,174.5,2.07289106637e+17
solar,ocn_O2,175.5,2.07434188499e+17
solar,ocn_O2,176.5,2.07578669817e+17
solar,ocn_O2,177.5,2.07722549965e+17
solar,ocn_O2,178.5,2.07865972958e+17
solar,ocn_O2,179.5,2.08009158211e+17
solar,ocn_O2,180.5,2.08151754568e+17
solar,ocn_O2,181.5,2.08293544051e+17
solar,ocn_O2,182.5,2.0843462964e+17
solar,ocn_O2,183.5,2.08575312488e+17
solar,ocn_O2,184.5,2.08715551576e+17
solar,ocn_O2,185.5,2.08855247955e+17
solar,ocn_O2,186.5,2.08994126904e+17
solar,ocn_O2,187.5,2.09132459671e+17
solar,ocn_O2,188.5,2.09269965029e+17
solar,ocn_O2,189.5,2.09406661833e+17
solar,ocn_O2,190.5,2.09542847635e+17
solar,ocn_O2,191.5,2.09678361829e+17
solar,ocn_O2,192.5,2.09813576827e+17
solar,ocn_O2,193.5,2.09948905897e+17
solar,ocn_O2,194.5,2.10083312715e+17
solar,ocn_O2,195.5,2.1021710542e+17
solar,ocn_O2,196.5,2.1035030316e+17
solar,ocn_O2,197.5,2.10482616368e+17
solar,ocn_O2,198.5,2.10614137591e+17
solar,ocn_O2,199.5,2.10745142496e+17
solar,ocn_ALK,0.5,2.65733527092e+18
solar,ocn_ALK,1.5,2.65726295886e+18
solar,ocn_ALK,2.5,2.65720655577e+18
solar,ocn_ALK,3.5,2.65714832564e+18
solar,ocn_ALK,4.5,2.65709073713e+18
solar,ocn_ALK,5.5,2.65703356216e+18
solar,ocn_ALK,6.5,2.65697655273e+18
solar,ocn_ALK,7.5,2.65691964114e+18
solar,ocn_ALK,8.5,2.65686270903e+18
solar,ocn_ALK,9.5,2.65680579659e+18
solar,ocn_ALK,10.5,2.65674870437e+18
solar,ocn_ALK,11.5,2.65669129745e+18
solar,ocn_ALK,12.5,2.65663356102e+18
solar,ocn_ALK,13.5,2.65657555846e+18
solar,ocn_ALK,14.5,2.65651733678e+18
solar,ocn_ALK,15.5,2.65645882663e+18
solar,ocn_ALK,16.5,2.65639994754e+18
solar,ocn_ALK,17.5,2.65634075126e+18
solar,ocn_ALK,18.5,2.65628128967e+18
solar,ocn_ALK,19.5,2.65622158002e+18
solar,ocn_ALK,20.5,2.65616156128e+18
solar,ocn_ALK,21.5,2.65610117838e+18
solar,ocn_ALK,22.5,2.65604041716e+18
solar,ocn_ALK,23.5,2.6559793436e+18
solar,ocn_ALK,24.5,2.65591798512e+18
solar,ocn_ALK,25.5,2.65585629808e+18
solar,ocn_ALK,26.5,2.65579432349e+18
solar,ocn_ALK,27.5,2.65573206264e+18
solar,ocn_ALK,28.5,2.65566955351e+18
solar,ocn_ALK,29.5,2.65560683583e+18
solar,ocn_ALK,30.5,2.65554393063e+18
solar,ocn_ALK,31.5,2.65548083186e+18
solar,ocn_ALK,32.5,2.65541756796e+18
solar,ocn_ALK,33.5,2.6553541458e+18
solar,ocn_ALK,34.5,2.65529054986e+18
solar,ocn_ALK,35.5,2.65522679256e+18
solar,ocn_ALK,36.5,2.6551629024e+18
solar,ocn_ALK,37.5,2.65509884603e+18
solar,ocn_ALK,38.5,2.65503463936e+18
solar,ocn_ALK,39.5,2.65497032734e+18
solar,ocn_ALK,40.5,2.654905936e+18
solar,ocn_ALK,41.5,2.6548413146e+18
solar,ocn_ALK,42.5,2.65477649975e+18
solar,ocn_ALK,43.5,2.65471160771e+18
solar,ocn_ALK,44.5,2.65464659088e+18
solar,ocn_ALK,45.5,2.65458139678e+18
solar,ocn_ALK,46.5,2.65451603289e+18
solar,ocn_ALK,47.5,2.65445055413e+18
solar,ocn_ALK,48.5,2.65438502907e+18
solar,ocn_ALK,49.5,2.65431935111e+18
solar,ocn_ALK,50.5,2.65425350904e+18
solar,ocn_ALK,51.5,2.65418752623e+18
solar,ocn_ALK,52.5,2.65412142622e+18
solar,ocn_ALK,53.5,2.65405522478e+18
solar,ocn_ALK,54.5,2.65398890921e+18
solar,ocn_ALK,55.5,2.65392233911e+18
solar,ocn_ALK,56.5,2.65385567405e+18
solar,ocn_ALK,57.5,2.65378885787e+18
solar,ocn_ALK,58.5,2.65372201021e+18
solar,ocn_ALK,59.5,2.65365505769e+18
solar,ocn_ALK,60.5,2.65358790098e+18
solar,ocn_ALK,61.5,2.65352062164e+18
solar,ocn_ALK,62.5,2.65345321377e+18
solar,ocn_ALK,63.5,2.65338573485e+18
solar,ocn_ALK,64.5,2.65331819143e+18
solar,ocn_ALK,65.5,2.65325051925e+18
solar,ocn_ALK,66.5,2.65318271633e+18
solar,ocn_ALK,67.5,2.65311480924e+18
solar,ocn_ALK,68.5,2.65304679134e+18
solar,ocn_ALK,69.5,2.65297868939e+18
solar,ocn_ALK,70.5,2.65291048816e+18
solar,ocn_ALK,71.5,2.65284215692e+18
solar,ocn_ALK,72.5,2.65277375663e+18
solar,ocn_ALK,73.5,2.65270526133e+18
solar,ocn_ALK,74.5,2.65263662973e+18
solar,ocn_ALK,75.5,2.65256792658e+18
solar,ocn_ALK,76.5,2.65249915487e+18
solar,ocn_ALK,77.5,2.65243024482e+18
solar,ocn_ALK,78.5,2.65236119131e+18
solar,ocn_ALK,79.5,2.65229207763e+18
solar,ocn_ALK,80.5,2.6522229132e+18
solar,ocn_ALK,81.5,2.65215362412e+18
solar,ocn_ALK,82.5,2.65208425613e+18
solar,ocn_ALK,83.5,2.65201483279e+18
solar,ocn_ALK,84.5,2.65194533675e+18
solar,ocn_ALK,85.5,2.65187573873e+18
solar,ocn_ALK,86.5,2.65180605001e+18
solar,ocn_ALK,87.5,2.65173626464e+18
solar,ocn_ALK,88.5,2.65166638445e+18
solar,ocn_ALK,89.5,2.65159645997e+18
solar,ocn_ALK,90.5,2.65152638173e+18
solar,ocn_ALK,91.5,2.65145623893e+18
solar,ocn_ALK,92.5,2.65138613313e+18
solar,ocn_ALK,93.5,2.65131583605e+18
solar,ocn_ALK,94.5,2.65124545145e+18
solar,ocn_ALK,95.5,2.65117503519e+18
solar,ocn_ALK,96.5,2.65110444202e+18
solar,ocn_ALK,97.5,2.65103373518e+18
solar,ocn_ALK,98.5,2.65096293871e+18
solar,ocn_ALK,99.5,2.65089198295e+18
solar,ocn_ALK,100.5,2.65082103076e+18
solar,ocn_ALK,101.5,2.65050332337e+18
solar,ocn_ALK,102.5,2.64873964921e+18
solar,ocn_ALK,103.5,2.64707588028e+18
solar,ocn_ALK,104.5,2.64690520603e+18
solar,ocn_ALK,105.5,2.64684073112e+18
solar,ocn_ALK,106.5,2.64676326189e+18
solar,ocn_ALK,107.5,2.64669354314e+18
solar,ocn_ALK,108.5,2.64663410265e+18
solar,ocn_ALK,109.5,2.6465826798e+18
solar,ocn_ALK,110.5,2.64653909874e+18
solar,ocn_ALK,111.5,2.64649896016e+18
solar,ocn_ALK,112.5,2.64646287748e+18
solar,ocn_ALK,113.5,2.64643072243e+18
solar,ocn_ALK,114.5,2.64640097747e+18
solar,ocn_ALK,115.5,2.64637283055e+18
solar,ocn_ALK,116.5,2.64634628256e+18
solar,ocn_ALK,117.5,2.64632054085e+18
solar,ocn_ALK,118.5,2.64629502172e+18
solar,ocn_ALK,119.5,2.64626990126e+18
solar,ocn_ALK,120.5,2.6462452796e+18
solar,ocn_ALK,121.5,2.64622107405e+18
solar,ocn_ALK,122.5,2.64619737326e+18
solar,ocn_ALK,123.5,2.64617405307e+18
solar,ocn_ALK,124.5,2.64615072355e+18
solar,ocn_ALK,125.5,2.64612733245e+18
solar,ocn_ALK,126.5,2.64610391725e+18
solar,ocn_ALK,127.5,2.64608031725e+18
solar,ocn_ALK,128.5,2.64605650674e+18
solar,ocn_ALK,129.5,2.64603259666e+18
solar,ocn_ALK,130.5,2.64600878772e+18
solar,ocn_ALK,131.5,2.64598511022e+18
solar,ocn_ALK,132.5,2.64596170112e+18
solar,ocn_ALK,133.5,2.64593829489e+18
solar,ocn_ALK,134.5,2.64591489647e+18
solar,ocn_ALK,135.5,2.64589145052e+18
solar,ocn_ALK,136.5,2.64586785193e+18
solar,ocn_ALK,137.5,2.64584409072e+18
solar,ocn_ALK,138.5,2.64582023802e+18
solar,ocn_ALK,139.5,2.64579624269e+18
solar,ocn_ALK,140.5,2.64577209796e+18
solar,ocn_ALK,141.5,2.64574774658e+18
solar,ocn_ALK,142.5,2.64572322188e+18
solar,ocn_ALK,143.5,2.64569856747e+18
solar,ocn_ALK,144.5,2.64567376873e+18
solar,ocn_ALK,145.5,2.64564884196e+18
solar,ocn_ALK,146.5,2.64562382603e+18
solar,ocn_ALK,147.5,2.64559869639e+18
solar,ocn_ALK,148.5,2.64557345807e+18
solar,ocn_ALK,149.5,2.64554809559e+18
solar,ocn_ALK,150.5,2.64552272406e+18
solar,ocn_ALK,151.5,2.64549727585e+18
solar,ocn_ALK,152.5,2.64547174077e+18
solar,ocn_ALK,153.5,2.64544612674e+18
solar,ocn_ALK,154.5,2.64542046388e+18
solar,ocn_ALK,155.5,2.64539476639e+18
solar,ocn_ALK,156.5,2.64536902221e+18
solar,ocn_ALK,157.5,2.64534318894e+18
solar,ocn_ALK,158.5,2.64531731685e+18
solar,ocn_ALK,159.5,2.64529140714e+18
solar,ocn_ALK,160.5,2.64526539217e+18
solar,ocn_ALK,161.5,2.64523937845e+18
solar,ocn_ALK,162.5,2.64521326399e+18
solar,ocn_ALK,163.5,2.64518715843e+18
solar,ocn_ALK,164.5,2.6451610317e+18
solar,ocn_ALK,165.5,2.6451347054e+18
solar,ocn_ALK,166.5,2.64510844568e+18
solar,ocn_ALK,167.5,2.64508216505e+18
solar,ocn_ALK,168.5,2.64505574326e+18
solar,ocn_ALK,169.5,2.64502938248e+18
solar,ocn_ALK,170.5,2.64500295465e+18
solar,ocn_ALK,171.5,2.64497642805e+18
solar,ocn_ALK,172.5,2.64494974336e+18
solar,ocn_ALK,173.5,2.64492306807e+18
solar,ocn_ALK,174.5,2.64489630466e+18
solar,ocn_ALK,175.5,2.64486947257e+18
solar,ocn_ALK,176.5,2.6448425764e+18
solar,ocn_ALK,177.5,2.64481559298e+18
solar,ocn_ALK,178.5,2.64478846191e+18
solar,ocn_ALK,179.5,2.64476134803e+18
solar,ocn_ALK,180.5,2.64473419513e+18
solar,ocn_ALK,181.5,2.64470692818e+18
solar,ocn_ALK,182.5,2.64467961006e+18
solar,ocn_ALK,183.5,2.64465221862e+18
solar,ocn_ALK,184.5,2.64462474937e+18
solar,ocn_ALK,185.5,2.64459723241e+18
solar,ocn_ALK,186.5,2.644569555e+18
solar,ocn_ALK,187.5,2.64454185433e+18
solar,ocn_ALK,188.5,2.64451406067e+18
solar,ocn_ALK,189.5,2.64448614266e+18
solar,ocn_ALK,190.5,2.64445817661e+18
solar,ocn_ALK,191.5,2.64443018732e+18
solar,ocn_ALK,192.5,2.64440205407e+18
solar,ocn_ALK,193.5,2.644373928e+18
solar,ocn_ALK,194.5,2.64434568555e+18
solar,ocn_ALK,195.5,2.64431733881e+18
solar,ocn_ALK,196.5,2.64428895146e+18
solar,ocn_ALK,197.5,2.64426055389e+18
solar,ocn_ALK,198.5,2.64423198817e+18
solar,ocn_ALK,199.5,2.64420341583e+18
CO2,ocn_temp,0.5,11.141948
CO2,ocn_temp,1.5,11.141935
CO2,ocn_temp,2.5,11.141908
CO2,ocn_temp,3.5,11.14187
CO2,ocn_temp,4.5,11.141826
CO2,ocn_temp,5.5,11.141775
CO2,ocn_temp,6.5,11.14172
CO2,ocn_temp,7.5,11.14166
CO2,ocn_temp,8.5,11.141597
CO2,ocn_temp,9.5,11.141531
CO2,ocn_temp,10.5,11.141462
CO2,ocn_temp,11.5,11.141391
CO2,ocn_temp,12.5,11.141317
CO2,ocn_temp,13.5,11.141241
CO2,ocn_temp,14.5,11.141163
CO2,ocn_temp,15.5,11.141083
CO2,ocn_temp,16.5,11.141002
CO2,ocn_temp,17.5,11.140919
CO2,ocn_temp,18.5,11.140834
CO2,ocn_temp,19.5,11.140749
CO2,ocn_temp,20.5,11.140662
CO2,ocn_temp,21.5,11.140574
CO2,ocn_temp,22.5,11.140485
CO2,ocn_temp,23.5,11.140395
CO2,ocn_temp,24.5,11.140305
CO2,ocn_temp,25.5,11.140213
CO2,ocn_temp,26.5,11.140121
CO2,ocn_temp,27.5,11.140028
CO2,ocn_temp,28.5,11.139934
CO2,ocn_temp,29.5,11.139839
CO2,ocn_temp,30.5,11.139744
CO2,ocn_temp,31.5,11.139649
CO2,ocn_temp,32.5,11.139553
CO2,ocn_temp,33.5,11.139457
CO2,ocn_temp,34.5,11.139361
CO2,ocn_temp,35.5,11.139264
CO2,ocn_temp,36.5,11.139167
CO2,ocn_temp,37.5,11.13907
CO2,ocn_temp,38.5,11.138972
CO2,ocn_temp,39.5,11.138875
CO2,ocn_temp,40.5,11.138777
CO2,ocn_temp,41.5,11.138679
CO2,ocn_temp,42.5,11.138581
CO2,ocn_temp,43.5,11.138484
CO2,ocn_temp,44.5,11.138386
CO2,ocn_temp,45.5,11.138288
CO2,ocn_temp,46.5,11.13819
CO2,ocn_temp,47.5,11.138093
CO2,ocn_temp,48.5,11.137995
CO2,ocn_temp,49.5,11.137898
CO2,ocn_temp,50.5,11.1378
CO2,ocn_temp,51.5,11.137703
CO2,ocn_temp,52.5,11.137606
CO2,ocn_temp,53.5,11.13751
CO2,ocn_temp,54.5,11.137413
CO2,ocn_temp,55.5,11.137317
CO2,ocn_temp,56.5,11.137221
CO2,ocn_temp,57.5,11.137126
CO2,ocn_temp,58.5,11.137031
CO2,ocn_temp,59.5,11.136936
CO2,ocn_temp,60.5,11.136841
CO2,ocn_temp,61.5,11.136747
CO2,ocn_temp,62.5,11.136653
CO2,ocn_temp,63.5,11.13656
CO2,ocn_temp,64.5,11.136467
CO2,ocn_temp,65.5,11.136374
CO2,ocn_temp,66.5,11.136282
CO2,ocn_temp,67.5,11.13619
CO2,ocn_temp,68.5,11.136099
CO2,ocn_temp,69.5,11.136008
CO2,ocn_temp,70.5,11.135918
CO2,ocn_temp,71.5,11.135828
CO2,ocn_temp,72.5,11.135739
CO2,ocn_temp,73.5,11.13565
CO2,ocn_temp,74.5,11.135562
CO2,ocn_temp,75.5,11.135474
CO2,ocn_temp,76.5,11.135387
CO2,ocn_temp,77.5,11.135301
CO2,ocn_temp,78.5,11.135215
CO2,ocn_temp,79.5,11.13513
CO2,ocn_temp,80.5,11.135045
CO2,ocn_temp,81.5,11.134961
CO2,ocn_temp,82.5,11.134877
CO2,ocn_temp,83.5,11.134794
CO2,ocn_temp,84.5,11.134712
CO2,ocn_temp,85.5,11.13463
CO2,ocn_temp,86.5,11.134549
CO2,ocn_temp,87.5,11.134468
CO2,ocn_temp,88.5,11.134388
CO2,ocn_temp,89.5,11.134309
CO2,ocn_temp,90.5,11.13423
CO2,ocn_temp,91.5,11.134152
CO2,ocn_temp,92.5,11.134075
CO2,ocn_temp,93.5,11.133998
CO2,ocn_temp,94.5,11.133923
CO2,ocn_temp,95.5,11.133847
CO2,ocn_temp,96.5,11.133773
CO2,ocn_temp,97.5,11.133699
CO2,ocn_temp,98.5,11.133626
CO2,ocn_temp,99.5,11.133553
CO2,ocn_temp,100.5,11.133966
CO2,ocn_temp,101.5,11.141214
CO2,ocn_temp,102.5,11.150503
CO2,ocn_temp,103.5,11.159022
CO2,ocn_temp,104.5,11.166957
CO2,ocn_temp,105.5,11.174424
CO2,ocn_temp,106.5,11.181498
CO2,ocn_temp,107.5,11.188238
CO2,ocn_temp,108.5,11.194687
CO2,ocn_temp,109.5,11.20088
CO2,ocn_temp,110.5,11.206846
CO2,ocn_temp,111.5,11.212611
CO2,ocn_temp,112.5,11.218195
CO2,ocn_temp,113.5,11.223615
CO2,ocn_temp,114.5,11.228886
CO2,ocn_temp,115.5,11.234022
CO2,ocn_temp,116.5,11.239035
CO2,ocn_temp,117.5,11.243935
CO2,ocn_temp,118.5,11.248732
CO2,ocn_temp,119.5,11.253435
CO2,ocn_temp,120.5,11.25805
CO2,ocn_temp,121.5,11.262583
CO2,ocn_temp,122.5,11.267038
CO2,ocn_temp,123.5,11.271421
CO2,ocn_temp,124.5,11.275736
CO2,ocn_temp,125.5,11.279985
CO2,ocn_temp,126.5,11.284172
CO2,ocn_temp,127.5,11.2883
CO2,ocn_temp,128.5,11.292371
CO2,ocn_temp,129.5,11.296388
CO2,ocn_temp,130.5,11.300351
CO2,ocn_temp,131.5,11.304265
CO2,ocn_temp,132.5,11.308132
CO2,ocn_temp,133.5,11.311954
CO2,ocn_temp,134.5,11.315733
CO2,ocn_temp,135.5,11.31947
CO2,ocn_temp,136.5,11.323167
CO2,ocn_temp,137.5,11.326825
CO2,ocn_temp,138.5,11.330446
CO2,ocn_temp,139.5,11.334031
CO2,ocn_temp,140.5,11.337581
CO2,ocn_temp,141.5,11.341099
CO2,ocn_temp,142.5,11.344589
CO2,ocn_temp,143.5,11.34805
CO2,ocn_temp,144.5,11.351486
CO2,ocn_temp,145.5,11.354903
CO2,ocn_temp,146.5,11.358303
CO2,ocn_temp,147.5,11.361689
CO2,ocn_temp,148.5,11.36506
CO2,ocn_temp,149.5,11.368416
CO2,ocn_temp,150.5,11.371763
CO2,ocn_temp,151.5,11.375103
CO2,ocn_temp,152.5,11.378439
CO2,ocn_temp,153.5,11.38177
CO2,ocn_temp,154.5,11.38509
CO2,ocn_temp,155.5,11.3884
CO2,ocn_temp,156.5,11.391701
CO2,ocn_temp,157.5,11.394994
CO2,ocn_temp,158.5,11.398281
CO2,ocn_temp,159.5,11.40156
CO2,ocn_temp,160.5,11.404826
CO2,ocn_temp,161.5,11.408079
CO2,ocn_temp,162.5,11.41132
CO2,ocn_temp,163.5,11.414549
CO2,ocn_temp,164.5,11.41777
CO2,ocn_temp,165.5,11.420981
CO2,ocn_temp,166.5,11.424178
CO2,ocn_temp,167.5,11.427363
CO2,ocn_temp,168.5,11.430534
CO2,ocn_temp,169.5,11.433692
CO2,ocn_temp,170.5,11.43684
CO2,ocn_temp,171.5,11.439978
CO2,ocn_temp,172.5,11.443102
CO2,ocn_temp,173.5,11.446214
CO2,ocn_temp,174.5,11.449312
CO2,ocn_temp,175.5,11.452397
CO2,ocn_temp,176.5,11.455471
CO2,ocn_temp,177.5,11.458536
CO2,ocn_temp,178.5,11.461587
CO2,ocn_temp,179.5,11.464628
CO2,ocn_temp,180.5,11.467657
CO2,ocn_temp,181.5,11.470673
CO2,ocn_temp,182.5,11.473679
CO2,ocn_temp,183.5,11.476674
CO2,ocn_temp,184.5,11.479656
CO2,ocn_temp,185.5,11.482628
CO2,ocn_temp,186.5,11.485587
CO2,ocn_temp,187.5,11.488533
CO2,ocn_temp,188.5,11.491467
CO2,ocn_temp,189.5,11.494391
CO2,ocn_temp,190.5,11.497302
CO2,ocn_temp,191.5,11.500203
CO2,ocn_temp,192.5,11.503093
CO2,ocn_temp,193.5,11.505969
CO2,ocn_temp,194.5,11.508835
CO2,ocn_temp,195.5,11.511689
CO2,ocn_temp,196.5,11.514531
CO2,ocn_temp,197.5,11.517363
CO2,ocn_temp,198.5,11.520183
CO2,ocn_temp,199.5,11.522991
CO2,surpH,0.5,7.754756
CO2,surpH,1.5,7.756258
CO2,surpH,2.5,7.754994
CO2,surpH,3.5,7.754256
CO2,surpH,4.5,7.753779
CO2,surpH,5.5,7.753426
CO2,surpH,6.5,7.753139
CO2,surpH,7.5,7.752894
CO2,surpH,8.5,7.752676
CO2,surpH,9.5,7.752474
CO2,surpH,10.5,7.752298
CO2,surpH,11.5,7.752131
CO2,surpH,12.5,7.751974
CO2,surpH,13.5,7.751825
CO2,surpH,14.5,7.751684
CO2,surpH,15.5,7.751547
CO2,surpH,16.5,7.751417
CO2,surpH,17.5,7.751292
CO2,surpH,18.5,7.751169
CO2,surpH,19.5,7.751051
CO2,surpH,20.5,7.750935
CO2,surpH,21.5,7.750821
CO2,surpH,22.5,7.750709
CO2,surpH,23.5,7.750599
CO2,surpH,24.5,7.750491
CO2,surpH,25.5,7.750383
CO2,surpH,26.5,7.750278
CO2,surpH,27.5,7.750173
CO2,surpH,28.5,7.750068
CO2,surpH,29.5,7.749965
CO2,surpH,30.5,7.749863
CO2,surpH,31.5,7.749761
CO2,surpH,32.5,7.749659
CO2,surpH,33.5,7.749557
CO2,surpH,34.5,7.749456
CO2,surpH,35.5,7.749355
CO2,surpH,36.5,7.749254
CO2,surpH,37.5,7.749153
CO2,surpH,38.5,7.749053
CO2,surpH,39.5,7.748953
CO2,surpH,40.5,7.748852
CO2,surpH,41.5,7.748751
CO2,surpH,42.5,7.748652
CO2,surpH,43.5,7.74855
CO2,surpH,44.5,7.748448
CO2,surpH,45.5,7.748349
CO2,surpH,46.5,7.748248
CO2,surpH,47.5,7.748147
CO2,surpH,48.5,7.748046
CO2,surpH,49.5,7.747943
CO2,surpH,50.5,7.747843
CO2,surpH,51.5,7.747743
CO2,surpH,52.5,7.747642
CO2,surpH,53.5,7.74754
CO2,surpH,54.5,7.747439
CO2,surpH,55.5,7.747335
CO2,surpH,56.5,7.747234
CO2,surpH,57.5,7.747132
CO2,surpH,58.5,7.747028
CO2,surpH,59.5,7.746926
CO2,surpH,60.5,7.746824
CO2,surpH,61.5,7.746721
CO2,surpH,62.5,7.746618
CO2,surpH,63.5,7.746513
CO2,surpH,64.5,7.74641
CO2,surpH,65.5,7.746307
CO2,surpH,66.5,7.746202
CO2,surpH,67.5,7.746099
CO2,surpH,68.5,7.745993
CO2,surpH,69.5,7.745889
CO2,surpH,70.5,7.745785
CO2,surpH,71.5,7.74568
CO2,surpH,72.5,7.745575
CO2,surpH,73.5,7.745468
CO2,surpH,74.5,7.745363
CO2,surpH,75.5,7.745258
CO2,surpH,76.5,7.745152
CO2,surpH,77.5,7.745046
CO2,surpH,78.5,7.744939
CO2,surpH,79.5,7.744832
CO2,surpH,80.5,7.744726
CO2,surpH,81.5,7.74462
CO2,surpH,82.5,7.744512
CO2,surpH,83.5,7.744404
CO2,surpH,84.5,7.744298
CO2,surpH,85.5,7.74419
CO2,surpH,86.5,7.744082
CO2,surpH,87.5,7.743973
CO2,surpH,88.5,7.743865
CO2,surpH,89.5,7.743758
CO2,surpH,90.5,7.743648
CO2,surpH,91.5,7.743539
CO2,surpH,92.5,7.74343
CO2,surpH,93.5,7.743322
CO2,surpH,94.5,7.743212
CO2,surpH,95.5,7.743102
CO2,surpH,96.5,7.742992
CO2,surpH,97.5,7.742882
CO2,surpH,98.5,7.742773
CO2,surpH,99.5,7.742659
CO2,surpH,100.5,7.696654
CO2,surpH,101.5,7.493927
CO2,surpH,102.5,7.484752
CO2,surpH,103.5,7.483842
CO2,surpH,104.5,7.483491
CO2,surpH,105.5,7.48335
CO2,surpH,106.5,7.483311
CO2,surpH,107.5,7.483339
CO2,surpH,108.5,7.483409
CO2,surpH,109.5,7.483505
CO2,surpH,110.5,7.483619
CO2,surpH,111.5,7.483744
CO2,surpH,112.5,7.48388
CO2,surpH,113.5,7.484022
CO2,surpH,114.5,7.484161
CO2,surpH,115.5,7.484306
CO2,surpH,116.5,7.484451
CO2,surpH,117.5,7.484592
CO2,surpH,118.5,7.484732
CO2,surpH,119.5,7.484872
CO2,surpH,120.5,7.485013
CO2,surpH,121.5,7.485142
CO2,surpH,122.5,7.485274
CO2,surpH,123.5,7.485403
CO2,surpH,124.5,7.485527
CO2,surpH,125.5,7.48565
CO2,surpH,126.5,7.485769
CO2,surpH,127.5,7.485887
CO2,surpH,128.5,7.486002
CO2,surpH,129.5,7.486115
CO2,surpH,130.5,7.486225
CO2,surpH,131.5,7.486332
CO2,surpH,132.5,7.486439
CO2,surpH,133.5,7.486537
CO2,surpH,134.5,7.486637
CO2,surpH,135.5,7.486734
CO2,surpH,136.5,7.486828
CO2,surpH,137.5,7.486922
CO2,surpH,138.5,7.487015
CO2,surpH,139.5,7.487106
CO2,surpH,140.5,7.487198
CO2,surpH,141.5,7.487289
CO2,surpH,142.5,7.487379
CO2,surpH,143.5,7.487465
CO2,surpH,144.5,7.487551
CO2,surpH,145.5,7.48764
CO2,surpH,146.5,7.487728
CO2,surpH,147.5,7.487812
CO2,surpH,148.5,7.487903
CO2,surpH,149.5,7.487985
CO2,surpH,150.5,7.488069
CO2,surpH,151.5,7.488155
CO2,surpH,152.5,7.488237
CO2,surpH,153.5,7.488322
CO2,surpH,154.5,7.488406
CO2,surpH,155.5,7.488483
CO2,surpH,156.5,7.488563
CO2,surpH,157.5,7.488643
CO2,surpH,158.5,7.48872
CO2,surpH,159.5,7.4888
CO2,surpH,160.5,7.488874
CO2,surpH,161.5,7.488942
CO2,surpH,162.5,7.489016
CO2,surpH,163.5,7.489088
CO2,surpH,164.5,7.489157
CO2,surpH,165.5,7.489233
CO2,surpH,166.5,7.489299
CO2,surpH,167.5,7.489359
CO2,surpH,168.5,7.48943
CO2,surpH,169.5,7.489496
CO2,surpH,170.5,7.48956
CO2,surpH,171.5,7.489627
CO2,surpH,172.5,7.489692
CO2,surpH,173.5,7.489749
CO2,surpH,174.5,7.489816
CO2,surpH,175.5,7.489876
CO2,surpH,176.5,7.489932
CO2,surpH,177.5,7.489998
CO2,surpH,178.5,7.490056
CO2,surpH,179.5,7.490108
CO2,surpH,180.5,7.49017
CO2,surpH,181.5,7.490224
CO2,surpH,182.5,7.490278
CO2,surpH,183.5,7.49034
CO2,surpH,184.5,7.490393
CO2,surpH,185.5,7.490443
CO2,surpH,186.5,7.490501
CO2,surpH,187.5,7.490553
CO2,surpH,188.5,7.490602
CO2,surpH,189.5,7.490659
CO2,surpH,190.5,7.490711
CO2,surpH,191.5,7.490754
CO2,surpH,192.5,7.490809
CO2,surpH,193.5,7.490857
CO2,surpH,194.5,7.490902
CO2,surpH,195.5,7.490955
CO2,surpH,196.5,7.491003
CO2,surpH,197.5,7.491046
CO2,surpH,198.5,7.491094
CO2,surpH,199.5,7.491142
CO2,fexport_POC,0.5,817888100000000.0
CO2,fexport_POC,1.5,742761200000000.0
CO2,fexport_POC,2.5,733963400000000.0
CO2,fexport_POC,3.5,728394300000000.0
CO2,fexport_POC,4.5,724736600000000.0
CO2,fexport_POC,5.5,722180300000000.0
CO2,fexport_POC,6.5,720287000000000.0
CO2,fexport_POC,7.5,718818200000000.0
CO2,fexport_POC,8.5,717638600000000.0
CO2,fexport_POC,9.5,716668700000000.0
CO2,fexport_POC,10.5,715859400000000.0
CO2,fexport_POC,11.5,715172700000000.0
CO2,fexport_POC,12.5,714584800000000.0
CO2,fexport_POC,13.5,714078300000000.0
CO2,fexport_POC,14.5,713636000000000.0
CO2,fexport_POC,15.5,713250000000000.0
CO2,fexport_POC,16.5,712911600000000.0
CO2,fexport_POC,17.5,712611300000000.0
CO2,fexport_POC,18.5,712343200000000.0
CO2,fexport_POC,19.5,712105900000000.0
CO2,fexport_POC,20.5,711891400000000.0
CO2,fexport_POC,21.5,711699200000000.0
CO2,fexport_POC,22.5,711524400000000.0
CO2,fexport_POC,23.5,711368500000000.0
CO2,fexport_POC,24.5,711225200000000.0
CO2,fexport_POC,25.5,711094500000000.0
CO2,fexport_POC,26.5,710977800000000.0
CO2,fexport_POC,27.5,710869300000000.0
CO2,fexport_POC,28.5,710769800000000.0
CO2,fexport_POC,29.5,710680400000000.0
CO2,fexport_POC,30.5,710598700000000.0
CO2,fexport_POC,31.5,710522000000000.0
CO2,fexport_POC,32.5,710452000000000.0
CO2,fexport_POC,33.5,710387700000000.0
CO2,fexport_POC,34.5,710328300000000.0
CO2,fexport_POC,35.5,710273800000000.0
CO2,fexport_POC,36.5,710223400000000.0
CO2,fexport_POC,37.5,710176500000000.0
CO2,fexport_POC,38.5,710135200000000.0
CO2,fexport_POC,39.5,710095000000000.0
CO2,fexport_POC,40.5,710057200000000.0
CO2,fexport_POC,41.5,710024800000000.0
CO2,fexport_POC,42.5,709994500000000.0
CO2,fexport_POC,43.5,709964900000000.0
CO2,fexport_POC,44.5,709938800000000.0
CO2,fexport_POC,45.5,709915700000000.0
CO2,fexport_POC,46.5,709892500000000.0
CO2,fexport_POC,47.5,709870800000000.0
CO2,fexport_POC,48.5,709853300000000.0
CO2,fexport_POC,49.5,709835800000000.0
CO2,fexport_POC,50.5,709819000000000.0
CO2,fexport_POC,51.5,709805500000000.0
CO2,fexport_POC,52.5,709791900000000.0
CO2,fexport_POC,53.5,709779400000000.0
CO2,fexport_POC,54.5,709768100000000.0
CO2,fexport_POC,55.5,709757500000000.0
CO2,fexport_POC,56.5,709749700000000.0
CO2,fexport_POC,57.5,709741100000000.0
CO2,fexport_POC,58.5,709732900000000.0
CO2,fexport_POC,59.5,709728000000000.0
CO2,fexport_POC,60.5,709723000000000.0
CO2,fexport_POC,61.5,709717800000000.0
CO2,fexport_POC,62.5,709713300000000.0
CO2,fexport_POC,63.5,709708700000000.0
CO2,fexport_POC,64.5,709707100000000.0
CO2,fexport_POC,65.5,709705300000000.0
CO2,fexport_POC,66.5,709703200000000.0
CO2,fexport_POC,67.5,709701600000000.0
CO2,fexport_POC,68.5,709699500000000.0
CO2,fexport_POC,69.5,709700600000000.0
CO2,fexport_POC,70.5,709701100000000.0
CO2,fexport_POC,71.5,709701200000000.0
CO2,fexport_POC,72.5,709701800000000.0
CO2,fexport_POC,73.5,709702000000000.0
CO2,fexport_POC,74.5,709704700000000.0
CO2,fexport_POC,75.5,709706700000000.0
CO2,fexport_POC,76.5,709708400000000.0
CO2,fexport_POC,77.5,709710500000000.0
CO2,fexport_POC,78.5,709712000000000.0
CO2,fexport_POC,79.5,709716300000000.0
CO2,fexport_POC,80.5,709720300000000.0
CO2,fexport_POC,81.5,709723200000000.0
CO2,fexport_POC,82.5,709725700000000.0
CO2,fexport_POC,83.5,709730900000000.0
CO2,fexport_POC,84.5,709735500000000.0
CO2,fexport_POC,85.5,709739400000000.0
CO2,fexport_POC,86.5,709743500000000.0
CO2,fexport_POC,87.5,709747300000000.0
CO2,fexport_POC,88.5,709753400000000.0
CO2,fexport_POC,89.5,709757700000000.0
CO2,fexport_POC,90.5,709760700000000.0
CO2,fexport_POC,91.5,709766900000000.0
CO2,fexport_POC,92.5,709772800000000.0
CO2,fexport_POC,93.5,709778700000000.0
CO2,fexport_POC,94.5,709783400000000.0
CO2,fexport_POC,95.5,709787300000000.0
CO2,fexport_POC,96.5,709794000000000.0
CO2,fexport_POC,97.5,709800200000000.0
CO2,fexport_POC,98.5,709805700000000.0
CO2,fexport_POC,99.5,709810500000000.0
CO2,fexport_POC,100.5,710413100000000.0
CO2,fexport_POC,101.5,704627000000000.0
CO2,fexport_POC,102.5,697314000000000.0
CO2,fexport_POC,103.5,693570100000000.0
CO2,fexport_POC,104.5,691066700000000.0
CO2,fexport_POC,105.5,689019300000000.0
CO2,fexport_POC,106.5,687196700000000.0
CO2,fexport_POC,107.5,685552200000000.0
CO2,fexport_POC,108.5,684017100000000.0
CO2,fexport_POC,109.5,682568400000000.0
CO2,fexport_POC,110.5,681169800000000.0
CO2,fexport_POC,111.5,679998800000000.0
CO2,fexport_POC,112.5,678708400000000.0
CO2,fexport_POC,113.5,677501700000000.0
CO2,fexport_POC,114.5,676306100000000.0
CO2,fexport_POC,115.5,675173200000000.0
CO2,fexport_POC,116.5,674067700000000.0
CO2,fexport_POC,117.5,672941600000000.0
CO2,fexport_POC,118.5,672012000000000.0
CO2,fexport_POC,119.5,671067800000000.0
CO2,fexport_POC,120.5,670075900000000.0
CO2,fexport_POC,121.5,669163000000000.0
CO2,fexport_POC,122.5,668318600000000.0
CO2,fexport_POC,123.5,667498500000000.0
CO2,fexport_POC,124.5,666669900000000.0
CO2,fexport_POC,125.5,665871900000000.0
CO2,fexport_POC,126.5,665206200000000.0
CO2,fexport_POC,127.5,664542800000000.0
CO2,fexport_POC,128.5,663908100000000.0
CO2,fexport_POC,129.5,663269400000000.0
CO2,fexport_POC,130.5,662737600000000.0
CO2,fexport_POC,131.5,662233000000000.0
CO2,fexport_POC,132.5,661700100000000.0
CO2,fexport_POC,133.5,661186300000000.0
CO2,fexport_POC,134.5,660709400000000.0
CO2,fexport_POC,135.5,660258700000000.0
CO2,fexport_POC,136.5,659894900000000.0
CO2,fexport_POC,137.5,659504100000000.0
CO2,fexport_POC,138.5,659128000000000.0
CO2,fexport_POC,139.5,658812600000000.0
CO2,fexport_POC,140.5,658511800000000.0
CO2,fexport_POC,141.5,658323600000000.0
CO2,fexport_POC,142.5,658161800000000.0
CO2,fexport_POC,143.5,657955600000000.0
CO2,fexport_POC,144.5,657951400000000.0
CO2,fexport_POC,145.5,657975400000000.0
CO2,fexport_POC,146.5,658114100000000.0
CO2,fexport_POC,147.5,658312700000000.0
CO2,fexport_POC,148.5,658480700000000.0
CO2,fexport_POC,149.5,658615700000000.0
CO2,fexport_POC,150.5,658873800000000.0
CO2,fexport_POC,151.5,659142300000000.0
CO2,fexport_POC,152.5,659444300000000.0
CO2,fexport_POC,153.5,659801000000000.0
CO2,fexport_POC,154.5,660053400000000.0
CO2,fexport_POC,155.5,660179100000000.0
CO2,fexport_POC,156.5,660425000000000.0
CO2,fexport_POC,157.5,660653800000000.0
CO2,fexport_POC,158.5,660791700000000.0
CO2,fexport_POC,159.5,661033600000000.0
CO2,fexport_POC,160.5,661123500000000.0
CO2,fexport_POC,161.5,661085200000000.0
CO2,fexport_POC,162.5,661197800000000.0
CO2,fexport_POC,163.5,661351100000000.0
CO2,fexport_POC,164.5,661466300000000.0
CO2,fexport_POC,165.5,661611800000000.0
CO2,fexport_POC,166.5,661692900000000.0
CO2,fexport_POC,167.5,661626300000000.0
CO2,fexport_POC,168.5,661693100000000.0
CO2,fexport_POC,169.5,661830300000000.0
CO2,fexport_POC,170.5,661864900000000.0
CO2,fexport_POC,171.5,662007900000000.0
CO2,fexport_POC,172.5,662164300000000.0
CO2,fexport_POC,173.5,662065700000000.0
CO2,fexport_POC,174.5,662104600000000.0
CO2,fexport_POC,175.5,662249600000000.0
CO2,fexport_POC,176.5,662231500000000.0
CO2,fexport_POC,177.5,662334400000000.0
CO2,fexport_POC,178.5,662507700000000.0
CO2,fexport_POC,179.5,662413100000000.0
CO2,fexport_POC,180.5,662472200000000.0
CO2,fexport_POC,181.5,662626100000000.0
CO2,fexport_POC,182.5,662592000000000.0
CO2,fexport_POC,183.5,662685600000000.0
CO2,fexport_POC,184.5,662822000000000.0
CO2,fexport_POC,185.5,662716600000000.0
CO2,fexport_POC,186.5,662750300000000.0
CO2,fexport_POC,187.5,662851400000000.0
CO2,fexport_POC,188.5,662792200000000.0
CO2,fexport_POC,189.5,662887400000000.0
CO2,fexport_POC,190.5,662999700000000.0
CO2,fexport_POC,191.5,662951100000000.0
CO2,fexport_POC,192.5,662995500000000.0
CO2,fexport_POC,193.5,663096800000000.0
CO2,fexport_POC,194.5,663010800000000.0
CO2,fexport_POC,195.5,663099200000000.0
CO2,fexport_POC,196.5,663235800000000.0
CO2,fexport_POC,197.5,663143900000000.0
CO2,fexport_POC,198.5,663223400000000.0
CO2,fexport_POC,199.5,663358200000000.0
CO2,ocn_O2,0.5,1.66617406761e+17
CO2,ocn_O2,1.5,1.66386425891e+17
CO2,ocn_O2,2.5,1.66167781476e+17
CO2,ocn_O2,3.5,1.6597692576e+17
CO2,ocn_O2,4.5,1.6580424913e+17
CO2,ocn_O2,5.5,1.65645732428e+17
CO2,ocn_O2,6.5,1.65497911179e+17
CO2,ocn_O2,7.5,1.65358370971e+17
CO2,ocn_O2,8.5,1.65225314457e+17
CO2,ocn_O2,9.5,1.65097737499e+17
CO2,ocn_O2,10.5,1.64974650431e+17
CO2,ocn_O2,11.5,1.64855282697e+17
CO2,ocn_O2,12.5,1.64739132209e+17
CO2,ocn_O2,13.5,1.64625920521e+17
CO2,ocn_O2,14.5,1.64515434423e+17
CO2,ocn_O2,15.5,1.64407401109e+17
CO2,ocn_O2,16.5,1.64301557254e+17
CO2,ocn_O2,17.5,1.64197691989e+17
CO2,ocn_O2,18.5,1.64095739415e+17
CO2,ocn_O2,19.5,1.63995611508e+17
CO2,ocn_O2,20.5,1.63897115902e+17
CO2,ocn_O2,21.5,1.6380013421e+17
CO2,ocn_O2,22.5,1.63704646145e+17
CO2,ocn_O2,23.5,1.63610589103e+17
CO2,ocn_O2,24.5,1.63517794e+17
CO2,ocn_O2,25.5,1.63426256039e+17
CO2,ocn_O2,26.5,1.63335951033e+17
CO2,ocn_O2,27.5,1.63246798966e+17
CO2,ocn_O2,28.5,1.63158796397e+17
CO2,ocn_O2,29.5,1.63071968512e+17
CO2,ocn_O2,30.5,1.62986214498e+17
CO2,ocn_O2,31.5,1.62901483532e+17
CO2,ocn_O2,32.5,1.62817814927e+17
CO2,ocn_O2,33.5,1.62735197049e+17
CO2,ocn_O2,34.5,1.6265360056e+17
CO2,ocn_O2,35.5,1.62572973843e+17
CO2,ocn_O2,36.5,1.62493321945e+17
CO2,ocn_O2,37.5,1.6241462099e+17
CO2,ocn_O2,38.5,1.62336843825e+17
CO2,ocn_O2,39.5,1.62259928447e+17
CO2,ocn_O2,40.5,1.62183912245e+17
CO2,ocn_O2,41.5,1.62108716256e+17
CO2,ocn_O2,42.5,1.62034254267e+17
CO2,ocn_O2,43.5,1.61960579721e+17
CO2,ocn_O2,44.5,1.61887844584e+17
CO2,ocn_O2,45.5,1.61815830573e+17
CO2,ocn_O2,46.5,1.61744501911e+17
CO2,ocn_O2,47.5,1.61673930393e+17
CO2,ocn_O2,48.5,1.61604164374e+17
CO2,ocn_O2,49.5,1.61535038119e+17
CO2,ocn_O2,50.5,1.61466554175e+17
CO2,ocn_O2,51.5,1.61398718508e+17
CO2,ocn_O2,52.5,1.61331493543e+17
CO2,ocn_O2,53.5,1.61264938823e+17
CO2,ocn_O2,54.5,1.6119899116e+17
CO2,ocn_O2,55.5,1.61133728643e+17
CO2,ocn_O2,56.5,1.61069137221e+17
CO2,ocn_O2,57.5,1.61005061035e+17
CO2,ocn_O2,58.5,1.60941562474e+17
CO2,ocn_O2,59.5,1.60878658765e+17
CO2,ocn_O2,60.5,1.60816226751e+17
CO2,ocn_O2,61.5,1.60754262537e+17
CO2,ocn_O2,62.5,1.60692835764e+17
CO2,ocn_O2,63.5,1.60632012508e+17
CO2,ocn_O2,64.5,1.60571787224e+17
CO2,ocn_O2,65.5,1.60512011837e+17
CO2,ocn_O2,66.5,1.60452708341e+17
CO2,ocn_O2,67.5,1.60393885441e+17
CO2,ocn_O2,68.5,1.60335542674e+17
CO2,ocn_O2,69.5,1.6027769187e+17
CO2,ocn_O2,70.5,1.60220253128e+17
CO2,ocn_O2,71.5,1.60163244971e+17
CO2,ocn_O2,72.5,1.60106694768e+17
CO2,ocn_O2,73.5,1.60050606866e+17
CO2,ocn_O2,74.5,1.59994976145e+17
CO2,ocn_O2,75.5,1.59939695246e+17
CO2,ocn_O2,76.5,1.59884824048e+17
CO2,ocn_O2,77.5,1.59830361795e+17
CO2,ocn_O2,78.5,1.59776309895e+17
CO2,ocn_O2,79.5,1.59722706258e+17
CO2,ocn_O2,80.5,1.59669489786e+17
CO2,ocn_O2,81.5,1.59616604218e+17
CO2,ocn_O2,82.5,1.59564110676e+17
CO2,ocn_O2,83.5,1.59512051593e+17
CO2,ocn_O2,84.5,1.59460333573e+17
CO2,ocn_O2,85.5,1.59408939571e+17
CO2,ocn_O2,86.5,1.59357899151e+17
CO2,ocn_O2,87.5,1.59307249903e+17
CO2,ocn_O2,88.5,1.59256996878e+17
CO2,ocn_O2,89.5,1.59207029665e+17
CO2,ocn_O2,90.5,1.59157416363e+17
CO2,ocn_O2,91.5,1.59108204026e+17
CO2,ocn_O2,92.5,1.59059322589e+17
CO2,ocn_O2,93.5,1.59010729298e+17
CO2,ocn_O2,94.5,1.5896238831e+17
CO2,ocn_O2,95.5,1.58914360913e+17
CO2,ocn_O2,96.5,1.58866664255e+17
CO2,ocn_O2,97.5,1.58819244588e+17
CO2,ocn_O2,98.5,1.58772051067e+17
CO2,ocn_O2,99.5,1.58725161278e+17
CO2,ocn_O2,100.5,1.58675744701e+17
CO2,ocn_O2,101.5,1.58551639636e+17
CO2,ocn_O2,102.5,1.58368646258e+17
CO2,ocn_O2,103.5,1.58193959698e+17
CO2,ocn_O2,104.5,1.58031568686e+17
CO2,ocn_O2,105.5,1.57875993176e+17
CO2,ocn_O2,106.5,1.57726264873e+17
CO2,ocn_O2,107.5,1.57581569118e+17
CO2,ocn_O2,108.5,1.57441791606e+17
CO2,ocn_O2,109.5,1.57305097434e+17
CO2,ocn_O2,110.5,1.57170810844e+17
CO2,ocn_O2,111.5,1.57038133901e+17
CO2,ocn_O2,112.5,1.56906657256e+17
CO2,ocn_O2,113.5,1.56775856716e+17
CO2,ocn_O2,114.5,1.56645933332e+17
CO2,ocn_O2,115.5,1.5651777172e+17
CO2,ocn_O2,116.5,1.56389883215e+17
CO2,ocn_O2,117.5,1.56262341936e+17
CO2,ocn_O2,118.5,1.56135862994e+17
CO2,ocn_O2,119.5,1.5600963946e+17
CO2,ocn_O2,120.5,1.55883335396e+17
CO2,ocn_O2,121.5,1.55756927963e+17
CO2,ocn_O2,122.5,1.55631001495e+17
CO2,ocn_O2,123.5,1.55505299329e+17
CO2,ocn_O2,124.5,1.55379511783e+17
CO2,ocn_O2,125.5,1.55253395798e+17
CO2,ocn_O2,126.5,1.55127376257e+17
CO2,ocn_O2,127.5,1.55001127141e+17
CO2,ocn_O2,128.5,1.54874755294e+17
CO2,ocn_O2,129.5,1.54748102137e+17
CO2,ocn_O2,130.5,1.54621595166e+17
CO2,ocn_O2,131.5,1.54495047649e+17
CO2,ocn_O2,132.5,1.54368276312e+17
CO2,ocn_O2,133.5,1.54241295638e+17
CO2,ocn_O2,134.5,1.54114437118e+17
CO2,ocn_O2,135.5,1.53987399105e+17
CO2,ocn_O2,136.5,1.53860494403e+17
CO2,ocn_O2,137.5,1.53733805022e+17
CO2,ocn_O2,138.5,1.5360683501e+17
CO2,ocn_O2,139.5,1.53479904208e+17
CO2,ocn_O2,140.5,1.53352551853e+17
CO2,ocn_O2,141.5,1.53224811608e+17
CO2,ocn_O2,142.5,1.53097020313e+17
CO2,ocn_O2,143.5,1.52968402305e+17
CO2,ocn_O2,144.5,1.52840035488e+17
CO2,ocn_O2,145.5,1.52711413831e+17
CO2,ocn_O2,146.5,1.52582124127e+17
CO2,ocn_O2,147.5,1.52452506991e+17
CO2,ocn_O2,148.5,1.52321960683e+17
CO2,ocn_O2,149.5,1.5219074703e+17
CO2,ocn_O2,150.5,1.5205984362e+17
CO2,ocn_O2,151.5,1.51928020943e+17
CO2,ocn_O2,152.5,1.51795803033e+17
CO2,ocn_O2,153.5,1.51663068211e+17
CO2,ocn_O2,154.5,1.51529216639e+17
CO2,ocn_O2,155.5,1.51395534541e+17
CO2,ocn_O2,156.5,1.51261732455e+17
CO2,ocn_O2,157.5,1.51127287885e+17
CO2,ocn_O2,158.5,1.50992740341e+17
CO2,ocn_O2,159.5,1.50857508529e+17
CO2,ocn_O2,160.5,1.50721345288e+17
CO2,ocn_O2,161.5,1.5058556031e+17
CO2,ocn_O2,162.5,1.50450289153e+17
CO2,ocn_O2,163.5,1.50314587112e+17
CO2,ocn_O2,164.5,1.50179375104e+17
CO2,ocn_O2,165.5,1.50043540509e+17
CO2,ocn_O2,166.5,1.49907026529e+17
CO2,ocn_O2,167.5,1.49771482559e+17
CO2,ocn_O2,168.5,1.49635773125e+17
CO2,ocn_O2,169.5,1.49499479152e+17
CO2,ocn_O2,170.5,1.49363445735e+17
CO2,ocn_O2,171.5,1.49227206839e+17
CO2,ocn_O2,172.5,1.49090568331e+17
CO2,ocn_O2,173.5,1.48954263136e+17
CO2,ocn_O2,174.5,1.48817860615e+17
CO2,ocn_O2,175.5,1.48681352382e+17
CO2,ocn_O2,176.5,1.48545521914e+17
CO2,ocn_O2,177.5,1.48409497104e+17
CO2,ocn_O2,178.5,1.48273108799e+17
CO2,ocn_O2,179.5,1.48137525925e+17
CO2,ocn_O2,180.5,1.48001955509e+17
CO2,ocn_O2,181.5,1.47866502457e+17
CO2,ocn_O2,182.5,1.47731876698e+17
CO2,ocn_O2,183.5,1.47597132223e+17
CO2,ocn_O2,184.5,1.47462208084e+17
CO2,ocn_O2,185.5,1.47328299633e+17
CO2,ocn_O2,186.5,1.47194417097e+17
CO2,ocn_O2,187.5,1.47060311662e+17
CO2,ocn_O2,188.5,1.46927082257e+17
CO2,ocn_O2,189.5,1.4679394276e+17
CO2,ocn_O2,190.5,1.46660233408e+17
CO2,ocn_O2,191.5,1.46527857929e+17
CO2,ocn_O2,192.5,1.46395477983e+17
CO2,ocn_O2,193.5,1.46262642319e+17
CO2,ocn_O2,194.5,1.46130626594e+17
CO2,ocn_O2,195.5,1.45998594609e+17
CO2,ocn_O2,196.5,1.45866081957e+17
CO2,ocn_O2,197.5,1.45734335432e+17
CO2,ocn_O2,198.5,1.45602951061e+17
CO2,ocn_O2,199.5,1.45471377152e+17
CO2,ocn_ALK,0.5,2.65733527103e+18
CO2,ocn_ALK,1.5,2.65726295985e+18
CO2,ocn_ALK,2.5,2.65720655851e+18
CO2,ocn_ALK,3.5,2.65714832922e+18
CO2,ocn_ALK,4.5,2.65709073584e+18
CO2,ocn_ALK,5.5,2.65703355009e+18
CO2,ocn_ALK,6.5,2.65697652311e+18
CO2,ocn_ALK,7.5,2.65691958594e+18
CO2,ocn_ALK,8.5,2.65686262154e+18
CO2,ocn_ALK,9.5,2.65680566906e+18
CO2,ocn_ALK,10.5,2.65674852784e+18
CO2,ocn_ALK,11.5,2.65669106542e+18
CO2,ocn_ALK,12.5,2.65663326319e+18
CO2,ocn_ALK,13.5,2.6565751817e+18
CO2,ocn_ALK,14.5,2.65651687539e+18
CO2,ocn_ALK,15.5,2.65645826852e+18
CO2,ocn_ALK,16.5,2.65639928441e+18
CO2,ocn_ALK,17.5,2.65633997337e+18
CO2,ocn_ALK,18.5,2.65628038585e+18
CO2,ocn_ALK,19.5,2.6562205304e+18
CO2,ocn_ALK,20.5,2.65616035935e+18
CO2,ocn_ALK,21.5,2.65609981493e+18
CO2,ocn_ALK,22.5,2.65603889016e+18
CO2,ocn_ALK,23.5,2.65597763263e+18
CO2,ocn_ALK,24.5,2.65591604538e+18
CO2,ocn_ALK,25.5,2.65585414194e+18
CO2,ocn_ALK,26.5,2.6557919342e+18
CO2,ocn_ALK,27.5,2.65572942139e+18
CO2,ocn_ALK,28.5,2.65566665128e+18
CO2,ocn_ALK,29.5,2.65560366815e+18
CO2,ocn_ALK,30.5,2.65554047626e+18
CO2,ocn_ALK,31.5,2.65547706729e+18
CO2,ocn_ALK,32.5,2.65541349457e+18
CO2,ocn_ALK,33.5,2.65534974707e+18
CO2,ocn_ALK,34.5,2.65528581474e+18
CO2,ocn_ALK,35.5,2.65522169439e+18
CO2,ocn_ALK,36.5,2.65515743865e+18
CO2,ocn_ALK,37.5,2.65509302222e+18
CO2,ocn_ALK,38.5,2.65502843675e+18
CO2,ocn_ALK,39.5,2.65496372663e+18
CO2,ocn_ALK,40.5,2.65489891318e+18
CO2,ocn_ALK,41.5,2.65483387696e+18
CO2,ocn_ALK,42.5,2.65476863316e+18
CO2,ocn_ALK,43.5,2.65470327666e+18
CO2,ocn_ALK,44.5,2.65463781159e+18
CO2,ocn_ALK,45.5,2.6545721677e+18
CO2,ocn_ALK,46.5,2.65450634465e+18
CO2,ocn_ALK,47.5,2.65444040733e+18
CO2,ocn_ALK,48.5,2.654374423e+18
CO2,ocn_ALK,49.5,2.65430826704e+18
CO2,ocn_ALK,50.5,2.65424193602e+18
CO2,ocn_ALK,51.5,2.65417545293e+18
CO2,ocn_ALK,52.5,2.65410885647e+18
CO2,ocn_ALK,53.5,2.65404214894e+18
CO2,ocn_ALK,54.5,2.65397530615e+18
CO2,ocn_ALK,55.5,2.65390820016e+18
CO2,ocn_ALK,56.5,2.65384099575e+18
CO2,ocn_ALK,57.5,2.65377364689e+18
CO2,ocn_ALK,58.5,2.65370627131e+18
CO2,ocn_ALK,59.5,2.65363880978e+18
CO2,ocn_ALK,60.5,2.65357112795e+18
CO2,ocn_ALK,61.5,2.65350328167e+18
CO2,ocn_ALK,62.5,2.6534352919e+18
CO2,ocn_ALK,63.5,2.653367254e+18
CO2,ocn_ALK,64.5,2.65329913831e+18
CO2,ocn_ALK,65.5,2.65323089864e+18
CO2,ocn_ALK,66.5,2.65316254006e+18
CO2,ocn_ALK,67.5,2.6530940766e+18
CO2,ocn_ALK,68.5,2.6530254989e+18
CO2,ocn_ALK,69.5,2.65295678192e+18
CO2,ocn_ALK,70.5,2.65288794846e+18
CO2,ocn_ALK,71.5,2.6528190177e+18
CO2,ocn_ALK,72.5,2.65275000382e+18
CO2,ocn_ALK,73.5,2.6526808706e+18
CO2,ocn_ALK,74.5,2.65261163872e+18
CO2,ocn_ALK,75.5,2.65254230568e+18
CO2,ocn_ALK,76.5,2.65247284934e+18
CO2,ocn_ALK,77.5,2.65240329465e+18
CO2,ocn_ALK,78.5,2.65233363669e+18
CO2,ocn_ALK,79.5,2.65226386712e+18
CO2,ocn_ALK,80.5,2.65219403852e+18
CO2,ocn_ALK,81.5,2.65212410553e+18
CO2,ocn_ALK,82.5,2.65205405461e+18
CO2,ocn_ALK,83.5,2.65198393719e+18
CO2,ocn_ALK,84.5,2.65191375798e+18
CO2,ocn_ALK,85.5,2.65184347258e+18
CO2,ocn_ALK,86.5,2.65177309023e+18
CO2,ocn_ALK,87.5,2.65170263029e+18
CO2,ocn_ALK,88.5,2.6516320622e+18
CO2,ocn_ALK,89.5,2.65156143713e+18
CO2,ocn_ALK,90.5,2.65149067966e+18
CO2,ocn_ALK,91.5,2.65141985929e+18
CO2,ocn_ALK,92.5,2.65134906369e+18
CO2,ocn_ALK,93.5,2.65127808248e+18
CO2,ocn_ALK,94.5,2.6512070068e+18
CO2,ocn_ALK,95.5,2.65113589953e+18
CO2,ocn_ALK,96.5,2.65106462311e+18
CO2,ocn_ALK,97.5,2.6509932405e+18
CO2,ocn_ALK,98.5,2.65092175658e+18
CO2,ocn_ALK,99.5,2.65085020022e+18
CO2,ocn_ALK,100.5,2.6507785862e+18
CO2,ocn_ALK,101.5,2.65070628054e+18
CO2,ocn_ALK,102.5,2.65063434424e+18
CO2,ocn_ALK,103.5,2.65056414049e+18
CO2,ocn_ALK,104.5,2.65049501804e+18
CO2,ocn_ALK,105.5,2.65042708423e+18
CO2,ocn_ALK,106.5,2.65036028218e+18
CO2,ocn_ALK,107.5,2.650294607e+18
CO2,ocn_ALK,108.5,2.65023004866e+18
CO2,ocn_ALK,109.5,2.65016621631e+18
CO2,ocn_ALK,110.5,2.65010309587e+18
CO2,ocn_ALK,111.5,2.65004068398e+18
CO2,ocn_ALK,112.5,2.64997874998e+18
CO2,ocn_ALK,113.5,2.64991738946e+18
CO2,ocn_ALK,114.5,2.64985644244e+18
CO2,ocn_ALK,115.5,2.64979604103e+18
CO2,ocn_ALK,116.5,2.64973629554e+18
CO2,ocn_ALK,117.5,2.64967697056e+18
CO2,ocn_ALK,118.5,2.64961815119e+18
CO2,ocn_ALK,119.5,2.64956005806e+18
CO2,ocn_ALK,120.5,2.64950253372e+18
CO2,ocn_ALK,121.5,2.64944546077e+18
CO2,ocn_ALK,122.5,2.64938881313e+18
CO2,ocn_ALK,123.5,2.6493326855e+18
CO2,ocn_ALK,124.5,2.64927698923e+18
CO2,ocn_ALK,125.5,2.64922157725e+18
CO2,ocn_ALK,126.5,2.64916629298e+18
CO2,ocn_ALK,127.5,2.64911112606e+18
CO2,ocn_ALK,128.5,2.6490562026e+18
CO2,ocn_ALK,129.5,2.64900179357e+18
CO2,ocn_ALK,130.5,2.64894776337e+18
CO2,ocn_ALK,131.5,2.64889396332e+18
CO2,ocn_ALK,132.5,2.64884051178e+18
CO2,ocn_ALK,133.5,2.64878743544e+18
CO2,ocn_ALK,134.5,2.64873457493e+18
CO2,ocn_ALK,135.5,2.64868186291e+18
CO2,ocn_ALK,136.5,2.64862937317e+18
CO2,ocn_ALK,137.5,2.64857716399e+18
CO2,ocn_ALK,138.5,2.64852517194e+18
CO2,ocn_ALK,139.5,2.64847339523e+18
CO2,ocn_ALK,140.5,2.64842159419e+18
CO2,ocn_ALK,141.5,2.64836987658e+18
CO2,ocn_ALK,142.5,2.64831827019e+18
CO2,ocn_ALK,143.5,2.64826658782e+18
CO2,ocn_ALK,144.5,2.64821486886e+18
CO2,ocn_ALK,145.5,2.64816306892e+18
CO2,ocn_ALK,146.5,2.64811138661e+18
CO2,ocn_ALK,147.5,2.648059757e+18
CO2,ocn_ALK,148.5,2.64800784211e+18
CO2,ocn_ALK,149.5,2.64795584983e+18
CO2,ocn_ALK,150.5,2.6479039002e+18
CO2,ocn_ALK,151.5,2.64785165284e+18
CO2,ocn_ALK,152.5,2.64779917038e+18
CO2,ocn_ALK,153.5,2.64774645131e+18
CO2,ocn_ALK,154.5,2.64769341475e+18
CO2,ocn_ALK,155.5,2.64764029809e+18
CO2,ocn_ALK,156.5,2.64758710112e+18
CO2,ocn_ALK,157.5,2.64753357087e+18
CO2,ocn_ALK,158.5,2.64747994015e+18
CO2,ocn_ALK,159.5,2.64742600038e+18
CO2,ocn_ALK,160.5,2.64737177812e+18
CO2,ocn_ALK,161.5,2.64731760291e+18
CO2,ocn_ALK,162.5,2.64726353743e+18
CO2,ocn_ALK,163.5,2.64720927112e+18
CO2,ocn_ALK,164.5,2.64715502589e+18
CO2,ocn_ALK,165.5,2.64710050195e+18
CO2,ocn_ALK,166.5,2.64704575626e+18
CO2,ocn_ALK,167.5,2.64699096079e+18
CO2,ocn_ALK,168.5,2.64693580315e+18
CO2,ocn_ALK,169.5,2.64688040024e+18
CO2,ocn_ALK,170.5,2.64682500527e+18
CO2,ocn_ALK,171.5,2.64676952009e+18
CO2,ocn_ALK,172.5,2.64671390822e+18
CO2,ocn_ALK,173.5,2.64665824809e+18
CO2,ocn_ALK,174.5,2.64660250437e+18
CO2,ocn_ALK,175.5,2.64654671062e+18
CO2,ocn_ALK,176.5,2.64649088215e+18
CO2,ocn_ALK,177.5,2.64643493609e+18
CO2,ocn_ALK,178.5,2.64637886121e+18
CO2,ocn_ALK,179.5,2.64632286897e+18
CO2,ocn_ALK,180.5,2.64626698224e+18
CO2,ocn_ALK,181.5,2.64621105817e+18
CO2,ocn_ALK,182.5,2.64615526483e+18
CO2,ocn_ALK,183.5,2.64609955631e+18
CO2,ocn_ALK,184.5,2.64604389554e+18
CO2,ocn_ALK,185.5,2.64598856551e+18
CO2,ocn_ALK,186.5,2.64593334823e+18
CO2,ocn_ALK,187.5,2.64587809047e+18
CO2,ocn_ALK,188.5,2.64582293385e+18
CO2,ocn_ALK,189.5,2.6457678241e+18
CO2,ocn_ALK,190.5,2.64571257414e+18
CO2,ocn_ALK,191.5,2.64565746956e+18
CO2,ocn_ALK,192.5,2.64560245616e+18
CO2,ocn_ALK,193.5,2.64554730015e+18
CO2,ocn_ALK,194.5,2.64549225494e+18
CO2,ocn_ALK,195.5,2.64543709082e+18
CO2,ocn_ALK,196.5,2.64538168388e+18
CO2,ocn_ALK,197.5,2.64532640985e+18
CO2,ocn_ALK,198.5,2.64527131936e+18
CO2,ocn_ALK,199.5,2.64521608977e+18
size_effect,ocn_temp,0.5,11.141948
size_effect,ocn_temp,1.5,11.141934
size_effect,ocn_temp,2.5,11.141904
size_effect,ocn_temp,3.5,11.141861
size_effect,ocn_temp,4.5,11.141808
size_effect,ocn_temp,5.5,11.141747
size_effect,ocn_temp,6.5,11.14168
size_effect,ocn_temp,7.5,11.141606
size_effect,ocn_temp,8.5,11.141527
size_effect,ocn_temp,9.5,11.141443
size_effect,ocn_temp,10.5,11.141355
size_effect,ocn_temp,11.5,11.141262
size_effect,ocn_temp,12.5,11.141166
size_effect,ocn_temp,13.5,11.141066
size_effect,ocn_temp,14.5,11.140962
size_effect,ocn_temp,15.5,11.140855
size_effect,ocn_temp,16.5,11.140746
size_effect,ocn_temp,17.5,11.140633
size_effect,ocn_temp,18.5,11.140518
size_effect,ocn_temp,19.5,11.1404
size_effect,ocn_temp,20.5,11.14028
size_effect,ocn_temp,21.5,11.140157
size_effect,ocn_temp,22.5,11.140032
size_effect,ocn_temp,23.5,11.139905
size_effect,ocn_temp,24.5,11.139777
size_effect,ocn_temp,25.5,11.139646
size_effect,ocn_temp,26.5,11.139514
size_effect,ocn_temp,27.5,11.139381
size_effect,ocn_temp,28.5,11.139245
size_effect,ocn_temp,29.5,11.139107
size_effect,ocn_temp,30.5,11.138968
size_effect,ocn_temp,31.5,11.138828
size_effect,ocn_temp,32.5,11.138686
size_effect,ocn_temp,33.5,11.138542
size_effect,ocn_temp,34.5,11.138397
size_effect,ocn_temp,35.5,11.138251
size_effect,ocn_temp,36.5,11.138103
size_effect,ocn_temp,37.5,11.137954
size_effect,ocn_temp,38.5,11.137805
size_effect,ocn_temp,39.5,11.137654
size_effect,ocn_temp,40.5,11.137503
size_effect,ocn_temp,41.5,11.137351
size_effect,ocn_temp,42.5,11.137198
size_effect,ocn_temp,43.5,11.137044
size_effect,ocn_temp,44.5,11.136889
size_effect,ocn_temp,45.5,11.136733
size_effect,ocn_temp,46.5,11.136577
size_effect,ocn_temp,47.5,11.136419
size_effect,ocn_temp,48.5,11.136261
size_effect,ocn_temp,49.5,11.136102
size_effect,ocn_temp,50.5,11.135943
size_effect,ocn_temp,51.5,11.135782
size_effect,ocn_temp,52.5,11.135621
size_effect,ocn_temp,53.5,11.135459
size_effect,ocn_temp,54.5,11.135297
size_effect,ocn_temp,55.5,11.135133
size_effect,ocn_temp,56.5,11.134969
size_effect,ocn_temp,57.5,11.134805
size_effect,ocn_temp,58.5,11.13464
size_effect,ocn_temp,59.5,11.134474
size_effect,ocn_temp,60.5,11.134308
size_effect,ocn_temp,61.5,11.134142
size_effect,ocn_temp,62.5,11.133975
size_effect,ocn_temp,63.5,11.133807
size_effect,ocn_temp,64.5,11.133639
size_effect,ocn_temp,65.5,11.133471
size_effect,ocn_temp,66.5,11.133302
size_effect,ocn_temp,67.5,11.133133
size_effect,ocn_temp,68.5,11.132963
size_effect,ocn_temp,69.5,11.132794
size_effect,ocn_temp,70.5,11.132623
size_effect,ocn_temp,71.5,11.132452
size_effect,ocn_temp,72.5,11.13228
size_effect,ocn_temp,73.5,11.132107
size_effect,ocn_temp,74.5,11.131933
size_effect,ocn_temp,75.5,11.13176
size_effect,ocn_temp,76.5,11.131584
size_effect,ocn_temp,77.5,11.131408
size_effect,ocn_temp,78.5,11.131232
size_effect,ocn_temp,79.5,11.131055
size_effect,ocn_temp,80.5,11.130879
size_effect,ocn_temp,81.5,11.130703
size_effect,ocn_temp,82.5,11.130526
size_effect,ocn_temp,83.5,11.13035
size_effect,ocn_temp,84.5,11.130174
size_effect,ocn_temp,85.5,11.129997
size_effect,ocn_temp,86.5,11.129821
size_effect,ocn_temp,87.5,11.129644
size_effect,ocn_temp,88.5,11.129468
size_effect,ocn_temp,89.5,11.129291
size_effect,ocn_temp,90.5,11.129115
size_effect,ocn_temp,91.5,11.128938
size_effect,ocn_temp,92.5,11.128761
size_effect,ocn_temp,93.5,11.128585
size_effect,ocn_temp,94.5,11.128408
size_effect,ocn_temp,95.5,11.128232
size_effect,ocn_temp,96.5,11.128055
size_effect,ocn_temp,97.5,11.127879
size_effect,ocn_temp,98.5,11.127702
size_effect,ocn_temp,99.5,11.127525
size_effect,ocn_temp,100.5,11.12784
size_effect,ocn_temp,101.5,10.800498
size_effect,ocn_temp,102.5,10.198687
size_effect,ocn_temp,103.5,9.921882
size_effect,ocn_temp,104.5,9.943736
size_effect,ocn_temp,105.5,10.000164
size_effect,ocn_temp,106.5,10.048449
size_effect,ocn_temp,107.5,10.091093
size_effect,ocn_temp,108.5,10.12954
size_effect,ocn_temp,109.5,10.164675
size_effect,ocn_temp,110.5,10.197063
size_effect,ocn_temp,111.5,10.22712
size_effect,ocn_temp,112.5,10.255183
size_effect,ocn_temp,113.5,10.281524
size_effect,ocn_temp,114.5,10.306345
size_effect,ocn_temp,115.5,10.32981
size_effect,ocn_temp,116.5,10.35205
size_effect,ocn_temp,117.5,10.373175
size_effect,ocn_temp,118.5,10.393281
size_effect,ocn_temp,119.5,10.412451
size_effect,ocn_temp,120.5,10.430765
size_effect,ocn_temp,121.5,10.448289
size_effect,ocn_temp,122.5,10.46508
size_effect,ocn_temp,123.5,10.481193
size_effect,ocn_temp,124.5,10.496674
size_effect,ocn_temp,125.5,10.511565
size_effect,ocn_temp,126.5,10.525901
size_effect,ocn_temp,127.5,10.539722
size_effect,ocn_temp,128.5,10.553053
size_effect,ocn_temp,129.5,10.565935
size_effect,ocn_temp,130.5,10.578396
size_effect,ocn_temp,131.5,10.590476
size_effect,ocn_temp,132.5,10.602216
size_effect,ocn_temp,133.5,10.613658
size_effect,ocn_temp,134.5,10.624829
size_effect,ocn_temp,135.5,10.635745
size_effect,ocn_temp,136.5,10.646418
size_effect,ocn_temp,137.5,10.656859
size_effect,ocn_temp,138.5,10.66707
size_effect,ocn_temp,139.5,10.677059
size_effect,ocn_temp,140.5,10.686835
size_effect,ocn_temp,141.5,10.696407
size_effect,ocn_temp,142.5,10.705782
size_effect,ocn_temp,143.5,10.714965
size_effect,ocn_temp,144.5,10.723964
size_effect,ocn_temp,145.5,10.732785
size_effect,ocn_temp,146.5,10.741434
size_effect,ocn_temp,147.5,10.749917
size_effect,ocn_temp,148.5,10.75824
size_effect,ocn_temp,149.5,10.766407
size_effect,ocn_temp,150.5,10.774423
size_effect,ocn_temp,151.5,10.782295
size_effect,ocn_temp,152.5,10.790027
size_effect,ocn_temp,153.5,10.797626
size_effect,ocn_temp,154.5,10.805095
size_effect,ocn_temp,155.5,10.81244
size_effect,ocn_temp,156.5,10.819665
size_effect,ocn_temp,157.5,10.826775
size_effect,ocn_temp,158.5,10.833774
size_effect,ocn_temp,159.5,10.840666
size_effect,ocn_temp,160.5,10.847456
size_effect,ocn_temp,161.5,10.854146
size_effect,ocn_temp,162.5,10.860739
size_effect,ocn_temp,163.5,10.867238
size_effect,ocn_temp,164.5,10.873646
size_effect,ocn_temp,165.5,10.879967
size_effect,ocn_temp,166.5,10.886202
size_effect,ocn_temp,167.5,10.892354
size_effect,ocn_temp,168.5,10.898427
size_effect,ocn_temp,169.5,10.904423
size_effect,ocn_temp,170.5,10.910343
size_effect,ocn_temp,171.5,10.916191
size_effect,ocn_temp,172.5,10.921967
size_effect,ocn_temp,173.5,10.927675
size_effect,ocn_temp,174.5,10.933316
size_effect,ocn_temp,175.5,10.938891
size_effect,ocn_temp,176.5,10.944404
size_effect,ocn_temp,177.5,10.949855
size_effect,ocn_temp,178.5,10.955247
size_effect,ocn_temp,179.5,10.960581
size_effect,ocn_temp,180.5,10.965857
size_effect,ocn_temp,181.5,10.971081
size_effect,ocn_temp,182.5,10.976252
size_effect,ocn_temp,183.5,10.981374
size_effect,ocn_temp,184.5,10.986452
size_effect,ocn_temp,185.5,10.991486
size_effect,ocn_temp,186.5,10.996484
size_effect,ocn_temp,187.5,11.001448
size_effect,ocn_temp,188.5,11.006381
size_effect,ocn_temp,189.5,11.011289
size_effect,ocn_temp,190.5,11.016176
size_effect,ocn_temp,191.5,11.021043
size_effect,ocn_temp,192.5,11.025895
size_effect,ocn_temp,193.5,11.03073
size_effect,ocn_temp,194.5,11.035551
size_effect,ocn_temp,195.5,11.040359
size_effect,ocn_temp,196.5,11.045151
size_effect,ocn_temp,197.5,11.049928
size_effect,ocn_temp,198.5,11.054691
size_effect,ocn_temp,199.5,11.059434
size_effect,surpH,0.5,7.755341
size_effect,surpH,1.5,7.75793
size_effect,surpH,2.5,7.757223
size_effect,surpH,3.5,7.7569
size_effect,surpH,4.5,7.756785
size_effect,surpH,5.5,7.756751
size_effect,surpH,6.5,7.756752
size_effect,surpH,7.5,7.756776
size_effect,surpH,8.5,7.756809
size_effect,surpH,9.5,7.756852
size_effect,surpH,10.5,7.756901
size_effect,surpH,11.5,7.756958
size_effect,surpH,12.5,7.757017
size_effect,surpH,13.5,7.757079
size_effect,surpH,14.5,7.757141
size_effect,surpH,15.5,7.757208
size_effect,surpH,16.5,7.757274
size_effect,surpH,17.5,7.757344
size_effect,surpH,18.5,7.757413
size_effect,surpH,19.5,7.757483
size_effect,surpH,20.5,7.757552
size_effect,surpH,21.5,7.757624
size_effect,surpH,22.5,7.757693
size_effect,surpH,23.5,7.757762
size_effect,surpH,24.5,7.757831
size_effect,surpH,25.5,7.7579
size_effect,surpH,26.5,7.75797
size_effect,surpH,27.5,7.758038
size_effect,surpH,28.5,7.758105
size_effect,surpH,29.5,7.758174
size_effect,surpH,30.5,7.75824
size_effect,surpH,31.5,7.758307
size_effect,surpH,32.5,7.758372
size_effect,surpH,33.5,7.758437
size_effect,surpH,34.5,7.758501
size_effect,surpH,35.5,7.758566
size_effect,surpH,36.5,7.758627
size_effect,surpH,37.5,7.758692
size_effect,surpH,38.5,7.758752
size_effect,surpH,39.5,7.758813
size_effect,surpH,40.5,7.758874
size_effect,surpH,41.5,7.758934
size_effect,surpH,42.5,7.758995
size_effect,surpH,43.5,7.759051
size_effect,surpH,44.5,7.759109
size_effect,surpH,45.5,7.759166
size_effect,surpH,46.5,7.759223
size_effect,surpH,47.5,7.759279
size_effect,surpH,48.5,7.759334
size_effect,surpH,49.5,7.759389
size_effect,surpH,50.5,7.759444
size_effect,surpH,51.5,7.759499
size_effect,surpH,52.5,7.759552
size_effect,surpH,53.5,7.759604
size_effect,surpH,54.5,7.759657
size_effect,surpH,55.5,7.75971
size_effect,surpH,56.5,7.759762
size_effect,surpH,57.5,7.759814
size_effect,surpH,58.5,7.759859
size_effect,surpH,59.5,7.75991
size_effect,surpH,60.5,7.75996
size_effect,surpH,61.5,7.760008
size_effect,surpH,62.5,7.760058
size_effect,surpH,63.5,7.760105
size_effect,surpH,64.5,7.760154
size_effect,surpH,65.5,7.760199
size_effect,surpH,66.5,7.760245
size_effect,surpH,67.5,7.760291
size_effect,surpH,68.5,7.760338
size_effect,surpH,69.5,7.760382
size_effect,surpH,70.5,7.760428
size_effect,surpH,71.5,7.760473
size_effect,surpH,72.5,7.760518
size_effect,surpH,73.5,7.760562
size_effect,surpH,74.5,7.760605
size_effect,surpH,75.5,7.760647
size_effect,surpH,76.5,7.76069
size_effect,surpH,77.5,7.760733
size_effect,surpH,78.5,7.760773
size_effect,surpH,79.5,7.760814
size_effect,surpH,80.5,7.760855
size_effect,surpH,81.5,7.760896
size_effect,surpH,82.5,7.760934
size_effect,surpH,83.5,7.760974
size_effect,surpH,84.5,7.761014
size_effect,surpH,85.5,7.76105
size_effect,surpH,86.5,7.761089
size_effect,surpH,87.5,7.761127
size_effect,surpH,88.5,7.761165
size_effect,surpH,89.5,7.761203
size_effect,surpH,90.5,7.76124
size_effect,surpH,91.5,7.761276
size_effect,surpH,92.5,7.761313
size_effect,surpH,93.5,7.761347
size_effect,surpH,94.5,7.761383
size_effect,surpH,95.5,7.761418
size_effect,surpH,96.5,7.761453
size_effect,surpH,97.5,7.761488
size_effect,surpH,98.5,7.761524
size_effect,surpH,99.5,7.761558
size_effect,surpH,100.5,7.716469
size_effect,surpH,101.5,7.503293
size_effect,surpH,102.5,7.444084
size_effect,surpH,103.5,7.473147
size_effect,surpH,104.5,7.488542
size_effect,surpH,105.5,7.491961
size_effect,surpH,106.5,7.493667
size_effect,surpH,107.5,7.494783
size_effect,surpH,108.5,7.495544
size_effect,surpH,109.5,7.496086
size_effect,surpH,110.5,7.49651
size_effect,surpH,111.5,7.496784
size_effect,surpH,112.5,7.497009
size_effect,surpH,113.5,7.497235
size_effect,surpH,114.5,7.497431
size_effect,surpH,115.5,7.497641
size_effect,surpH,116.5,7.497844
size_effect,surpH,117.5,7.498054
size_effect,surpH,118.5,7.498258
size_effect,surpH,119.5,7.498445
size_effect,surpH,120.5,7.498617
size_effect,surpH,121.5,7.498761
size_effect,surpH,122.5,7.4989
size_effect,surpH,123.5,7.499017
size_effect,surpH,124.5,7.499125
size_effect,surpH,125.5,7.499228
size_effect,surpH,126.5,7.499318
size_effect,surpH,127.5,7.499401
size_effect,surpH,128.5,7.499483
size_effect,surpH,129.5,7.499563
size_effect,surpH,130.5,7.499643
size_effect,surpH,131.5,7.499726
size_effect,surpH,132.5,7.499809
size_effect,surpH,133.5,7.49989
size_effect,surpH,134.5,7.499972
size_effect,surpH,135.5,7.500047
size_effect,surpH,136.5,7.500117
size_effect,surpH,137.5,7.500173
size_effect,surpH,138.5,7.500226
size_effect,surpH,139.5,7.500278
size_effect,surpH,140.5,7.500321
size_effect,surpH,141.5,7.500363
size_effect,surpH,142.5,7.500401
size_effect,surpH,143.5,7.500438
size_effect,surpH,144.5,7.50047
size_effect,surpH,145.5,7.500503
size_effect,surpH,146.5,7.500531
size_effect,surpH,147.5,7.500563
size_effect,surpH,148.5,7.500597
size_effect,surpH,149.5,7.500623
size_effect,surpH,150.5,7.500653
size_effect,surpH,151.5,7.500684
size_effect,surpH,152.5,7.500711
size_effect,surpH,153.5,7.500743
size_effect,surpH,154.5,7.500774
size_effect,surpH,155.5,7.500804
size_effect,surpH,156.5,7.500838
size_effect,surpH,157.5,7.500869
size_effect,surpH,158.5,7.500898
size_effect,surpH,159.5,7.500936
size_effect,surpH,160.5,7.500967
size_effect,surpH,161.5,7.501001
size_effect,surpH,162.5,7.501035
size_effect,surpH,163.5,7.501075
size_effect,surpH,164.5,7.501112
size_effect,surpH,165.5,7.50115
size_effect,surpH,166.5,7.501184
size_effect,surpH,167.5,7.501226
size_effect,surpH,168.5,7.50126
size_effect,surpH,169.5,7.501302
size_effect,surpH,170.5,7.501338
size_effect,surpH,171.5,7.501382
size_effect,surpH,172.5,7.501415
size_effect,surpH,173.5,7.501457
size_effect,surpH,174.5,7.501492
size_effect,surpH,175.5,7.501534
size_effect,surpH,176.5,7.501569
size_effect,surpH,177.5,7.501612
size_effect,surpH,178.5,7.501647
size_effect,surpH,179.5,7.501691
size_effect,surpH,180.5,7.501729
size_effect,surpH,181.5,7.501771
size_effect,surpH,182.5,7.501811
size_effect,surpH,183.5,7.501858
size_effect,surpH,184.5,7.5019
size_effect,surpH,185.5,7.501944
size_effect,surpH,186.5,7.501986
size_effect,surpH,187.5,7.502044
size_effect,surpH,188.5,7.50209
size_effect,surpH,189.5,7.502145
size_effect,surpH,190.5,7.502198
size_effect,surpH,191.5,7.502256
size_effect,surpH,192.5,7.502313
size_effect,surpH,193.5,7.502374
size_effect,surpH,194.5,7.502425
size_effect,surpH,195.5,7.50249
size_effect,surpH,196.5,7.502545
size_effect,surpH,197.5,7.502603
size_effect,surpH,198.5,7.502662
size_effect,surpH,199.5,7.502722
size_effect,fexport_POC,0.5,772941100000000.0
size_effect,fexport_POC,1.5,708896700000000.0
size_effect,fexport_POC,2.5,705666100000000.0
size_effect,fexport_POC,3.5,703684900000000.0
size_effect,fexport_POC,4.5,702370400000000.0
size_effect,fexport_POC,5.5,701442300000000.0
size_effect,fexport_POC,6.5,700738200000000.0
size_effect,fexport_POC,7.5,700181900000000.0
size_effect,fexport_POC,8.5,699720800000000.0
size_effect,fexport_POC,9.5,699326200000000.0
size_effect,fexport_POC,10.5,698990100000000.0
size_effect,fexport_POC,11.5,698697700000000.0
size_effect,fexport_POC,12.5,698440900000000.0
size_effect,fexport_POC,13.5,698213800000000.0
size_effect,fexport_POC,14.5,698009800000000.0
size_effect,fexport_POC,15.5,697824700000000.0
size_effect,fexport_POC,16.5,697657000000000.0
size_effect,fexport_POC,17.5,697504400000000.0
size_effect,fexport_POC,18.5,697367000000000.0
size_effect,fexport_POC,19.5,697238300000000.0
size_effect,fexport_POC,20.5,697123300000000.0
size_effect,fexport_POC,21.5,697017600000000.0
size_effect,fexport_POC,22.5,696920900000000.0
size_effect,fexport_POC,23.5,696860000000000.0
size_effect,fexport_POC,24.5,696779200000000.0
size_effect,fexport_POC,25.5,696704500000000.0
size_effect,fexport_POC,26.5,696634200000000.0
size_effect,fexport_POC,27.5,696569500000000.0
size_effect,fexport_POC,28.5,696509300000000.0
size_effect,fexport_POC,29.5,696454200000000.0
size_effect,fexport_POC,30.5,696403600000000.0
size_effect,fexport_POC,31.5,696356700000000.0
size_effect,fexport_POC,32.5,696314000000000.0
size_effect,fexport_POC,33.5,696273500000000.0
size_effect,fexport_POC,34.5,696236800000000.0
size_effect,fexport_POC,35.5,696203100000000.0
size_effect,fexport_POC,36.5,696171100000000.0
size_effect,fexport_POC,37.5,696141200000000.0
size_effect,fexport_POC,38.5,696118900000000.0
size_effect,fexport_POC,39.5,696100400000000.0
size_effect,fexport_POC,40.5,696075700000000.0
size_effect,fexport_POC,41.5,696054500000000.0
size_effect,fexport_POC,42.5,696034500000000.0
size_effect,fexport_POC,43.5,696013200000000.0
size_effect,fexport_POC,44.5,695995300000000.0
size_effect,fexport_POC,45.5,695978700000000.0
size_effect,fexport_POC,46.5,695966200000000.0
size_effect,fexport_POC,47.5,695954700000000.0
size_effect,fexport_POC,48.5,695944100000000.0
size_effect,fexport_POC,49.5,695933500000000.0
size_effect,fexport_POC,50.5,695926500000000.0
size_effect,fexport_POC,51.5,695919200000000.0
size_effect,fexport_POC,52.5,695914100000000.0
size_effect,fexport_POC,53.5,695908800000000.0
size_effect,fexport_POC,54.5,695907100000000.0
size_effect,fexport_POC,55.5,695904600000000.0
size_effect,fexport_POC,56.5,695903600000000.0
size_effect,fexport_POC,57.5,695901100000000.0
size_effect,fexport_POC,58.5,695902700000000.0
size_effect,fexport_POC,59.5,695906000000000.0
size_effect,fexport_POC,60.5,695910400000000.0
size_effect,fexport_POC,61.5,695915000000000.0
size_effect,fexport_POC,62.5,695918400000000.0
size_effect,fexport_POC,63.5,695921600000000.0
size_effect,fexport_POC,64.5,695925900000000.0
size_effect,fexport_POC,65.5,695930400000000.0
size_effect,fexport_POC,66.5,695936200000000.0
size_effect,fexport_POC,67.5,695943800000000.0
size_effect,fexport_POC,68.5,695951100000000.0
size_effect,fexport_POC,69.5,695957600000000.0
size_effect,fexport_POC,70.5,695967200000000.0
size_effect,fexport_POC,71.5,695976300000000.0
size_effect,fexport_POC,72.5,695985300000000.0
size_effect,fexport_POC,73.5,695996200000000.0
size_effect,fexport_POC,74.5,696004800000000.0
size_effect,fexport_POC,75.5,696016800000000.0
size_effect,fexport_POC,76.5,696027800000000.0
size_effect,fexport_POC,77.5,696040800000000.0
size_effect,fexport_POC,78.5,696052000000000.0
size_effect,fexport_POC,79.5,696066100000000.0
size_effect,fexport_POC,80.5,696079600000000.0
size_effect,fexport_POC,81.5,696094200000000.0
size_effect,fexport_POC,82.5,696108300000000.0
size_effect,fexport_POC,83.5,696123300000000.0
size_effect,fexport_POC,84.5,696138500000000.0
size_effect,fexport_POC,85.5,696152500000000.0
size_effect,fexport_POC,86.5,696168100000000.0
size_effect,fexport_POC,87.5,696184900000000.0
size_effect,fexport_POC,88.5,696201600000000.0
size_effect,fexport_POC,89.5,696217100000000.0
size_effect,fexport_POC,90.5,696233600000000.0
size_effect,fexport_POC,91.5,696249900000000.0
size_effect,fexport_POC,92.5,696267900000000.0
size_effect,fexport_POC,93.5,696283400000000.0
size_effect,fexport_POC,94.5,696301800000000.0
size_effect,fexport_POC,95.5,696319800000000.0
size_effect,fexport_POC,96.5,696337800000000.0
size_effect,fexport_POC,97.5,696356500000000.0
size_effect,fexport_POC,98.5,696375700000000.0
size_effect,fexport_POC,99.5,696392100000000.0
size_effect,fexport_POC,100.5,701507700000000.0
size_effect,fexport_POC,101.5,42800470000000.0
size_effect,fexport_POC,102.5,2576574000000.0
size_effect,fexport_POC,103.5,355622500000000.0
size_effect,fexport_POC,104.5,529915000000000.0
size_effect,fexport_POC,105.5,549335700000000.0
size_effect,fexport_POC,106.5,547249700000000.0
size_effect,fexport_POC,107.5,542880600000000.0
size_effect,fexport_POC,108.5,538593000000000.0
size_effect,fexport_POC,109.5,534107500000000.0
size_effect,fexport_POC,110.5,529713400000000.0
size_effect,fexport_POC,111.5,524213500000000.0
size_effect,fexport_POC,112.5,519412700000000.0
size_effect,fexport_POC,113.5,515029700000000.0
size_effect,fexport_POC,114.5,511054100000000.0
size_effect,fexport_POC,115.5,507634400000000.0
size_effect,fexport_POC,116.5,504453600000000.0
size_effect,fexport_POC,117.5,501400000000000.0
size_effect,fexport_POC,118.5,498568200000000.0
size_effect,fexport_POC,119.5,495960500000000.0
size_effect,fexport_POC,120.5,493498600000000.0
size_effect,fexport_POC,121.5,491175700000000.0
size_effect,fexport_POC,122.5,488941200000000.0
size_effect,fexport_POC,123.5,486973300000000.0
size_effect,fexport_POC,124.5,485036600000000.0
size_effect,fexport_POC,125.5,483119400000000.0
size_effect,fexport_POC,126.5,481121500000000.0
size_effect,fexport_POC,127.5,479204200000000.0
size_effect,fexport_POC,128.5,477427900000000.0
size_effect,fexport_POC,129.5,475877400000000.0
size_effect,fexport_POC,130.5,474411700000000.0
size_effect,fexport_POC,131.5,472997000000000.0
size_effect,fexport_POC,132.5,471560700000000.0
size_effect,fexport_POC,133.5,470182300000000.0
size_effect,fexport_POC,134.5,469023000000000.0
size_effect,fexport_POC,135.5,468035700000000.0
size_effect,fexport_POC,136.5,467066500000000.0
size_effect,fexport_POC,137.5,466019400000000.0
size_effect,fexport_POC,138.5,465090000000000.0
size_effect,fexport_POC,139.5,464128500000000.0
size_effect,fexport_POC,140.5,463082900000000.0
size_effect,fexport_POC,141.5,462118700000000.0
size_effect,fexport_POC,142.5,461214800000000.0
size_effect,fexport_POC,143.5,460390300000000.0
size_effect,fexport_POC,144.5,459597600000000.0
size_effect,fexport_POC,145.5,458887300000000.0
size_effect,fexport_POC,146.5,458144100000000.0
size_effect,fexport_POC,147.5,457536700000000.0
size_effect,fexport_POC,148.5,456964500000000.0
size_effect,fexport_POC,149.5,456342300000000.0
size_effect,fexport_POC,150.5,455854700000000.0
size_effect,fexport_POC,151.5,455373600000000.0
size_effect,fexport_POC,152.5,454872100000000.0
size_effect,fexport_POC,153.5,454493800000000.0
size_effect,fexport_POC,154.5,454082500000000.0
size_effect,fexport_POC,155.5,453684100000000.0
size_effect,fexport_POC,156.5,453407900000000.0
size_effect,fexport_POC,157.5,453072800000000.0
size_effect,fexport_POC,158.5,452757800000000.0
size_effect,fexport_POC,159.5,452519800000000.0
size_effect,fexport_POC,160.5,452199300000000.0
size_effect,fexport_POC,161.5,451981900000000.0
size_effect,fexport_POC,162.5,451717100000000.0
size_effect,fexport_POC,163.5,451557500000000.0
size_effect,fexport_POC,164.5,451304700000000.0
size_effect,fexport_POC,165.5,451147400000000.0
size_effect,fexport_POC,166.5,450941800000000.0
size_effect,fexport_POC,167.5,450807800000000.0
size_effect,fexport_POC,168.5,450598100000000.0
size_effect,fexport_POC,169.5,450467000000000.0
size_effect,fexport_POC,170.5,450281100000000.0
size_effect,fexport_POC,171.5,450191300000000.0
size_effect,fexport_POC,172.5,450032600000000.0
size_effect,fexport_POC,173.5,449937700000000.0
size_effect,fexport_POC,174.5,449774800000000.0
size_effect,fexport_POC,175.5,449693700000000.0
size_effect,fexport_POC,176.5,449549300000000.0
size_effect,fexport_POC,177.5,449499900000000.0
size_effect,fexport_POC,178.5,449347600000000.0
size_effect,fexport_POC,179.5,449305900000000.0
size_effect,fexport_POC,180.5,449177200000000.0
size_effect,fexport_POC,181.5,449175300000000.0
size_effect,fexport_POC,182.5,449052600000000.0
size_effect,fexport_POC,183.5,449110700000000.0
size_effect,fexport_POC,184.5,449162300000000.0
size_effect,fexport_POC,185.5,449192400000000.0
size_effect,fexport_POC,186.5,449344000000000.0
size_effect,fexport_POC,187.5,449540300000000.0
size_effect,fexport_POC,188.5,449679600000000.0
size_effect,fexport_POC,189.5,450084700000000.0
size_effect,fexport_POC,190.5,450254100000000.0
size_effect,fexport_POC,191.5,450572500000000.0
size_effect,fexport_POC,192.5,450913600000000.0
size_effect,fexport_POC,193.5,451147100000000.0
size_effect,fexport_POC,194.5,451372500000000.0
size_effect,fexport_POC,195.5,451705600000000.0
size_effect,fexport_POC,196.5,451824600000000.0
size_effect,fexport_POC,197.5,452021300000000.0
size_effect,fexport_POC,198.5,452223000000000.0
size_effect,fexport_POC,199.5,452335800000000.0
size_effect,ocn_O2,0.5,1.66633942483e+17
size_effect,ocn_O2,1.5,1.66435164808e+17
size_effect,ocn_O2,2.5,1.66240098016e+17
size_effect,ocn_O2,3.5,1.66066071323e+17
size_effect,ocn_O2,4.5,1.65905640975e+17
size_effect,ocn_O2,5.5,1.6575631645e+17
size_effect,ocn_O2,6.5,1.65615819495e+17
size_effect,ocn_O2,7.5,1.65482525595e+17
size_effect,ocn_O2,8.5,1.65355129153e+17
size_effect,ocn_O2,9.5,1.65232702125e+17
size_effect,ocn_O2,10.5,1.65114528423e+17
size_effect,ocn_O2,11.5,1.64999963493e+17
size_effect,ocn_O2,12.5,1.64888601547e+17
size_effect,ocn_O2,13.5,1.64780190588e+17
size_effect,ocn_O2,14.5,1.64674576765e+17
size_effect,ocn_O2,15.5,1.6457138718e+17
size_effect,ocn_O2,16.5,1.64470377318e+17
size_effect,ocn_O2,17.5,1.64371467172e+17
size_effect,ocn_O2,18.5,1.64274461815e+17
size_effect,ocn_O2,19.5,1.64179260468e+17
size_effect,ocn_O2,20.5,1.64085840318e+17
size_effect,ocn_O2,21.5,1.63994046282e+17
size_effect,ocn_O2,22.5,1.63903758919e+17
size_effect,ocn_O2,23.5,1.63815013319e+17
size_effect,ocn_O2,24.5,1.63727800142e+17
size_effect,ocn_O2,25.5,1.63641977767e+17
size_effect,ocn_O2,26.5,1.63557392228e+17
size_effect,ocn_O2,27.5,1.63473983826e+17
size_effect,ocn_O2,28.5,1.63391793571e+17
size_effect,ocn_O2,29.5,1.63310747991e+17
size_effect,ocn_O2,30.5,1.63230861523e+17
size_effect,ocn_O2,31.5,1.6315206289e+17
size_effect,ocn_O2,32.5,1.63074350977e+17
size_effect,ocn_O2,33.5,1.62997714681e+17
size_effect,ocn_O2,34.5,1.6292211199e+17
size_effect,ocn_O2,35.5,1.62847441864e+17
size_effect,ocn_O2,36.5,1.62773783511e+17
size_effect,ocn_O2,37.5,1.62701096844e+17
size_effect,ocn_O2,38.5,1.62629196804e+17
size_effect,ocn_O2,39.5,1.62558427139e+17
size_effect,ocn_O2,40.5,1.62488484925e+17
size_effect,ocn_O2,41.5,1.62419355417e+17
size_effect,ocn_O2,42.5,1.6235103756e+17
size_effect,ocn_O2,43.5,1.62283517757e+17
size_effect,ocn_O2,44.5,1.62216847851e+17
size_effect,ocn_O2,45.5,1.62150971846e+17
size_effect,ocn_O2,46.5,1.62085894099e+17
size_effect,ocn_O2,47.5,1.62021507955e+17
size_effect,ocn_O2,48.5,1.6195783762e+17
size_effect,ocn_O2,49.5,1.61894930672e+17
size_effect,ocn_O2,50.5,1.61832728941e+17
size_effect,ocn_O2,51.5,1.61771132201e+17
size_effect,ocn_O2,52.5,1.61710165374e+17
size_effect,ocn_O2,53.5,1.616498832e+17
size_effect,ocn_O2,54.5,1.61590276032e+17
size_effect,ocn_O2,55.5,1.61531327862e+17
size_effect,ocn_O2,56.5,1.6147301277e+17
size_effect,ocn_O2,57.5,1.61415318684e+17
size_effect,ocn_O2,58.5,1.61358307945e+17
size_effect,ocn_O2,59.5,1.61301985832e+17
size_effect,ocn_O2,60.5,1.61246204158e+17
size_effect,ocn_O2,61.5,1.61191116421e+17
size_effect,ocn_O2,62.5,1.61136494739e+17
size_effect,ocn_O2,63.5,1.61082410817e+17
size_effect,ocn_O2,64.5,1.61028875586e+17
size_effect,ocn_O2,65.5,1.60975898684e+17
size_effect,ocn_O2,66.5,1.60923508624e+17
size_effect,ocn_O2,67.5,1.60871597103e+17
size_effect,ocn_O2,68.5,1.6082013391e+17
size_effect,ocn_O2,69.5,1.60769191111e+17
size_effect,ocn_O2,70.5,1.60718748428e+17
size_effect,ocn_O2,71.5,1.60668724403e+17
size_effect,ocn_O2,72.5,1.60619108948e+17
size_effect,ocn_O2,73.5,1.60569989846e+17
size_effect,ocn_O2,74.5,1.60521318081e+17
size_effect,ocn_O2,75.5,1.60473135163e+17
size_effect,ocn_O2,76.5,1.60425381726e+17
size_effect,ocn_O2,77.5,1.60378098901e+17
size_effect,ocn_O2,78.5,1.60331266065e+17
size_effect,ocn_O2,79.5,1.6028492158e+17
size_effect,ocn_O2,80.5,1.6023892787e+17
size_effect,ocn_O2,81.5,1.60193275831e+17
size_effect,ocn_O2,82.5,1.60148066385e+17
size_effect,ocn_O2,83.5,1.60103279907e+17
size_effect,ocn_O2,84.5,1.6005879705e+17
size_effect,ocn_O2,85.5,1.6001473025e+17
size_effect,ocn_O2,86.5,1.59971126611e+17
size_effect,ocn_O2,87.5,1.59927827929e+17
size_effect,ocn_O2,88.5,1.59884856915e+17
size_effect,ocn_O2,89.5,1.59842237838e+17
size_effect,ocn_O2,90.5,1.59799983772e+17
size_effect,ocn_O2,91.5,1.59758122726e+17
size_effect,ocn_O2,92.5,1.59716605356e+17
size_effect,ocn_O2,93.5,1.5967542858e+17
size_effect,ocn_O2,94.5,1.59634668134e+17
size_effect,ocn_O2,95.5,1.59594209416e+17
size_effect,ocn_O2,96.5,1.59554081003e+17
size_effect,ocn_O2,97.5,1.59514256311e+17
size_effect,ocn_O2,98.5,1.59474694127e+17
size_effect,ocn_O2,99.5,1.59435398163e+17
size_effect,ocn_O2,100.5,1.59393555734e+17
size_effect,ocn_O2,101.5,1.64066007352e+17
size_effect,ocn_O2,102.5,1.79739665846e+17
size_effect,ocn_O2,103.5,1.93782919685e+17
size_effect,ocn_O2,104.5,1.97356428768e+17
size_effect,ocn_O2,105.5,1.98313792491e+17
size_effect,ocn_O2,106.5,1.98542648544e+17
size_effect,ocn_O2,107.5,1.98498774934e+17
size_effect,ocn_O2,108.5,1.98329991138e+17
size_effect,ocn_O2,109.5,1.98102298755e+17
size_effect,ocn_O2,110.5,1.9785577534e+17
size_effect,ocn_O2,111.5,1.97609125063e+17
size_effect,ocn_O2,112.5,1.97373209075e+17
size_effect,ocn_O2,113.5,1.9714536577e+17
size_effect,ocn_O2,114.5,1.96927903356e+17
size_effect,ocn_O2,115.5,1.96725602246e+17
size_effect,ocn_O2,116.5,1.96538804314e+17
size_effect,ocn_O2,117.5,1.96364526815e+17
size_effect,ocn_O2,118.5,1.9620075095e+17
size_effect,ocn_O2,119.5,1.96042960701e+17
size_effect,ocn_O2,120.5,1.95891440682e+17
size_effect,ocn_O2,121.5,1.95745860594e+17
size_effect,ocn_O2,122.5,1.95606181687e+17
size_effect,ocn_O2,123.5,1.95475349446e+17
size_effect,ocn_O2,124.5,1.95354199453e+17
size_effect,ocn_O2,125.5,1.95239531717e+17
size_effect,ocn_O2,126.5,1.95129966486e+17
size_effect,ocn_O2,127.5,1.95025696708e+17
size_effect,ocn_O2,128.5,1.94926923537e+17
size_effect,ocn_O2,129.5,1.94833762482e+17
size_effect,ocn_O2,130.5,1.94746334675e+17
size_effect,ocn_O2,131.5,1.94664545098e+17
size_effect,ocn_O2,132.5,1.94586733467e+17
size_effect,ocn_O2,133.5,1.9451180801e+17
size_effect,ocn_O2,134.5,1.94439746937e+17
size_effect,ocn_O2,135.5,1.94369967041e+17
size_effect,ocn_O2,136.5,1.94302092798e+17
size_effect,ocn_O2,137.5,1.94236270108e+17
size_effect,ocn_O2,138.5,1.94172840935e+17
size_effect,ocn_O2,139.5,1.94111198276e+17
size_effect,ocn_O2,140.5,1.94050620369e+17
size_effect,ocn_O2,141.5,1.93991508112e+17
size_effect,ocn_O2,142.5,1.93933387485e+17
size_effect,ocn_O2,143.5,1.93876742845e+17
size_effect,ocn_O2,144.5,1.9382144204e+17
size_effect,ocn_O2,145.5,1.93767381606e+17
size_effect,ocn_O2,146.5,1.93714326324e+17
size_effect,ocn_O2,147.5,1.93662304022e+17
size_effect,ocn_O2,148.5,1.93610913549e+17
size_effect,ocn_O2,149.5,1.9356022102e+17
size_effect,ocn_O2,150.5,1.93510663034e+17
size_effect,ocn_O2,151.5,1.93462076206e+17
size_effect,ocn_O2,152.5,1.93414364599e+17
size_effect,ocn_O2,153.5,1.93367573064e+17
size_effect,ocn_O2,154.5,1.93321067488e+17
size_effect,ocn_O2,155.5,1.93275109646e+17
size_effect,ocn_O2,156.5,1.93229925665e+17
size_effect,ocn_O2,157.5,1.93185311107e+17
size_effect,ocn_O2,158.5,1.93141119567e+17
size_effect,ocn_O2,159.5,1.93097626881e+17
size_effect,ocn_O2,160.5,1.93054339997e+17
size_effect,ocn_O2,161.5,1.93011619205e+17
size_effect,ocn_O2,162.5,1.92969004865e+17
size_effect,ocn_O2,163.5,1.92926413994e+17
size_effect,ocn_O2,164.5,1.92883788819e+17
size_effect,ocn_O2,165.5,1.92841157998e+17
size_effect,ocn_O2,166.5,1.92798409404e+17
size_effect,ocn_O2,167.5,1.92755629147e+17
size_effect,ocn_O2,168.5,1.92712823438e+17
size_effect,ocn_O2,169.5,1.92669779666e+17
size_effect,ocn_O2,170.5,1.92626504687e+17
size_effect,ocn_O2,171.5,1.92582858419e+17
size_effect,ocn_O2,172.5,1.92539097126e+17
size_effect,ocn_O2,173.5,1.92495306429e+17
size_effect,ocn_O2,174.5,1.92451348255e+17
size_effect,ocn_O2,175.5,1.92407390226e+17
size_effect,ocn_O2,176.5,1.92363355837e+17
size_effect,ocn_O2,177.5,1.92318907568e+17
size_effect,ocn_O2,178.5,1.92274071772e+17
size_effect,ocn_O2,179.5,1.92229481748e+17
size_effect,ocn_O2,180.5,1.92184518691e+17
size_effect,ocn_O2,181.5,1.92139479833e+17
size_effect,ocn_O2,182.5,1.92094248885e+17
size_effect,ocn_O2,183.5,1.92048616936e+17
size_effect,ocn_O2,184.5,1.92002638979e+17
size_effect,ocn_O2,185.5,1.91956137132e+17
size_effect,ocn_O2,186.5,1.91909973133e+17
size_effect,ocn_O2,187.5,1.91863061411e+17
size_effect,ocn_O2,188.5,1.91815394694e+17
size_effect,ocn_O2,189.5,1.91767977148e+17
size_effect,ocn_O2,190.5,1.9171987083e+17
size_effect,ocn_O2,191.5,1.91671228629e+17
size_effect,ocn_O2,192.5,1.91622191375e+17
size_effect,ocn_O2,193.5,1.91572140215e+17
size_effect,ocn_O2,194.5,1.91522080449e+17
size_effect,ocn_O2,195.5,1.91471977413e+17
size_effect,ocn_O2,196.5,1.91420759866e+17
size_effect,ocn_O2,197.5,1.91369736435e+17
size_effect,ocn_O2,198.5,1.91318457928e+17
size_effect,ocn_O2,199.5,1.91266336481e+17
size_effect,ocn_ALK,0.5,2.65740379939e+18
size_effect,ocn_ALK,1.5,2.65742465532e+18
size_effect,ocn_ALK,2.5,2.65744698056e+18
size_effect,ocn_ALK,3.5,2.65747047482e+18
size_effect,ocn_ALK,4.5,2.65749450446e+18
size_effect,ocn_ALK,5.5,2.65751881606e+18
size_effect,ocn_ALK,6.5,2.65754321227e+18
size_effect,ocn_ALK,7.5,2.6575676401e+18
size_effect,ocn_ALK,8.5,2.65759203735e+18
size_effect,ocn_ALK,9.5,2.65761627745e+18
size_effect,ocn_ALK,10.5,2.65764031116e+18
size_effect,ocn_ALK,11.5,2.65766406742e+18
size_effect,ocn_ALK,12.5,2.65768755166e+18
size_effect,ocn_ALK,13.5,2.65771078144e+18
size_effect,ocn_ALK,14.5,2.65773385213e+18
size_effect,ocn_ALK,15.5,2.65775667855e+18
size_effect,ocn_ALK,16.5,2.65777924332e+18
size_effect,ocn_ALK,17.5,2.65780153265e+18
size_effect,ocn_ALK,18.5,2.65782353452e+18
size_effect,ocn_ALK,19.5,2.65784524229e+18
size_effect,ocn_ALK,20.5,2.6578667291e+18
size_effect,ocn_ALK,21.5,2.65788798746e+18
size_effect,ocn_ALK,22.5,2.65790899565e+18
size_effect,ocn_ALK,23.5,2.65792974194e+18
size_effect,ocn_ALK,24.5,2.65795025674e+18
size_effect,ocn_ALK,25.5,2.6579705425e+18
size_effect,ocn_ALK,26.5,2.65799060106e+18
size_effect,ocn_ALK,27.5,2.65801042647e+18
size_effect,ocn_ALK,28.5,2.65803004573e+18
size_effect,ocn_ALK,29.5,2.65804944914e+18
size_effect,ocn_ALK,30.5,2.65806867151e+18
size_effect,ocn_ALK,31.5,2.65808771282e+18
size_effect,ocn_ALK,32.5,2.6581065704e+18
size_effect,ocn_ALK,33.5,2.65812526409e+18
size_effect,ocn_ALK,34.5,2.65814382674e+18
size_effect,ocn_ALK,35.5,2.65816224561e+18
size_effect,ocn_ALK,36.5,2.65818050625e+18
size_effect,ocn_ALK,37.5,2.65819861456e+18
size_effect,ocn_ALK,38.5,2.6582165843e+18
size_effect,ocn_ALK,39.5,2.65823441566e+18
size_effect,ocn_ALK,40.5,2.65825209699e+18
size_effect,ocn_ALK,41.5,2.65826963565e+18
size_effect,ocn_ALK,42.5,2.65828706957e+18
size_effect,ocn_ALK,43.5,2.65830437719e+18
size_effect,ocn_ALK,44.5,2.65832157917e+18
size_effect,ocn_ALK,45.5,2.65833869072e+18
size_effect,ocn_ALK,46.5,2.65835567858e+18
size_effect,ocn_ALK,47.5,2.65837253489e+18
size_effect,ocn_ALK,48.5,2.65838925493e+18
size_effect,ocn_ALK,49.5,2.65840587749e+18
size_effect,ocn_ALK,50.5,2.65842239945e+18
size_effect,ocn_ALK,51.5,2.65843879211e+18
size_effect,ocn_ALK,52.5,2.65845503597e+18
size_effect,ocn_ALK,53.5,2.65847114607e+18
size_effect,ocn_ALK,54.5,2.65848716559e+18
size_effect,ocn_ALK,55.5,2.65850311992e+18
size_effect,ocn_ALK,56.5,2.6585189898e+18
size_effect,ocn_ALK,57.5,2.65853476511e+18
size_effect,ocn_ALK,58.5,2.65855044787e+18
size_effect,ocn_ALK,59.5,2.65856604373e+18
size_effect,ocn_ALK,60.5,2.65858156442e+18
size_effect,ocn_ALK,61.5,2.65859701568e+18
size_effect,ocn_ALK,62.5,2.65861236391e+18
size_effect,ocn_ALK,63.5,2.65862764376e+18
size_effect,ocn_ALK,64.5,2.658642851e+18
size_effect,ocn_ALK,65.5,2.65865798546e+18
size_effect,ocn_ALK,66.5,2.6586730447e+18
size_effect,ocn_ALK,67.5,2.6586880186e+18
size_effect,ocn_ALK,68.5,2.65870290355e+18
size_effect,ocn_ALK,69.5,2.65871768827e+18
size_effect,ocn_ALK,70.5,2.65873236762e+18
size_effect,ocn_ALK,71.5,2.65874693705e+18
size_effect,ocn_ALK,72.5,2.65876140848e+18
size_effect,ocn_ALK,73.5,2.65877578425e+18
size_effect,ocn_ALK,74.5,2.65879005359e+18
size_effect,ocn_ALK,75.5,2.65880422301e+18
size_effect,ocn_ALK,76.5,2.65881830019e+18
size_effect,ocn_ALK,77.5,2.65883229234e+18
size_effect,ocn_ALK,78.5,2.65884621228e+18
size_effect,ocn_ALK,79.5,2.65886005054e+18
size_effect,ocn_ALK,80.5,2.65887379959e+18
size_effect,ocn_ALK,81.5,2.65888745183e+18
size_effect,ocn_ALK,82.5,2.65890101879e+18
size_effect,ocn_ALK,83.5,2.65891449587e+18
size_effect,ocn_ALK,84.5,2.65892787821e+18
size_effect,ocn_ALK,85.5,2.65894116716e+18
size_effect,ocn_ALK,86.5,2.65895436064e+18
size_effect,ocn_ALK,87.5,2.65896746856e+18
size_effect,ocn_ALK,88.5,2.65898050986e+18
size_effect,ocn_ALK,89.5,2.65899347632e+18
size_effect,ocn_ALK,90.5,2.65900635789e+18
size_effect,ocn_ALK,91.5,2.6590191576e+18
size_effect,ocn_ALK,92.5,2.65903188589e+18
size_effect,ocn_ALK,93.5,2.65904452374e+18
size_effect,ocn_ALK,94.5,2.65905706967e+18
size_effect,ocn_ALK,95.5,2.65906953491e+18
size_effect,ocn_ALK,96.5,2.65908193049e+18
size_effect,ocn_ALK,97.5,2.6590942464e+18
size_effect,ocn_ALK,98.5,2.65910648036e+18
size_effect,ocn_ALK,99.5,2.65911864565e+18
size_effect,ocn_ALK,100.5,2.6591310723e+18
size_effect,ocn_ALK,101.5,2.65883877144e+18
size_effect,ocn_ALK,102.5,2.65718146404e+18
size_effect,ocn_ALK,103.5,2.65562101691e+18
size_effect,ocn_ALK,104.5,2.65545367928e+18
size_effect,ocn_ALK,105.5,2.65539698353e+18
size_effect,ocn_ALK,106.5,2.65533196957e+18
size_effect,ocn_ALK,107.5,2.65527720513e+18
size_effect,ocn_ALK,108.5,2.65523528197e+18
size_effect,ocn_ALK,109.5,2.65520429852e+18
size_effect,ocn_ALK,110.5,2.65518124704e+18
size_effect,ocn_ALK,111.5,2.65516262059e+18
size_effect,ocn_ALK,112.5,2.65514820488e+18
size_effect,ocn_ALK,113.5,2.65513720191e+18
size_effect,ocn_ALK,114.5,2.65512839586e+18
size_effect,ocn_ALK,115.5,2.65512123661e+18
size_effect,ocn_ALK,116.5,2.65511590566e+18
size_effect,ocn_ALK,117.5,2.65511154388e+18
size_effect,ocn_ALK,118.5,2.6551077189e+18
size_effect,ocn_ALK,119.5,2.65510438826e+18
size_effect,ocn_ALK,120.5,2.65510158445e+18
size_effect,ocn_ALK,121.5,2.65509916182e+18
size_effect,ocn_ALK,122.5,2.65509701139e+18
size_effect,ocn_ALK,123.5,2.65509523933e+18
size_effect,ocn_ALK,124.5,2.65509371992e+18
size_effect,ocn_ALK,125.5,2.65509226605e+18
size_effect,ocn_ALK,126.5,2.65509089865e+18
size_effect,ocn_ALK,127.5,2.65508968385e+18
size_effect,ocn_ALK,128.5,2.6550886137e+18
size_effect,ocn_ALK,129.5,2.65508768726e+18
size_effect,ocn_ALK,130.5,2.65508697678e+18
size_effect,ocn_ALK,131.5,2.65508643e+18
size_effect,ocn_ALK,132.5,2.65508599833e+18
size_effect,ocn_ALK,133.5,2.65508554977e+18
size_effect,ocn_ALK,134.5,2.65508499794e+18
size_effect,ocn_ALK,135.5,2.6550844242e+18
size_effect,ocn_ALK,136.5,2.65508387075e+18
size_effect,ocn_ALK,137.5,2.65508334174e+18
size_effect,ocn_ALK,138.5,2.6550830124e+18
size_effect,ocn_ALK,139.5,2.6550826783e+18
size_effect,ocn_ALK,140.5,2.65508227223e+18
size_effect,ocn_ALK,141.5,2.65508186579e+18
size_effect,ocn_ALK,142.5,2.65508144106e+18
size_effect,ocn_ALK,143.5,2.65508111505e+18
size_effect,ocn_ALK,144.5,2.6550809365e+18
size_effect,ocn_ALK,145.5,2.65508083123e+18
size_effect,ocn_ALK,146.5,2.65508073069e+18
size_effect,ocn_ALK,147.5,2.65508082032e+18
size_effect,ocn_ALK,148.5,2.65508099774e+18
size_effect,ocn_ALK,149.5,2.65508116742e+18
size_effect,ocn_ALK,150.5,2.65508151135e+18
size_effect,ocn_ALK,151.5,2.65508199251e+18
size_effect,ocn_ALK,152.5,2.65508258926e+18
size_effect,ocn_ALK,153.5,2.65508341145e+18
size_effect,ocn_ALK,154.5,2.65508438982e+18
size_effect,ocn_ALK,155.5,2.65508557289e+18
size_effect,ocn_ALK,156.5,2.65508702548e+18
size_effect,ocn_ALK,157.5,2.65508867543e+18
size_effect,ocn_ALK,158.5,2.65509046924e+18
size_effect,ocn_ALK,159.5,2.65509263636e+18
size_effect,ocn_ALK,160.5,2.65509507227e+18
size_effect,ocn_ALK,161.5,2.65509784552e+18
size_effect,ocn_ALK,162.5,2.65510082042e+18
size_effect,ocn_ALK,163.5,2.65510414748e+18
size_effect,ocn_ALK,164.5,2.65510763478e+18
size_effect,ocn_ALK,165.5,2.65511131233e+18
size_effect,ocn_ALK,166.5,2.65511515669e+18
size_effect,ocn_ALK,167.5,2.65511929159e+18
size_effect,ocn_ALK,168.5,2.65512371521e+18
size_effect,ocn_ALK,169.5,2.65512843344e+18
size_effect,ocn_ALK,170.5,2.65513321096e+18
size_effect,ocn_ALK,171.5,2.65513808441e+18
size_effect,ocn_ALK,172.5,2.6551430812e+18
size_effect,ocn_ALK,173.5,2.6551482792e+18
size_effect,ocn_ALK,174.5,2.65515360604e+18
size_effect,ocn_ALK,175.5,2.6551592875e+18
size_effect,ocn_ALK,176.5,2.65516513066e+18
size_effect,ocn_ALK,177.5,2.6551711587e+18
size_effect,ocn_ALK,178.5,2.65517737894e+18
size_effect,ocn_ALK,179.5,2.65518396422e+18
size_effect,ocn_ALK,180.5,2.65519084501e+18
size_effect,ocn_ALK,181.5,2.65519793821e+18
size_effect,ocn_ALK,182.5,2.65520510041e+18
size_effect,ocn_ALK,183.5,2.65521239431e+18
size_effect,ocn_ALK,184.5,2.65521975004e+18
size_effect,ocn_ALK,185.5,2.65522713819e+18
size_effect,ocn_ALK,186.5,2.65523473407e+18
size_effect,ocn_ALK,187.5,2.65524253038e+18
size_effect,ocn_ALK,188.5,2.65525044019e+18
size_effect,ocn_ALK,189.5,2.65525862199e+18
size_effect,ocn_ALK,190.5,2.65526681156e+18
size_effect,ocn_ALK,191.5,2.65527500375e+18
size_effect,ocn_ALK,192.5,2.65528327297e+18
size_effect,ocn_ALK,193.5,2.6552915369e+18
size_effect,ocn_ALK,194.5,2.65529986716e+18
size_effect,ocn_ALK,195.5,2.65530825555e+18
size_effect,ocn_ALK,196.5,2.65531668868e+18
size_effect,ocn_ALK,197.5,2.65532525375e+18
size_effect,ocn_ALK,198.5,2.65533374621e+18
size_effect,ocn_ALK,199.5,2.65534219125e+18
noextinction,ocn_temp,0.5,11.141948
noextinction,ocn_temp,1.5,11.141935
noextinction,ocn_temp,2.5,11.141905
noextinction,ocn_temp,3.5,11.141863
noextinction,ocn_temp,4.5,11.141812
noextinction,ocn_temp,5.5,11.141753
noextinction,ocn_temp,6.5,11.141688
noextinction,ocn_temp,7.5,11.141616
noextinction,ocn_temp,8.5,11.141539
noextinction,ocn_temp,9.5,11.141457
noextinction,ocn_temp,10.5,11.14137
noextinction,ocn_temp,11.5,11.14128
noextinction,ocn_temp,12.5,11.141185
noextinction,ocn_temp,13.5,11.141087
noextinction,ocn_temp,14.5,11.140985
noextinction,ocn_temp,15.5,11.14088
noextinction,ocn_temp,16.5,11.140771
noextinction,ocn_temp,17.5,11.14066
noextinction,ocn_temp,18.5,11.140546
noextinction,ocn_temp,19.5,11.14043
noextinction,ocn_temp,20.5,11.140311
noextinction,ocn_temp,21.5,11.140189
noextinction,ocn_temp,22.5,11.140065
noextinction,ocn_temp,23.5,11.139938
noextinction,ocn_temp,24.5,11.139811
noextinction,ocn_temp,25.5,11.139682
noextinction,ocn_temp,26.5,11.13955
noextinction,ocn_temp,27.5,11.139417
noextinction,ocn_temp,28.5,11.139281
noextinction,ocn_temp,29.5,11.139144
noextinction,ocn_temp,30.5,11.139006
noextinction,ocn_temp,31.5,11.138865
noextinction,ocn_temp,32.5,11.138723
noextinction,ocn_temp,33.5,11.138579
noextinction,ocn_temp,34.5,11.138434
noextinction,ocn_temp,35.5,11.138288
noextinction,ocn_temp,36.5,11.13814
noextinction,ocn_temp,37.5,11.137991
noextinction,ocn_temp,38.5,11.137841
noextinction,ocn_temp,39.5,11.13769
noextinction,ocn_temp,40.5,11.137538
noextinction,ocn_temp,41.5,11.137385
noextinction,ocn_temp,42.5,11.137231
noextinction,ocn_temp,43.5,11.137076
noextinction,ocn_temp,44.5,11.13692
noextinction,ocn_temp,45.5,11.136763
noextinction,ocn_temp,46.5,11.136606
noextinction,ocn_temp,47.5,11.136447
noextinction,ocn_temp,48.5,11.136288
noextinction,ocn_temp,49.5,11.136127
noextinction,ocn_temp,50.5,11.135966
noextinction,ocn_temp,51.5,11.135804
noextinction,ocn_temp,52.5,11.135641
noextinction,ocn_temp,53.5,11.135478
noextinction,ocn_temp,54.5,11.135314
noextinction,ocn_temp,55.5,11.135149
noextinction,ocn_temp,56.5,11.134983
noextinction,ocn_temp,57.5,11.134817
noextinction,ocn_temp,58.5,11.134649
noextinction,ocn_temp,59.5,11.134482
noextinction,ocn_temp,60.5,11.134314
noextinction,ocn_temp,61.5,11.134145
noextinction,ocn_temp,62.5,11.133976
noextinction,ocn_temp,63.5,11.133806
noextinction,ocn_temp,64.5,11.133635
noextinction,ocn_temp,65.5,11.133464
noextinction,ocn_temp,66.5,11.133293
noextinction,ocn_temp,67.5,11.133121
noextinction,ocn_temp,68.5,11.132949
noextinction,ocn_temp,69.5,11.132777
noextinction,ocn_temp,70.5,11.132604
noextinction,ocn_temp,71.5,11.13243
noextinction,ocn_temp,72.5,11.132255
noextinction,ocn_temp,73.5,11.132079
noextinction,ocn_temp,74.5,11.131902
noextinction,ocn_temp,75.5,11.131724
noextinction,ocn_temp,76.5,11.131544
noextinction,ocn_temp,77.5,11.131365
noextinction,ocn_temp,78.5,11.131186
noextinction,ocn_temp,79.5,11.131006
noextinction,ocn_temp,80.5,11.130827
noextinction,ocn_temp,81.5,11.130647
noextinction,ocn_temp,82.5,11.130468
noextinction,ocn_temp,83.5,11.130288
noextinction,ocn_temp,84.5,11.130108
noextinction,ocn_temp,85.5,11.129928
noextinction,ocn_temp,86.5,11.129748
noextinction,ocn_temp,87.5,11.129568
noextinction,ocn_temp,88.5,11.129388
noextinction,ocn_temp,89.5,11.129208
noextinction,ocn_temp,90.5,11.129027
noextinction,ocn_temp,91.5,11.128847
noextinction,ocn_temp,92.5,11.128666
noextinction,ocn_temp,93.5,11.128486
noextinction,ocn_temp,94.5,11.128305
noextinction,ocn_temp,95.5,11.128125
noextinction,ocn_temp,96.5,11.127944
noextinction,ocn_temp,97.5,11.127763
noextinction,ocn_temp,98.5,11.127582
noextinction,ocn_temp,99.5,11.127401
noextinction,ocn_temp,100.5,11.127712
noextinction,ocn_temp,101.5,10.800368
noextinction,ocn_temp,102.5,10.198552
noextinction,ocn_temp,103.5,9.921711
noextinction,ocn_temp,104.5,9.943424
noextinction,ocn_temp,105.5,9.999649
noextinction,ocn_temp,106.5,10.047702
noextinction,ocn_temp,107.5,10.0901
noextinction,ocn_temp,108.5,10.128292
noextinction,ocn_temp,109.5,10.163166
noextinction,ocn_temp,110.5,10.195289
noextinction,ocn_temp,111.5,10.225078
noextinction,ocn_temp,112.5,10.252872
noextinction,ocn_temp,113.5,10.278938
noextinction,ocn_temp,114.5,10.303483
noextinction,ocn_temp,115.5,10.326672
noextinction,ocn_temp,116.5,10.348635
noextinction,ocn_temp,117.5,10.369482
noextinction,ocn_temp,118.5,10.389306
noextinction,ocn_temp,119.5,10.408196
noextinction,ocn_temp,120.5,10.426227
noextinction,ocn_temp,121.5,10.443466
noextinction,ocn_temp,122.5,10.459972
noextinction,ocn_temp,123.5,10.475798
noextinction,ocn_temp,124.5,10.490992
noextinction,ocn_temp,125.5,10.505588
noextinction,ocn_temp,126.5,10.51963
noextinction,ocn_temp,127.5,10.533154
noextinction,ocn_temp,128.5,10.546192
noextinction,ocn_temp,129.5,10.558773
noextinction,ocn_temp,130.5,10.57094
noextinction,ocn_temp,131.5,10.582731
noextinction,ocn_temp,132.5,10.594177
noextinction,ocn_temp,133.5,10.60532
noextinction,ocn_temp,134.5,10.616189
noextinction,ocn_temp,135.5,10.626803
noextinction,ocn_temp,136.5,10.637173
noextinction,ocn_temp,137.5,10.64731
noextinction,ocn_temp,138.5,10.657217
noextinction,ocn_temp,139.5,10.666903
noextinction,ocn_temp,140.5,10.67638
noextinction,ocn_temp,141.5,10.685653
noextinction,ocn_temp,142.5,10.694727
noextinction,ocn_temp,143.5,10.703611
noextinction,ocn_temp,144.5,10.71231
noextinction,ocn_temp,145.5,10.72083
noextinction,ocn_temp,146.5,10.729178
noextinction,ocn_temp,147.5,10.737359
noextinction,ocn_temp,148.5,10.74538
noextinction,ocn_temp,149.5,10.753245
noextinction,ocn_temp,150.5,10.76096
noextinction,ocn_temp,151.5,10.768529
noextinction,ocn_temp,152.5,10.775958
noextinction,ocn_temp,153.5,10.783254
noextinction,ocn_temp,154.5,10.790421
noextinction,ocn_temp,155.5,10.797464
noextinction,ocn_temp,156.5,10.804386
noextinction,ocn_temp,157.5,10.811192
noextinction,ocn_temp,158.5,10.817888
noextinction,ocn_temp,159.5,10.824477
noextinction,ocn_temp,160.5,10.830961
noextinction,ocn_temp,161.5,10.837343
noextinction,ocn_temp,162.5,10.843628
noextinction,ocn_temp,163.5,10.849818
noextinction,ocn_temp,164.5,10.855916
noextinction,ocn_temp,165.5,10.861927
noextinction,ocn_temp,166.5,10.867852
noextinction,ocn_temp,167.5,10.873695
noextinction,ocn_temp,168.5,10.879457
noextinction,ocn_temp,169.5,10.885142
noextinction,ocn_temp,170.5,10.890751
noextinction,ocn_temp,171.5,10.896288
noextinction,ocn_temp,172.5,10.901754
noextinction,ocn_temp,173.5,10.907152
noextinction,ocn_temp,174.5,10.912483
noextinction,ocn_temp,175.5,10.91775
noextinction,ocn_temp,176.5,10.922953
noextinction,ocn_temp,177.5,10.928095
noextinction,ocn_temp,178.5,10.933176
noextinction,ocn_temp,179.5,10.9382
noextinction,ocn_temp,180.5,10.943166
noextinction,ocn_temp,181.5,10.948076
noextinction,ocn_temp,182.5,10.952933
noextinction,ocn_temp,183.5,10.957736
noextinction,ocn_temp,184.5,10.96249
noextinction,ocn_temp,185.5,10.967194
noextinction,ocn_temp,186.5,10.971852
noextinction,ocn_temp,187.5,10.976468
noextinction,ocn_temp,188.5,10.981042
noextinction,ocn_temp,189.5,10.98558
noextinction,ocn_temp,190.5,10.990087
noextinction,ocn_temp,191.5,10.994562
noextinction,ocn_temp,192.5,10.999013
noextinction,ocn_temp,193.5,11.003442
noextinction,ocn_temp,194.5,11.007851
noextinction,ocn_temp,195.5,11.012243
noextinction,ocn_temp,196.5,11.016619
noextinction,ocn_temp,197.5,11.020978
noextinction,ocn_temp,198.5,11.025324
noextinction,ocn_temp,199.5,11.029654
noextinction,surpH,0.5,7.755177
noextinction,surpH,1.5,7.757692
noextinction,surpH,2.5,7.756949
noextinction,surpH,3.5,7.756602
noextinction,surpH,4.5,7.756471
noextinction,surpH,5.5,7.756428
noextinction,surpH,6.5,7.756422
noextinction,surpH,7.5,7.756441
noextinction,surpH,8.5,7.756471
noextinction,surpH,9.5,7.756513
noextinction,surpH,10.5,7.756561
noextinction,surpH,11.5,7.756617
noextinction,surpH,12.5,7.756675
noextinction,surpH,13.5,7.756738
noextinction,surpH,14.5,7.756802
noextinction,surpH,15.5,7.75687
noextinction,surpH,16.5,7.756938
noextinction,surpH,17.5,7.757009
noextinction,surpH,18.5,7.757081
noextinction,surpH,19.5,7.757154
noextinction,surpH,20.5,7.757227
noextinction,surpH,21.5,7.7573
noextinction,surpH,22.5,7.757373
noextinction,surpH,23.5,7.757445
noextinction,surpH,24.5,7.757519
noextinction,surpH,25.5,7.757593
noextinction,surpH,26.5,7.757665
noextinction,surpH,27.5,7.757739
noextinction,surpH,28.5,7.757811
noextinction,surpH,29.5,7.757883
noextinction,surpH,30.5,7.757954
noextinction,surpH,31.5,7.758026
noextinction,surpH,32.5,7.758096
noextinction,surpH,33.5,7.758166
noextinction,surpH,34.5,7.758235
noextinction,surpH,35.5,7.758304
noextinction,surpH,36.5,7.758373
noextinction,surpH,37.5,7.758442
noextinction,surpH,38.5,7.758505
noextinction,surpH,39.5,7.758574
noextinction,surpH,40.5,7.758639
noextinction,surpH,41.5,7.758704
noextinction,surpH,42.5,7.758769
noextinction,surpH,43.5,7.758832
noextinction,surpH,44.5,7.758895
noextinction,surpH,45.5,7.758957
noextinction,surpH,46.5,7.75902
noextinction,surpH,47.5,7.759079
noextinction,surpH,48.5,7.759141
noextinction,surpH,49.5,7.759202
noextinction,surpH,50.5,7.75926
noextinction,surpH,51.5,7.75932
noextinction,surpH,52.5,7.759379
noextinction,surpH,53.5,7.759436
noextinction,surpH,54.5,7.759495
noextinction,surpH,55.5,7.759554
noextinction,surpH,56.5,7.75961
noextinction,surpH,57.5,7.759667
noextinction,surpH,58.5,7.759718
noextinction,surpH,59.5,7.759774
noextinction,surpH,60.5,7.759827
noextinction,surpH,61.5,7.759884
noextinction,surpH,62.5,7.759934
noextinction,surpH,63.5,7.759989
noextinction,surpH,64.5,7.760039
noextinction,surpH,65.5,7.760092
noextinction,surpH,66.5,7.760143
noextinction,surpH,67.5,7.760195
noextinction,surpH,68.5,7.760246
noextinction,surpH,69.5,7.760297
noextinction,surpH,70.5,7.760346
noextinction,surpH,71.5,7.760397
noextinction,surpH,72.5,7.760446
noextinction,surpH,73.5,7.760496
noextinction,surpH,74.5,7.760542
noextinction,surpH,75.5,7.760592
noextinction,surpH,76.5,7.760639
noextinction,surpH,77.5,7.760686
noextinction,surpH,78.5,7.760731
noextinction,surpH,79.5,7.760777
noextinction,surpH,80.5,7.760821
noextinction,surpH,81.5,7.760867
noextinction,surpH,82.5,7.760912
noextinction,surpH,83.5,7.760956
noextinction,surpH,84.5,7.761
noextinction,surpH,85.5,7.761044
noextinction,surpH,86.5,7.761085
noextinction,surpH,87.5,7.76113
noextinction,surpH,88.5,7.761173
noextinction,surpH,89.5,7.761213
noextinction,surpH,90.5,7.761257
noextinction,surpH,91.5,7.761297
noextinction,surpH,92.5,7.761337
noextinction,surpH,93.5,7.76138
noextinction,surpH,94.5,7.761419
noextinction,surpH,95.5,7.76146
noextinction,surpH,96.5,7.761499
noextinction,surpH,97.5,7.761539
noextinction,surpH,98.5,7.761579
noextinction,surpH,99.5,7.761616
noextinction,surpH,100.5,7.716484
noextinction,surpH,101.5,7.504761
noextinction,surpH,102.5,7.44469
noextinction,surpH,103.5,7.514567
noextinction,surpH,104.5,7.514449
noextinction,surpH,105.5,7.510459
noextinction,surpH,106.5,7.509051
noextinction,surpH,107.5,7.508444
noextinction,surpH,108.5,7.508148
noextinction,surpH,109.5,7.50804
noextinction,surpH,110.5,7.508013
noextinction,surpH,111.5,7.508037
noextinction,surpH,112.5,7.508151
noextinction,surpH,113.5,7.508355
noextinction,surpH,114.5,7.508552
noextinction,surpH,115.5,7.508788
noextinction,surpH,116.5,7.509056
noextinction,surpH,117.5,7.509347
noextinction,surpH,118.5,7.509647
noextinction,surpH,119.5,7.509958
noextinction,surpH,120.5,7.51025
noextinction,surpH,121.5,7.510534
noextinction,surpH,122.5,7.510796
noextinction,surpH,123.5,7.511048
noextinction,surpH,124.5,7.511304
noextinction,surpH,125.5,7.511541
noextinction,surpH,126.5,7.511774
noextinction,surpH,127.5,7.511987
noextinction,surpH,128.5,7.512212
noextinction,surpH,129.5,7.512433
noextinction,surpH,130.5,7.51263
noextinction,surpH,131.5,7.512845
noextinction,surpH,132.5,7.513056
noextinction,surpH,133.5,7.513263
noextinction,surpH,134.5,7.51347
noextinction,surpH,135.5,7.513661
noextinction,surpH,136.5,7.51385
noextinction,surpH,137.5,7.51403
noextinction,surpH,138.5,7.514201
noextinction,surpH,139.5,7.514366
noextinction,surpH,140.5,7.514541
noextinction,surpH,141.5,7.514701
noextinction,surpH,142.5,7.514854
noextinction,surpH,143.5,7.515003
noextinction,surpH,144.5,7.515155
noextinction,surpH,145.5,7.515306
noextinction,surpH,146.5,7.51545
noextinction,surpH,147.5,7.515596
noextinction,surpH,148.5,7.515745
noextinction,surpH,149.5,7.515896
noextinction,surpH,150.5,7.516044
noextinction,surpH,151.5,7.516193
noextinction,surpH,152.5,7.516337
noextinction,surpH,153.5,7.516486
noextinction,surpH,154.5,7.516632
noextinction,surpH,155.5,7.516783
noextinction,surpH,156.5,7.516932
noextinction,surpH,157.5,7.517081
noextinction,surpH,158.5,7.517236
noextinction,surpH,159.5,7.517387
noextinction,surpH,160.5,7.517539
noextinction,surpH,161.5,7.517695
noextinction,surpH,162.5,7.517842
noextinction,surpH,163.5,7.517992
noextinction,surpH,164.5,7.518145
noextinction,surpH,165.5,7.518298
noextinction,surpH,166.5,7.518447
noextinction,surpH,167.5,7.518592
noextinction,surpH,168.5,7.518739
noextinction,surpH,169.5,7.518886
noextinction,surpH,170.5,7.519035
noextinction,surpH,171.5,7.519182
noextinction,surpH,172.5,7.519326
noextinction,surpH,173.5,7.519472
noextinction,surpH,174.5,7.519615
noextinction,surpH,175.5,7.519761
noextinction,surpH,176.5,7.519901
noextinction,surpH,177.5,7.520045
noextinction,surpH,178.5,7.520187
noextinction,surpH,179.5,7.520328
noextinction,surpH,180.5,7.520469
noextinction,surpH,181.5,7.520609
noextinction,surpH,182.5,7.520752
noextinction,surpH,183.5,7.520892
noextinction,surpH,184.5,7.521034
noextinction,surpH,185.5,7.521179
noextinction,surpH,186.5,7.521319
noextinction,surpH,187.5,7.521469
noextinction,surpH,188.5,7.521615
noextinction,surpH,189.5,7.52176
noextinction,surpH,190.5,7.521909
noextinction,surpH,191.5,7.52206
noextinction,surpH,192.5,7.522212
noextinction,surpH,193.5,7.522368
noextinction,surpH,194.5,7.522523
noextinction,surpH,195.5,7.522677
noextinction,surpH,196.5,7.52284
noextinction,surpH,197.5,7.522994
noextinction,surpH,198.5,7.523153
noextinction,surpH,199.5,7.523312
noextinction,fexport_POC,0.5,809290000000000.0
noextinction,fexport_POC,1.5,735780700000000.0
noextinction,fexport_POC,2.5,727081400000000.0
noextinction,fexport_POC,3.5,721590200000000.0
noextinction,fexport_POC,4.5,717966900000000.0
noextinction,fexport_POC,5.5,715424800000000.0
noextinction,fexport_POC,6.5,713530900000000.0
noextinction,fexport_POC,7.5,712058900000000.0
noextinction,fexport_POC,8.5,710868800000000.0
noextinction,fexport_POC,9.5,709886200000000.0
noextinction,fexport_POC,10.5,709066300000000.0
noextinction,fexport_POC,11.5,708367400000000.0
noextinction,fexport_POC,12.5,707767400000000.0
noextinction,fexport_POC,13.5,707255800000000.0
noextinction,fexport_POC,14.5,706801100000000.0
noextinction,fexport_POC,15.5,706402100000000.0
noextinction,fexport_POC,16.5,706048400000000.0
noextinction,fexport_POC,17.5,705735400000000.0
noextinction,fexport_POC,18.5,705455200000000.0
noextinction,fexport_POC,19.5,705202000000000.0
noextinction,fexport_POC,20.5,704974900000000.0
noextinction,fexport_POC,21.5,704769500000000.0
noextinction,fexport_POC,22.5,704582900000000.0
noextinction,fexport_POC,23.5,704452700000000.0
noextinction,fexport_POC,24.5,704300700000000.0
noextinction,fexport_POC,25.5,704159700000000.0
noextinction,fexport_POC,26.5,704028800000000.0
noextinction,fexport_POC,27.5,703913400000000.0
noextinction,fexport_POC,28.5,703805700000000.0
noextinction,fexport_POC,29.5,703704700000000.0
noextinction,fexport_POC,30.5,703615400000000.0
noextinction,fexport_POC,31.5,703534200000000.0
noextinction,fexport_POC,32.5,703457600000000.0
noextinction,fexport_POC,33.5,703385000000000.0
noextinction,fexport_POC,34.5,703320800000000.0
noextinction,fexport_POC,35.5,703262200000000.0
noextinction,fexport_POC,36.5,703208000000000.0
noextinction,fexport_POC,37.5,703155600000000.0
noextinction,fexport_POC,38.5,703112100000000.0
noextinction,fexport_POC,39.5,703081300000000.0
noextinction,fexport_POC,40.5,703039500000000.0
noextinction,fexport_POC,41.5,703000500000000.0
noextinction,fexport_POC,42.5,702964100000000.0
noextinction,fexport_POC,43.5,702928900000000.0
noextinction,fexport_POC,44.5,702897900000000.0
noextinction,fexport_POC,45.5,702869600000000.0
noextinction,fexport_POC,46.5,702844700000000.0
noextinction,fexport_POC,47.5,702820500000000.0
noextinction,fexport_POC,48.5,702800700000000.0
noextinction,fexport_POC,49.5,702782100000000.0
noextinction,fexport_POC,50.5,702764400000000.0
noextinction,fexport_POC,51.5,702751800000000.0
noextinction,fexport_POC,52.5,702739600000000.0
noextinction,fexport_POC,53.5,702728600000000.0
noextinction,fexport_POC,54.5,702720600000000.0
noextinction,fexport_POC,55.5,702712600000000.0
noextinction,fexport_POC,56.5,702705700000000.0
noextinction,fexport_POC,57.5,702698800000000.0
noextinction,fexport_POC,58.5,702695800000000.0
noextinction,fexport_POC,59.5,702700900000000.0
noextinction,fexport_POC,60.5,702697300000000.0
noextinction,fexport_POC,61.5,702698100000000.0
noextinction,fexport_POC,62.5,702695100000000.0
noextinction,fexport_POC,63.5,702697500000000.0
noextinction,fexport_POC,64.5,702699000000000.0
noextinction,fexport_POC,65.5,702702300000000.0
noextinction,fexport_POC,66.5,702705600000000.0
noextinction,fexport_POC,67.5,702708800000000.0
noextinction,fexport_POC,68.5,702715100000000.0
noextinction,fexport_POC,69.5,702721000000000.0
noextinction,fexport_POC,70.5,702728000000000.0
noextinction,fexport_POC,71.5,702735800000000.0
noextinction,fexport_POC,72.5,702741700000000.0
noextinction,fexport_POC,73.5,702751800000000.0
noextinction,fexport_POC,74.5,702762200000000.0
noextinction,fexport_POC,75.5,702772800000000.0
noextinction,fexport_POC,76.5,702783400000000.0
noextinction,fexport_POC,77.5,702792500000000.0
noextinction,fexport_POC,78.5,702806100000000.0
noextinction,fexport_POC,79.5,702820200000000.0
noextinction,fexport_POC,80.5,702833400000000.0
noextinction,fexport_POC,81.5,702847300000000.0
noextinction,fexport_POC,82.5,702861600000000.0
noextinction,fexport_POC,83.5,702876000000000.0
noextinction,fexport_POC,84.5,702890500000000.0
noextinction,fexport_POC,85.5,702906100000000.0
noextinction,fexport_POC,86.5,702921300000000.0
noextinction,fexport_POC,87.5,702938300000000.0
noextinction,fexport_POC,88.5,702952500000000.0
noextinction,fexport_POC,89.5,702969600000000.0
noextinction,fexport_POC,90.5,702987200000000.0
noextinction,fexport_POC,91.5,703003600000000.0
noextinction,fexport_POC,92.5,703022400000000.0
noextinction,fexport_POC,93.5,703040000000000.0
noextinction,fexport_POC,94.5,703058100000000.0
noextinction,fexport_POC,95.5,703076500000000.0
noextinction,fexport_POC,96.5,703094600000000.0
noextinction,fexport_POC,97.5,703115100000000.0
noextinction,fexport_POC,98.5,703132300000000.0
noextinction,fexport_POC,99.5,703153900000000.0
noextinction,fexport_POC,100.5,708159300000000.0
noextinction,fexport_POC,101.5,45052730000000.0
noextinction,fexport_POC,102.5,10006650000000.0
noextinction,fexport_POC,103.5,1246267000000000.0
noextinction,fexport_POC,104.5,1425492000000000.0
noextinction,fexport_POC,105.5,1312046000000000.0
noextinction,fexport_POC,106.5,1217857000000000.0
noextinction,fexport_POC,107.5,1142738000000000.0
noextinction,fexport_POC,108.5,1084325000000000.0
noextinction,fexport_POC,109.5,1039032000000000.0
noextinction,fexport_POC,110.5,1001277000000000.0
noextinction,fexport_POC,111.5,969191600000000.0
noextinction,fexport_POC,112.5,944696900000000.0
noextinction,fexport_POC,113.5,923922000000000.0
noextinction,fexport_POC,114.5,905750200000000.0
noextinction,fexport_POC,115.5,889858300000000.0
noextinction,fexport_POC,116.5,875893000000000.0
noextinction,fexport_POC,117.5,863420400000000.0
noextinction,fexport_POC,118.5,852281400000000.0
noextinction,fexport_POC,119.5,842778200000000.0
noextinction,fexport_POC,120.5,834096000000000.0
noextinction,fexport_POC,121.5,826308600000000.0
noextinction,fexport_POC,122.5,818875800000000.0
noextinction,fexport_POC,123.5,812134700000000.0
noextinction,fexport_POC,124.5,805962900000000.0
noextinction,fexport_POC,125.5,799865400000000.0
noextinction,fexport_POC,126.5,794192400000000.0
noextinction,fexport_POC,127.5,788741200000000.0
noextinction,fexport_POC,128.5,783953800000000.0
noextinction,fexport_POC,129.5,779611900000000.0
noextinction,fexport_POC,130.5,775709300000000.0
noextinction,fexport_POC,131.5,771935100000000.0
noextinction,fexport_POC,132.5,768227700000000.0
noextinction,fexport_POC,133.5,764557500000000.0
noextinction,fexport_POC,134.5,760950300000000.0
noextinction,fexport_POC,135.5,757469400000000.0
noextinction,fexport_POC,136.5,754014900000000.0
noextinction,fexport_POC,137.5,750528100000000.0
noextinction,fexport_POC,138.5,747130200000000.0
noextinction,fexport_POC,139.5,743803400000000.0
noextinction,fexport_POC,140.5,740598600000000.0
noextinction,fexport_POC,141.5,737472100000000.0
noextinction,fexport_POC,142.5,734394900000000.0
noextinction,fexport_POC,143.5,731695400000000.0
noextinction,fexport_POC,144.5,729130900000000.0
noextinction,fexport_POC,145.5,726676000000000.0
noextinction,fexport_POC,146.5,724459000000000.0
noextinction,fexport_POC,147.5,722340100000000.0
noextinction,fexport_POC,148.5,720395000000000.0
noextinction,fexport_POC,149.5,718501600000000.0
noextinction,fexport_POC,150.5,716670000000000.0
noextinction,fexport_POC,151.5,715065100000000.0
noextinction,fexport_POC,152.5,713580400000000.0
noextinction,fexport_POC,153.5,712163600000000.0
noextinction,fexport_POC,154.5,710837800000000.0
noextinction,fexport_POC,155.5,709618400000000.0
noextinction,fexport_POC,156.5,708492900000000.0
noextinction,fexport_POC,157.5,707457300000000.0
noextinction,fexport_POC,158.5,706429900000000.0
noextinction,fexport_POC,159.5,705425900000000.0
noextinction,fexport_POC,160.5,704506600000000.0
noextinction,fexport_POC,161.5,703600600000000.0
noextinction,fexport_POC,162.5,702703000000000.0
noextinction,fexport_POC,163.5,701871600000000.0
noextinction,fexport_POC,164.5,701065100000000.0
noextinction,fexport_POC,165.5,700330700000000.0
noextinction,fexport_POC,166.5,699585000000000.0
noextinction,fexport_POC,167.5,698845100000000.0
noextinction,fexport_POC,168.5,698146300000000.0
noextinction,fexport_POC,169.5,697505100000000.0
noextinction,fexport_POC,170.5,696858600000000.0
noextinction,fexport_POC,171.5,696223000000000.0
noextinction,fexport_POC,172.5,695661500000000.0
noextinction,fexport_POC,173.5,695079100000000.0
noextinction,fexport_POC,174.5,694569400000000.0
noextinction,fexport_POC,175.5,694013000000000.0
noextinction,fexport_POC,176.5,693502100000000.0
noextinction,fexport_POC,177.5,693059800000000.0
noextinction,fexport_POC,178.5,692634000000000.0
noextinction,fexport_POC,179.5,692163000000000.0
noextinction,fexport_POC,180.5,691731400000000.0
noextinction,fexport_POC,181.5,691374400000000.0
noextinction,fexport_POC,182.5,690952800000000.0
noextinction,fexport_POC,183.5,690590100000000.0
noextinction,fexport_POC,184.5,690273400000000.0
noextinction,fexport_POC,185.5,690053000000000.0
noextinction,fexport_POC,186.5,689855300000000.0
noextinction,fexport_POC,187.5,689798400000000.0
noextinction,fexport_POC,188.5,689737000000000.0
noextinction,fexport_POC,189.5,689771300000000.0
noextinction,fexport_POC,190.5,689869300000000.0
noextinction,fexport_POC,191.5,690135100000000.0
noextinction,fexport_POC,192.5,690531700000000.0
noextinction,fexport_POC,193.5,690884800000000.0
noextinction,fexport_POC,194.5,691287600000000.0
noextinction,fexport_POC,195.5,691814500000000.0
noextinction,fexport_POC,196.5,692197700000000.0
noextinction,fexport_POC,197.5,692625200000000.0
noextinction,fexport_POC,198.5,693032000000000.0
noextinction,fexport_POC,199.5,693439000000000.0
noextinction,ocn_O2,0.5,1.66619584064e+17
noextinction,ocn_O2,1.5,1.6639713821e+17
noextinction,ocn_O2,2.5,1.66188584798e+17
noextinction,ocn_O2,3.5,1.66007751745e+17
noextinction,ocn_O2,4.5,1.65844641497e+17
noextinction,ocn_O2,5.5,1.65695211938e+17
noextinction,ocn_O2,6.5,1.6555600605e+17
noextinction,ocn_O2,7.5,1.65424714687e+17
noextinction,ocn_O2,8.5,1.65299655197e+17
noextinction,ocn_O2,9.5,1.65179738755e+17
noextinction,ocn_O2,10.5,1.65064221593e+17
noextinction,ocn_O2,11.5,1.64952300912e+17
noextinction,ocn_O2,12.5,1.64843461937e+17
noextinction,ocn_O2,13.5,1.64737492042e+17
noextinction,ocn_O2,14.5,1.64634090203e+17
noextinction,ocn_O2,15.5,1.64533102128e+17
noextinction,ocn_O2,16.5,1.64434221892e+17
noextinction,ocn_O2,17.5,1.64337310307e+17
noextinction,ocn_O2,18.5,1.64242184546e+17
noextinction,ocn_O2,19.5,1.64148714501e+17
noextinction,ocn_O2,20.5,1.64056900904e+17
noextinction,ocn_O2,21.5,1.63966680251e+17
noextinction,ocn_O2,22.5,1.63877884804e+17
noextinction,ocn_O2,23.5,1.63790493478e+17
noextinction,ocn_O2,24.5,1.63704493132e+17
noextinction,ocn_O2,25.5,1.63619729894e+17
noextinction,ocn_O2,26.5,1.63536203289e+17
noextinction,ocn_O2,27.5,1.63453848606e+17
noextinction,ocn_O2,28.5,1.63372541789e+17
noextinction,ocn_O2,29.5,1.63292293218e+17
noextinction,ocn_O2,30.5,1.63213162203e+17
noextinction,ocn_O2,31.5,1.63135052146e+17
noextinction,ocn_O2,32.5,1.63057924423e+17
noextinction,ocn_O2,33.5,1.62981851731e+17
noextinction,ocn_O2,34.5,1.62906805098e+17
noextinction,ocn_O2,35.5,1.62832674154e+17
noextinction,ocn_O2,36.5,1.62759404152e+17
noextinction,ocn_O2,37.5,1.62687000752e+17
noextinction,ocn_O2,38.5,1.62615557363e+17
noextinction,ocn_O2,39.5,1.62545213881e+17
noextinction,ocn_O2,40.5,1.62475589706e+17
noextinction,ocn_O2,41.5,1.62406790176e+17
noextinction,ocn_O2,42.5,1.62338774821e+17
noextinction,ocn_O2,43.5,1.6227151535e+17
noextinction,ocn_O2,44.5,1.62205051301e+17
noextinction,ocn_O2,45.5,1.62139356413e+17
noextinction,ocn_O2,46.5,1.62074395574e+17
noextinction,ocn_O2,47.5,1.62010207239e+17
noextinction,ocn_O2,48.5,1.61946744337e+17
noextinction,ocn_O2,49.5,1.61883898004e+17
noextinction,ocn_O2,50.5,1.61821761206e+17
noextinction,ocn_O2,51.5,1.61760316578e+17
noextinction,ocn_O2,52.5,1.61699473498e+17
noextinction,ocn_O2,53.5,1.61639242367e+17
noextinction,ocn_O2,54.5,1.61579668345e+17
noextinction,ocn_O2,55.5,1.61520732171e+17
noextinction,ocn_O2,56.5,1.61462386318e+17
noextinction,ocn_O2,57.5,1.61404626423e+17
noextinction,ocn_O2,58.5,1.6134753308e+17
noextinction,ocn_O2,59.5,1.61291112118e+17
noextinction,ocn_O2,60.5,1.61235204616e+17
noextinction,ocn_O2,61.5,1.61179777887e+17
noextinction,ocn_O2,62.5,1.61124776837e+17
noextinction,ocn_O2,63.5,1.61070379592e+17
noextinction,ocn_O2,64.5,1.61016503689e+17
noextinction,ocn_O2,65.5,1.60963186021e+17
noextinction,ocn_O2,66.5,1.60910348035e+17
noextinction,ocn_O2,67.5,1.60858046408e+17
noextinction,ocn_O2,68.5,1.60806222467e+17
noextinction,ocn_O2,69.5,1.60754818402e+17
noextinction,ocn_O2,70.5,1.60703875656e+17
noextinction,ocn_O2,71.5,1.60653395188e+17
noextinction,ocn_O2,72.5,1.60603330207e+17
noextinction,ocn_O2,73.5,1.60553786379e+17
noextinction,ocn_O2,74.5,1.60504721189e+17
noextinction,ocn_O2,75.5,1.60456110907e+17
noextinction,ocn_O2,76.5,1.60407903299e+17
noextinction,ocn_O2,77.5,1.60360138521e+17
noextinction,ocn_O2,78.5,1.60312837969e+17
noextinction,ocn_O2,79.5,1.60265921578e+17
noextinction,ocn_O2,80.5,1.60219423022e+17
noextinction,ocn_O2,81.5,1.60173334633e+17
noextinction,ocn_O2,82.5,1.60127578171e+17
noextinction,ocn_O2,83.5,1.60082170887e+17
noextinction,ocn_O2,84.5,1.60037154262e+17
noextinction,ocn_O2,85.5,1.59992531335e+17
noextinction,ocn_O2,86.5,1.59948323023e+17
noextinction,ocn_O2,87.5,1.59904477171e+17
noextinction,ocn_O2,88.5,1.59860909817e+17
noextinction,ocn_O2,89.5,1.59817768865e+17
noextinction,ocn_O2,90.5,1.59774978629e+17
noextinction,ocn_O2,91.5,1.59732513079e+17
noextinction,ocn_O2,92.5,1.59690430745e+17
noextinction,ocn_O2,93.5,1.59648683408e+17
noextinction,ocn_O2,94.5,1.59607265775e+17
noextinction,ocn_O2,95.5,1.59566160218e+17
noextinction,ocn_O2,96.5,1.59525403928e+17
noextinction,ocn_O2,97.5,1.5948494919e+17
noextinction,ocn_O2,98.5,1.59444716899e+17
noextinction,ocn_O2,99.5,1.5940488235e+17
noextinction,ocn_O2,100.5,1.59362403183e+17
noextinction,ocn_O2,101.5,1.63985319302e+17
noextinction,ocn_O2,102.5,1.79575780847e+17
noextinction,ocn_O2,103.5,1.93317137391e+17
noextinction,ocn_O2,104.5,1.95249471942e+17
noextinction,ocn_O2,105.5,1.94613372394e+17
noextinction,ocn_O2,106.5,1.9355859508e+17
noextinction,ocn_O2,107.5,1.92488402844e+17
noextinction,ocn_O2,108.5,1.91485703022e+17
noextinction,ocn_O2,109.5,1.9056646406e+17
noextinction,ocn_O2,110.5,1.89729471585e+17
noextinction,ocn_O2,111.5,1.88966276702e+17
noextinction,ocn_O2,112.5,1.88270154518e+17
noextinction,ocn_O2,113.5,1.87621898943e+17
noextinction,ocn_O2,114.5,1.87013205373e+17
noextinction,ocn_O2,115.5,1.86444783021e+17
noextinction,ocn_O2,116.5,1.85912736768e+17
noextinction,ocn_O2,117.5,1.85409892386e+17
noextinction,ocn_O2,118.5,1.849314283e+17
noextinction,ocn_O2,119.5,1.84473023675e+17
noextinction,ocn_O2,120.5,1.84030013632e+17
noextinction,ocn_O2,121.5,1.8360361953e+17
noextinction,ocn_O2,122.5,1.83193510258e+17
noextinction,ocn_O2,123.5,1.82802253589e+17
noextinction,ocn_O2,124.5,1.82427644703e+17
noextinction,ocn_O2,125.5,1.82068448748e+17
noextinction,ocn_O2,126.5,1.81722208963e+17
noextinction,ocn_O2,127.5,1.81389215366e+17
noextinction,ocn_O2,128.5,1.81069292068e+17
noextinction,ocn_O2,129.5,1.80760246319e+17
noextinction,ocn_O2,130.5,1.80463007513e+17
noextinction,ocn_O2,131.5,1.80176647367e+17
noextinction,ocn_O2,132.5,1.79899399328e+17
noextinction,ocn_O2,133.5,1.79630238173e+17
noextinction,ocn_O2,134.5,1.79368447117e+17
noextinction,ocn_O2,135.5,1.79115249951e+17
noextinction,ocn_O2,136.5,1.78869776214e+17
noextinction,ocn_O2,137.5,1.78630991281e+17
noextinction,ocn_O2,138.5,1.78398643056e+17
noextinction,ocn_O2,139.5,1.78171403217e+17
noextinction,ocn_O2,140.5,1.77948713467e+17
noextinction,ocn_O2,141.5,1.77729755393e+17
noextinction,ocn_O2,142.5,1.77515218439e+17
noextinction,ocn_O2,143.5,1.77306225289e+17
noextinction,ocn_O2,144.5,1.7710262497e+17
noextinction,ocn_O2,145.5,1.76903279888e+17
noextinction,ocn_O2,146.5,1.76708118743e+17
noextinction,ocn_O2,147.5,1.76516535578e+17
noextinction,ocn_O2,148.5,1.76327955798e+17
noextinction,ocn_O2,149.5,1.76141289355e+17
noextinction,ocn_O2,150.5,1.75957060104e+17
noextinction,ocn_O2,151.5,1.75776302013e+17
noextinction,ocn_O2,152.5,1.7559879016e+17
noextinction,ocn_O2,153.5,1.7542371133e+17
noextinction,ocn_O2,154.5,1.75250541947e+17
noextinction,ocn_O2,155.5,1.75079481351e+17
noextinction,ocn_O2,156.5,1.7490977142e+17
noextinction,ocn_O2,157.5,1.74742323797e+17
noextinction,ocn_O2,158.5,1.74576603087e+17
noextinction,ocn_O2,159.5,1.74412556376e+17
noextinction,ocn_O2,160.5,1.7424991433e+17
noextinction,ocn_O2,161.5,1.74087895281e+17
noextinction,ocn_O2,162.5,1.73926337394e+17
noextinction,ocn_O2,163.5,1.73765659549e+17
noextinction,ocn_O2,164.5,1.73605585551e+17
noextinction,ocn_O2,165.5,1.73445765692e+17
noextinction,ocn_O2,166.5,1.73286261541e+17
noextinction,ocn_O2,167.5,1.73127751518e+17
noextinction,ocn_O2,168.5,1.72970441722e+17
noextinction,ocn_O2,169.5,1.72813943068e+17
noextinction,ocn_O2,170.5,1.72657969793e+17
noextinction,ocn_O2,171.5,1.72502165957e+17
noextinction,ocn_O2,172.5,1.72347265037e+17
noextinction,ocn_O2,173.5,1.72193397573e+17
noextinction,ocn_O2,174.5,1.7204004442e+17
noextinction,ocn_O2,175.5,1.71887245687e+17
noextinction,ocn_O2,176.5,1.71734823755e+17
noextinction,ocn_O2,177.5,1.71582923898e+17
noextinction,ocn_O2,178.5,1.71431711995e+17
noextinction,ocn_O2,179.5,1.71280954148e+17
noextinction,ocn_O2,180.5,1.71130612214e+17
noextinction,ocn_O2,181.5,1.7098115345e+17
noextinction,ocn_O2,182.5,1.70832013617e+17
noextinction,ocn_O2,183.5,1.70682991427e+17
noextinction,ocn_O2,184.5,1.70534531123e+17
noextinction,ocn_O2,185.5,1.70386171547e+17
noextinction,ocn_O2,186.5,1.70237346891e+17
noextinction,ocn_O2,187.5,1.70088419513e+17
noextinction,ocn_O2,188.5,1.69938740881e+17
noextinction,ocn_O2,189.5,1.69789411673e+17
noextinction,ocn_O2,190.5,1.6963985238e+17
noextinction,ocn_O2,191.5,1.69490205887e+17
noextinction,ocn_O2,192.5,1.69340808291e+17
noextinction,ocn_O2,193.5,1.69190603846e+17
noextinction,ocn_O2,194.5,1.69039665162e+17
noextinction,ocn_O2,195.5,1.6888894046e+17
noextinction,ocn_O2,196.5,1.68737053016e+17
noextinction,ocn_O2,197.5,1.68584502245e+17
noextinction,ocn_O2,198.5,1.68431722101e+17
noextinction,ocn_O2,199.5,1.68277974902e+17
noextinction,ocn_ALK,0.5,2.65740666625e+18
noextinction,ocn_ALK,1.5,2.65743592844e+18
noextinction,ocn_ALK,2.5,2.65746548712e+18
noextinction,ocn_ALK,3.5,2.6574955263e+18
noextinction,ocn_ALK,4.5,2.65752563079e+18
noextinction,ocn_ALK,5.5,2.6575557859e+18
noextinction,ocn_ALK,6.5,2.6575857885e+18
noextinction,ocn_ALK,7.5,2.65761560844e+18
noextinction,ocn_ALK,8.5,2.65764520316e+18
noextinction,ocn_ALK,9.5,2.65767450939e+18
noextinction,ocn_ALK,10.5,2.65770358185e+18
noextinction,ocn_ALK,11.5,2.65773227949e+18
noextinction,ocn_ALK,12.5,2.65776052945e+18
noextinction,ocn_ALK,13.5,2.65778838318e+18
noextinction,ocn_ALK,14.5,2.65781588337e+18
noextinction,ocn_ALK,15.5,2.65784309529e+18
noextinction,ocn_ALK,16.5,2.65786992604e+18
noextinction,ocn_ALK,17.5,2.65789636651e+18
noextinction,ocn_ALK,18.5,2.65792245285e+18
noextinction,ocn_ALK,19.5,2.65794819176e+18
noextinction,ocn_ALK,20.5,2.65797363429e+18
noextinction,ocn_ALK,21.5,2.65799875369e+18
noextinction,ocn_ALK,22.5,2.65802352395e+18
noextinction,ocn_ALK,23.5,2.65804795914e+18
noextinction,ocn_ALK,24.5,2.65807208762e+18
noextinction,ocn_ALK,25.5,2.65809588252e+18
noextinction,ocn_ALK,26.5,2.65811936526e+18
noextinction,ocn_ALK,27.5,2.65814254522e+18
noextinction,ocn_ALK,28.5,2.65816542322e+18
noextinction,ocn_ALK,29.5,2.65818800828e+18
noextinction,ocn_ALK,30.5,2.65821037335e+18
noextinction,ocn_ALK,31.5,2.65823250207e+18
noextinction,ocn_ALK,32.5,2.65825440803e+18
noextinction,ocn_ALK,33.5,2.65827614712e+18
noextinction,ocn_ALK,34.5,2.65829771297e+18
noextinction,ocn_ALK,35.5,2.65831907337e+18
noextinction,ocn_ALK,36.5,2.65834024288e+18
noextinction,ocn_ALK,37.5,2.6583612809e+18
noextinction,ocn_ALK,38.5,2.6583821815e+18
noextinction,ocn_ALK,39.5,2.65840292511e+18
noextinction,ocn_ALK,40.5,2.65842351533e+18
noextinction,ocn_ALK,41.5,2.65844397065e+18
noextinction,ocn_ALK,42.5,2.65846424231e+18
noextinction,ocn_ALK,43.5,2.65848433133e+18
noextinction,ocn_ALK,44.5,2.65850426611e+18
noextinction,ocn_ALK,45.5,2.65852405473e+18
noextinction,ocn_ALK,46.5,2.65854370285e+18
noextinction,ocn_ALK,47.5,2.65856322849e+18
noextinction,ocn_ALK,48.5,2.65858262471e+18
noextinction,ocn_ALK,49.5,2.65860187052e+18
noextinction,ocn_ALK,50.5,2.65862097943e+18
noextinction,ocn_ALK,51.5,2.65863993972e+18
noextinction,ocn_ALK,52.5,2.65865877565e+18
noextinction,ocn_ALK,53.5,2.65867747044e+18
noextinction,ocn_ALK,54.5,2.65869604902e+18
noextinction,ocn_ALK,55.5,2.6587145331e+18
noextinction,ocn_ALK,56.5,2.65873288745e+18
noextinction,ocn_ALK,57.5,2.65875110705e+18
noextinction,ocn_ALK,58.5,2.65876921612e+18
noextinction,ocn_ALK,59.5,2.65878719543e+18
noextinction,ocn_ALK,60.5,2.65880505873e+18
noextinction,ocn_ALK,61.5,2.65882278595e+18
noextinction,ocn_ALK,62.5,2.65884036612e+18
noextinction,ocn_ALK,63.5,2.65885782086e+18
noextinction,ocn_ALK,64.5,2.65887514924e+18
noextinction,ocn_ALK,65.5,2.65889238796e+18
noextinction,ocn_ALK,66.5,2.65890954758e+18
noextinction,ocn_ALK,67.5,2.65892660315e+18
noextinction,ocn_ALK,68.5,2.65894353977e+18
noextinction,ocn_ALK,69.5,2.65896036743e+18
noextinction,ocn_ALK,70.5,2.65897706836e+18
noextinction,ocn_ALK,71.5,2.65899364329e+18
noextinction,ocn_ALK,72.5,2.65901010218e+18
noextinction,ocn_ALK,73.5,2.6590264445e+18
noextinction,ocn_ALK,74.5,2.65904267686e+18
noextinction,ocn_ALK,75.5,2.65905879824e+18
noextinction,ocn_ALK,76.5,2.65907482096e+18
noextinction,ocn_ALK,77.5,2.6590907569e+18
noextinction,ocn_ALK,78.5,2.65910657856e+18
noextinction,ocn_ALK,79.5,2.65912228427e+18
noextinction,ocn_ALK,80.5,2.65913788571e+18
noextinction,ocn_ALK,81.5,2.65915337756e+18
noextinction,ocn_ALK,82.5,2.65916877259e+18
noextinction,ocn_ALK,83.5,2.65918407423e+18
noextinction,ocn_ALK,84.5,2.6591992923e+18
noextinction,ocn_ALK,85.5,2.65921443747e+18
noextinction,ocn_ALK,86.5,2.65922948743e+18
noextinction,ocn_ALK,87.5,2.65924444097e+18
noextinction,ocn_ALK,88.5,2.65925929661e+18
noextinction,ocn_ALK,89.5,2.65927406355e+18
noextinction,ocn_ALK,90.5,2.65928873549e+18
noextinction,ocn_ALK,91.5,2.65930331527e+18
noextinction,ocn_ALK,92.5,2.65931782222e+18
noextinction,ocn_ALK,93.5,2.65933226442e+18
noextinction,ocn_ALK,94.5,2.65934661709e+18
noextinction,ocn_ALK,95.5,2.65936088645e+18
noextinction,ocn_ALK,96.5,2.65937505771e+18
noextinction,ocn_ALK,97.5,2.65938912361e+18
noextinction,ocn_ALK,98.5,2.65940308814e+18
noextinction,ocn_ALK,99.5,2.65941694898e+18
noextinction,ocn_ALK,100.5,2.65943103441e+18
noextinction,ocn_ALK,101.5,2.65912374441e+18
noextinction,ocn_ALK,102.5,2.65735937146e+18
noextinction,ocn_ALK,103.5,2.65595345212e+18
noextinction,ocn_ALK,104.5,2.65574737658e+18
noextinction,ocn_ALK,105.5,2.65562683963e+18
noextinction,ocn_ALK,106.5,2.65553378425e+18
noextinction,ocn_ALK,107.5,2.65546289775e+18
noextinction,ocn_ALK,108.5,2.65541205653e+18
noextinction,ocn_ALK,109.5,2.65537752951e+18
noextinction,ocn_ALK,110.5,2.65535498621e+18
noextinction,ocn_ALK,111.5,2.6553409833e+18
noextinction,ocn_ALK,112.5,2.65533444705e+18
noextinction,ocn_ALK,113.5,2.65533372415e+18
noextinction,ocn_ALK,114.5,2.65533672885e+18
noextinction,ocn_ALK,115.5,2.65534233212e+18
noextinction,ocn_ALK,116.5,2.65535029748e+18
noextinction,ocn_ALK,117.5,2.65536027845e+18
noextinction,ocn_ALK,118.5,2.65537137551e+18
noextinction,ocn_ALK,119.5,2.65538365991e+18
noextinction,ocn_ALK,120.5,2.65539811766e+18
noextinction,ocn_ALK,121.5,2.65541518278e+18
noextinction,ocn_ALK,122.5,2.65543398641e+18
noextinction,ocn_ALK,123.5,2.65545484405e+18
noextinction,ocn_ALK,124.5,2.6554778128e+18
noextinction,ocn_ALK,125.5,2.65550326918e+18
noextinction,ocn_ALK,126.5,2.65553011702e+18
noextinction,ocn_ALK,127.5,2.65555805534e+18
noextinction,ocn_ALK,128.5,2.65558740382e+18
noextinction,ocn_ALK,129.5,2.65561717975e+18
noextinction,ocn_ALK,130.5,2.65564743982e+18
noextinction,ocn_ALK,131.5,2.65567836059e+18
noextinction,ocn_ALK,132.5,2.65570999017e+18
noextinction,ocn_ALK,133.5,2.6557416717e+18
noextinction,ocn_ALK,134.5,2.65577351971e+18
noextinction,ocn_ALK,135.5,2.65580687338e+18
noextinction,ocn_ALK,136.5,2.65584110615e+18
noextinction,ocn_ALK,137.5,2.65587553801e+18
noextinction,ocn_ALK,138.5,2.65590995759e+18
noextinction,ocn_ALK,139.5,2.65594419607e+18
noextinction,ocn_ALK,140.5,2.6559777791e+18
noextinction,ocn_ALK,141.5,2.65601118008e+18
noextinction,ocn_ALK,142.5,2.65604483473e+18
noextinction,ocn_ALK,143.5,2.65607872268e+18
noextinction,ocn_ALK,144.5,2.65611319036e+18
noextinction,ocn_ALK,145.5,2.65614798029e+18
noextinction,ocn_ALK,146.5,2.6561827515e+18
noextinction,ocn_ALK,147.5,2.6562175859e+18
noextinction,ocn_ALK,148.5,2.65625231214e+18
noextinction,ocn_ALK,149.5,2.65628676716e+18
noextinction,ocn_ALK,150.5,2.6563216357e+18
noextinction,ocn_ALK,151.5,2.65635699863e+18
noextinction,ocn_ALK,152.5,2.65639237848e+18
noextinction,ocn_ALK,153.5,2.65642769109e+18
noextinction,ocn_ALK,154.5,2.6564626722e+18
noextinction,ocn_ALK,155.5,2.65649711224e+18
noextinction,ocn_ALK,156.5,2.65653136447e+18
noextinction,ocn_ALK,157.5,2.65656598682e+18
noextinction,ocn_ALK,158.5,2.65660101588e+18
noextinction,ocn_ALK,159.5,2.65663635963e+18
noextinction,ocn_ALK,160.5,2.65667149461e+18
noextinction,ocn_ALK,161.5,2.65670662278e+18
noextinction,ocn_ALK,162.5,2.65674172456e+18
noextinction,ocn_ALK,163.5,2.65677657096e+18
noextinction,ocn_ALK,164.5,2.65681108273e+18
noextinction,ocn_ALK,165.5,2.65684512098e+18
noextinction,ocn_ALK,166.5,2.65687878648e+18
noextinction,ocn_ALK,167.5,2.65691257795e+18
noextinction,ocn_ALK,168.5,2.65694642785e+18
noextinction,ocn_ALK,169.5,2.65698002777e+18
noextinction,ocn_ALK,170.5,2.65701351106e+18
noextinction,ocn_ALK,171.5,2.65704665801e+18
noextinction,ocn_ALK,172.5,2.6570798038e+18
noextinction,ocn_ALK,173.5,2.65711328495e+18
noextinction,ocn_ALK,174.5,2.65714656191e+18
noextinction,ocn_ALK,175.5,2.65717978872e+18
noextinction,ocn_ALK,176.5,2.65721282309e+18
noextinction,ocn_ALK,177.5,2.65724580877e+18
noextinction,ocn_ALK,178.5,2.65727886887e+18
noextinction,ocn_ALK,179.5,2.65731185108e+18
noextinction,ocn_ALK,180.5,2.65734473012e+18
noextinction,ocn_ALK,181.5,2.65737770957e+18
noextinction,ocn_ALK,182.5,2.6574107315e+18
noextinction,ocn_ALK,183.5,2.65744367584e+18
noextinction,ocn_ALK,184.5,2.65747673086e+18
noextinction,ocn_ALK,185.5,2.6575096169e+18
noextinction,ocn_ALK,186.5,2.65754225706e+18
noextinction,ocn_ALK,187.5,2.65757469753e+18
noextinction,ocn_ALK,188.5,2.65760685648e+18
noextinction,ocn_ALK,189.5,2.65763894308e+18
noextinction,ocn_ALK,190.5,2.65767077463e+18
noextinction,ocn_ALK,191.5,2.65770239019e+18
noextinction,ocn_ALK,192.5,2.65773404257e+18
noextinction,ocn_ALK,193.5,2.65776508427e+18
noextinction,ocn_ALK,194.5,2.6577956667e+18
noextinction,ocn_ALK,195.5,2.65782609085e+18
noextinction,ocn_ALK,196.5,2.65785593003e+18
noextinction,ocn_ALK,197.5,2.65788530974e+18
noextinction,ocn_ALK,198.5,2.65791407478e+18
noextinction,ocn_ALK,199.5,2.65794218239e+18
